step,time,A_chain_abs_rms,A_chain_rel_rms,A_chain_max_norm,A_chain_mean_norm,A_chain_work_defect,delta_K,delta_W,delta_total_energy,particle_work,grid_work,deposit_gather_work_residual,particle_energy_residual,field_energy_residual,crossing_particles,total_crossings,avg_path_segments,max_path_segments
1,0.10000000000000001,4.7846027467846677e-20,3.7776311672414369e-16,2.7105054312137611e-19,6.4761831313154781e-20,8.0978140714435155e-20,0.038136705134014015,-0.038136705134017124,-3.1086244689504383e-15,0.03813670513401398,0.038136705134014112,-1.3183898417423734e-16,3.4694469519536142e-17,-3.0114799542957371e-15,64,64,1.0625,2
2,0.20000000000000001,3.9427108304833087e-19,6.2499615057750801e-16,1.951563910473908e-18,5.5904588109090099e-19,7.660759425336837e-19,0.11242884876798609,-0.11242884876798831,-2.2204460492503131e-15,0.11242884876798537,0.11242884876798544,-6.9388939039072284e-17,7.2164496600635175e-16,-2.8727020762175925e-15,276,276,1.26953125,2
3,0.30000000000000004,1.1274176870861061e-18,6.9302346833356293e-16,6.0715321659188248e-18,1.5840213013321492e-18,4.2695202139226845e-18,0.18072028061014933,-0.18072028061015155,-2.2204460492503131e-15,0.18072028061014953,0.18072028061014958,-5.5511151231257827e-17,-1.9428902930940239e-16,-1.9706458687096529e-15,254,254,1.248046875,2
4,0.40000000000000002,3.0935477315707813e-18,1.0011005879038017e-15,1.9081958235744878e-17,4.4143651441749896e-18,1.3475977174905479e-17,0.23944819945195039,-0.23944819945195306,-2.6645352591003757e-15,0.23944819945195106,0.23944819945195114,-8.3266726846886741e-17,-6.6613381477509392e-16,-1.915134717478395e-15,200,200,1.1953125,2
5,0.5,6.0831528054566155e-18,1.2199258916688548e-15,3.2959746043559335e-17,8.4181376846133576e-18,3.6218837479081738e-17,0.28568408766450304,-0.2856840876645057,-2.6645352591003757e-15,0.28568408766450298,0.28568408766450321,-2.2204460492503131e-16,5.5511151231257827e-17,-2.4980018054066022e-15,226,226,1.220703125,2
6,0.60000000000000009,1.2473562099486205e-17,1.7159340050136642e-15,6.2450045135165055e-17,1.8255019159930716e-17,1.0690413485052043e-16,0.31725068125718892,-0.31725068125719047,-1.5543122344752192e-15,0.31725068125718814,0.31725068125718869,-5.5511151231257827e-16,7.7715611723760958e-16,-1.7763568394002505e-15,224,224,1.21875,2
7,0.70000000000000007,1.4904085244913294e-17,1.506736298683091e-15,8.6736173798840355e-17,2.0504546761936025e-17,1.1103191291410866e-16,0.33270043602688038,-0.33270043602688215,-1.7763568394002505e-15,0.33270043602688049,0.33270043602688054,-5.5511151231257827e-17,-1.1102230246251565e-16,-1.609823385706477e-15,208,208,1.203125,2
8,0.80000000000000004,2.2463823609731845e-17,1.7564787869943164e-15,1.1796119636642288e-16,3.1728365279043495e-17,2.1027619780825229e-16,0.33191823580935331,-0.33191823580935442,-1.1102230246251565e-15,0.33191823580935315,0.33191823580935337,-2.2204460492503131e-16,1.6653345369377348e-16,-1.0547118733938987e-15,242,242,1.236328125,2
9,0.90000000000000002,2.5081052042744086e-17,1.5759503678863423e-15,1.5265566588595902e-16,3.4262363602428241e-17,2.3980681787969609e-16,0.31544573894415429,-0.31544573894415417,1.1102230246251565e-16,0.31544573894415373,0.31544573894415373,0,5.5511151231257827e-16,-4.4408920985006262e-16,244,244,1.23828125,2
10,1,5.120719491689421e-17,2.6642686375377632e-15,2.7061686225238191e-16,7.3102516768292348e-17,5.4748146627554618e-16,0.28471960376506722,-0.28471960376506755,-3.3306690738754696e-16,0.28471960376506711,0.28471960376506716,-5.5511151231257827e-17,1.1102230246251565e-16,-3.8857805861880479e-16,216,216,1.2109375,2
11,1.1000000000000001,5.8243656278514616e-17,2.5738957510509787e-15,3.3306690738754696e-16,8.2141284757781792e-17,6.2465171129942321e-16,0.24234432440558074,-0.24234432440558068,5.5511151231257827e-17,0.24234432440558046,0.24234432440558049,-2.7755575615628914e-17,2.7755575615628914e-16,-1.9428902930940239e-16,240,240,1.234375,2
12,1.2000000000000002,8.8993403587878356e-17,3.4052466130101217e-15,3.8857805861880479e-16,1.2961532416434779e-16,1.1416049693856919e-15,0.19136750828953453,-0.19136750828953356,9.7144514654701197e-16,0.19136750828953372,0.19136750828953358,1.3877787807814457e-16,8.0491169285323849e-16,2.7755575615628914e-17,244,244,1.23828125,2
13,1.3,7.1078865495498161e-17,2.3933004800359925e-15,4.163336342344337e-16,9.8483303167395822e-17,6.141420516094978e-16,0.13545328178301119,-0.13545328178301069,4.9960036108132044e-16,0.13545328178301064,0.1354532817830108,-1.6653345369377348e-16,5.5511151231257827e-16,1.1102230246251565e-16,230,230,1.224609375,2
14,1.4000000000000001,1.1422553829545719e-16,3.4314797708058817e-15,5.9674487573602164e-16,1.6276331004554459e-16,1.1829518081453128e-15,0.078622749718418206,-0.078622749718415624,2.581268532253489e-15,0.078622749718415652,0.078622749718415694,-4.163336342344337e-17,2.55351295663786e-15,6.9388939039072284e-17,254,254,1.248046875,2
15,1.5,1.310225803830737e-16,3.5499585396307244e-15,7.4940054162198066e-16,1.8235306453316842e-16,1.3242346707240335e-15,0.024802422660130219,-0.024802422660128803,1.4155343563970746e-15,0.024802422660128817,0.024802422660128796,2.0816681711721685e-17,1.4016565685892601e-15,-6.9388939039072284e-18,246,246,1.240234375,2
16,1.6000000000000001,1.5386478123986161e-16,3.7999862448810196e-15,8.3266726846886741e-16,2.1572788319066197e-16,1.2934488403395878e-15,-0.022423549629621675,0.02242354962962129,-3.8510861166685117e-16,-0.02242354962962138,-0.022423549629621384,3.4694469519536142e-18,-2.9490299091605721e-16,-9.3675067702747583e-17,258,258,1.251953125,2
17,1.7000000000000002,2.1426794141747757e-16,4.8685464909764477e-15,9.5756735873919752e-16,3.0607302614973648e-16,2.1047054062436312e-15,-0.060179653877440842,0.060179653877443937,3.0947466811426239e-15,-0.060179653877444041,-0.06017965387744411,6.9388939039072284e-17,3.1988300897012323e-15,-1.7347234759768071e-16,252,252,1.24609375,2
18,1.8,2.5197889245573244e-16,5.3101310246821356e-15,1.1657341758564144e-15,3.6287314976847854e-16,2.1190925241662295e-15,-0.086555906289452977,0.086555906289454115,1.1379786002407855e-15,-0.086555906289454851,-0.086555906289454837,-1.3877787807814457e-17,1.8735013540549517e-15,-7.2164496600635175e-16,218,218,1.212890625,2
19,1.9000000000000001,2.5934298345765086e-16,5.1181019511348558e-15,1.2073675392798577e-15,3.7163223806669645e-16,1.7776949836529275e-15,-0.10075523131082598,0.10075523131082836,2.3869795029440866e-15,-0.10075523131082882,-0.10075523131082884,1.3877787807814457e-17,2.8449465006019636e-15,-4.7184478546569153e-16,252,252,1.24609375,2
20,2,3.5006169804813877e-16,6.5272945529018363e-15,1.4432899320127035e-15,5.1325736445747715e-16,2.5152015058685556e-15,-0.10301133548597008,0.10301133548596964,-4.4408920985006262e-16,-0.10301133548597079,-0.10301133548597093,1.3877787807814457e-16,7.0776717819853729e-16,-1.2906342661267445e-15,246,246,1.240234375,2
21,2.1000000000000001,3.4298887665719795e-16,6.1026186847295311e-15,1.6653345369377348e-15,4.9217002924932811e-16,1.7117367657296936e-15,-0.094582716422484836,0.094582716422486723,1.8873791418627661e-15,-0.094582716422487431,-0.094582716422487417,-1.3877787807814457e-17,2.5951463200613034e-15,-6.9388939039072284e-16,238,238,1.232421875,2
22,2.2000000000000002,3.2448065605287675e-16,5.5646069358042501e-15,1.7763568394002505e-15,4.5567630293114622e-16,7.7263076914363829e-16,-0.077423862277406386,0.077423862277406719,3.3306690738754696e-16,-0.077423862277407912,-0.077423862277407968,5.5511151231257827e-17,1.5265566588595902e-15,-1.2490009027033011e-15,254,254,1.248046875,2
23,2.3000000000000003,4.4926742847855855e-16,7.5095152807670235e-15,2.3592239273284576e-15,6.3704725923175289e-16,1.1156041289370195e-15,-0.053969716565607229,0.053969716565606674,-5.5511151231257827e-16,-0.05396971656560795,-0.053969716565607971,2.0816681711721685e-17,7.2164496600635175e-16,-1.2975731600306517e-15,230,230,1.224609375,2
24,2.4000000000000004,3.5385315765124894e-16,5.8197501767312909e-15,2.2343238370581275e-15,4.8597016497445536e-16,1.9170609541916026e-16,-0.026820801591165733,0.026820801591164734,-9.9920072216264089e-16,-0.02682080159116644,-0.026820801591166524,8.3266726846886741e-17,7.0776717819853729e-16,-1.7902346272080649e-15,230,230,1.224609375,2
25,2.5,3.8758420478014783e-16,6.3390122450260569e-15,1.9984014443252818e-15,5.4911271910100491e-16,8.1999736581477207e-17,0.0013070072139456101,-0.0013070072139483857,-2.7755575615628914e-15,0.0013070072139467785,0.0013070072139468752,-9.6710833785706996e-17,-1.1683362610703796e-15,-1.5105104667068048e-15,250,250,1.244140625,2
26,2.6000000000000001,4.2205075836223506e-16,6.919665040135927e-15,2.3592239273284576e-15,5.9296763818685949e-16,-5.9743714823356878e-16,0.02801238778430104,-0.028012387784300929,1.1102230246251565e-16,0.028012387784300246,0.028012387784300329,-8.3266726846886741e-17,7.9450335199737765e-16,-6.0021432268797525e-16,252,252,1.24609375,2
27,2.7000000000000002,4.9461200553468943e-16,8.1809902422413822e-15,2.6298407895808396e-15,7.0969851919739551e-16,-1.7532611522637385e-15,0.05142430113486185,-0.051424301134865402,-3.5527136788005009e-15,0.051424301134864542,0.051424301134864639,-9.7144514654701197e-17,-2.6922908347160046e-15,-7.6327832942979512e-16,208,208,1.203125,2
28,2.8000000000000003,4.8798567242194809e-16,8.1901780238046971e-15,2.581268532253489e-15,6.9504071992427825e-16,-1.5279795984158777e-15,0.069445594269057054,-0.069445594269058886,-1.8318679906315083e-15,0.069445594269057456,0.069445594269057498,-4.163336342344337e-17,-4.0245584642661925e-16,-1.3877787807814457e-15,246,246,1.240234375,2
29,2.9000000000000004,7.022293721374972e-16,1.1919141953453308e-14,2.7651492207070305e-15,1.0323264734289723e-15,-3.6784360854727886e-15,0.0814393247958769,-0.081439324795882118,-5.2180482157382357e-15,0.081439324795881285,0.08143932479588141,-1.2490009027033011e-16,-4.3853809472693683e-15,-7.0776717819853729e-16,244,244,1.23828125,2
30,3,5.1321630975655098e-16,8.8469806838834209e-15,2.7616797737550769e-15,7.3394470496365184e-16,-2.2051911955795501e-15,0.086288378861318904,-0.086288378861322623,-3.7192471324942744e-15,0.086288378861321929,0.086288378861321888,4.163336342344337e-17,-3.0253577421035516e-15,-7.3552275381416621e-16,228,228,1.22265625,2
31,3.1000000000000001,6.5693600480754004e-16,1.1385943173679067e-14,3.1086244689504383e-15,9.3705809704776994e-16,-3.5045607789864634e-15,0.08413807639758808,-0.084138076397590578,-2.4980018054066022e-15,0.084138076397590078,0.084138076397590106,-2.7755575615628914e-17,-1.9984014443252818e-15,-4.7184478546569153e-16,278,278,1.271484375,2
32,3.2000000000000002,4.63484448519914e-16,8.0461098489343997e-15,2.886579864025407e-15,6.5078600128731963e-16,-2.0928906281723089e-15,0.075522283893173281,-0.075522283893175252,-1.9706458687096529e-15,0.075522283893175182,0.075522283893175265,-8.3266726846886741e-17,-1.9012569296705806e-15,1.3877787807814457e-17,256,256,1.25,2
33,3.3000000000000003,5.9326855274230557e-16,1.0245990548260661e-14,3.0253577421035516e-15,8.4435123432584832e-16,-4.0943041245437926e-15,0.063136873293711204,-0.063136873293715909,-4.7045700668491008e-15,0.063136873293715798,0.063136873293715728,6.9388939039072284e-17,-4.5935477643865852e-15,-1.8041124150158794e-16,210,210,1.205078125,2
34,3.4000000000000004,6.3312470214644828e-16,1.0831299392448289e-14,2.886579864025407e-15,9.1117774649824364e-16,-3.9891815514769389e-15,0.04677029590907722,-0.046770295909080835,-3.615163723935666e-15,0.046770295909080661,0.04677029590908062,4.163336342344337e-17,-3.4416913763379853e-15,-2.1510571102112408e-16,256,256,1.25,2
35,3.5,5.4939507606394362e-16,9.2372340973616828e-15,2.9864890942199462e-15,7.5995430744697323e-16,-2.6106762856379691e-15,0.027483397997391634,-0.027483397997394812,-3.1780134079895106e-15,0.02748339799739485,0.027483397997394864,-1.3877787807814457e-17,-3.2161773244610004e-15,5.2041704279304213e-17,224,224,1.21875,2
36,3.6000000000000001,5.7749885241432559e-16,9.5942084960196663e-15,3.1242369802342296e-15,7.8946869403801649e-16,-2.9117089163511017e-15,0.010037466945028939,-0.010037466945032518,-3.578734530940153e-15,0.010037466945032604,0.01003746694503259,1.3877787807814457e-17,-3.6654707047389934e-15,7.2858385991025898e-17,276,276,1.26953125,2
37,3.7000000000000002,6.0985746057031436e-16,1.0071233223450457e-14,3.4035274598664955e-15,8.7195771559914823e-16,-3.8905346769590064e-15,-0.0063734810599704872,0.0063734810599660723,-4.4148712463609741e-15,-0.0063734810599660524,-0.0063734810599660558,3.4694469519536142e-18,-4.4348205663347073e-15,1.6479873021779667e-17,236,236,1.23046875,2
38,3.8000000000000003,6.5724990148653925e-16,1.0777215105990501e-14,3.6845526629747383e-15,9.3401505839286496e-16,-4.0282527183194094e-15,-0.019405737477724117,0.019405737477721924,-2.1926904736346842e-15,-0.019405737477721837,-0.019405737477721834,-3.4694469519536142e-18,-2.2794266474335245e-15,9.0205620750793969e-17,260,260,1.25390625,2
39,3.9000000000000004,4.2872934646114906e-16,7.0303568689161508e-15,2.4424906541753444e-15,5.8600359799233065e-16,-7.9012674959051056e-16,-0.02821330052828408,0.02821330052828188,-2.1996293675385914e-15,-0.0282133005282818,-0.028213300528281793,-6.9388939039072284e-18,-2.2794266474335245e-15,8.6736173798840355e-17,248,248,1.2421875,2
40,4,7.6098518886357274e-16,1.2572383796304285e-14,3.7261860263981816e-15,1.1079796578643535e-15,-3.0043895837088015e-15,-0.033226088876311621,0.033226088876308013,-3.6082248300317588e-15,-0.033226088876307985,-0.033226088876307958,-2.7755575615628914e-17,-3.6359804056473877e-15,5.5511151231257827e-17,266,266,1.259765625,2
41,4.1000000000000005,4.3868053039889463e-16,7.3203660764740483e-15,2.6229018956769323e-15,5.9188962994280079e-16,-4.4692213022341782e-16,-0.033520985513064261,0.033520985513064802,5.4123372450476381e-16,-0.033520985513064629,-0.033520985513064615,-1.3877787807814457e-17,3.677613769070831e-16,1.8735013540549517e-16,238,238,1.232421875,2
42,4.2000000000000002,7.8960877360565113e-16,1.333637180853713e-14,3.3445468616832841e-15,1.1655025652848995e-15,-2.4982093699203828e-15,-0.029851578165589032,0.029851578165586728,-2.3037127760971998e-15,-0.029851578165586836,-0.029851578165586812,-2.4286128663675299e-17,-2.1961599205866378e-15,-8.3266726846886741e-17,236,236,1.23046875,2
43,4.2999999999999998,6.3302648176635373e-16,1.080585126335099e-14,2.7755575615628914e-15,9.1685599067884045e-16,-7.8681119822888898e-16,-0.023342376907274698,0.023342376907273171,-1.5265566588595902e-15,-0.023342376907273182,-0.023342376907273261,7.9797279894933126e-17,-1.5161483180037294e-15,-9.0205620750793969e-17,224,224,1.21875,2
44,4.4000000000000004,5.3470727244898739e-16,9.2622848364903123e-15,2.7061686225238191e-15,7.5431259156222676e-16,-5.9414787995635774e-16,-0.014693431377009958,0.014693431377009764,-1.9428902930940239e-16,-0.014693431377009831,-0.014693431377009885,5.377642775528102e-17,-1.2663481374630692e-16,-1.214306433183765e-16,250,250,1.244140625,2
45,4.5,4.961698421551224e-16,8.6595610517104615e-15,2.6090241078691179e-15,7.1546956642527587e-16,6.9285956226654772e-17,-0.0055415644345089277,0.0055415644345089554,2.7755575615628914e-17,-0.0055415644345089147,-0.0055415644345089615,4.6837533851373792e-17,-1.3010426069826053e-17,-6.0715321659188248e-18,262,262,1.255859375,2
46,4.6000000000000005,4.5732391593878292e-16,8.0222898850879143e-15,2.581268532253489e-15,6.4378797389578221e-16,1.6941458108278906e-16,0.0048058915923192558,-0.0048058915923198386,-5.8286708792820718e-16,0.0048058915923196817,0.0048058915923196556,2.6020852139652106e-17,-4.2587461335230614e-16,-1.8301332671555315e-16,240,240,1.234375,2
47,4.7000000000000002,4.6613271183692144e-16,8.2389591107794713e-15,3.2265856653168612e-15,6.5409588840783421e-16,5.9188700301781982e-16,0.013258685114845292,-0.013258685114844321,9.7144514654701197e-16,0.01325868511484414,0.013258685114844172,-3.1225022567582528e-17,1.1518563880485999e-15,-1.4918621893400541e-16,216,216,1.2109375,2
48,4.8000000000000007,4.737709185949227e-16,8.409783112181726e-15,2.3037127760971998e-15,6.713654078946917e-16,6.4305585508941255e-16,0.02061944444671937,-0.020619444446719426,-5.5511151231257827e-17,0.020619444446719072,0.020619444446719138,-6.591949208711867e-17,2.9837243786801082e-16,-2.8796409701214998e-16,264,264,1.2578125,2
49,4.9000000000000004,4.8050966497263378e-16,8.576585049104811e-15,2.5049406993105094e-15,6.7825914435459844e-16,1.0024457897060475e-15,0.025091972753880754,-0.025091972753879421,1.3322676295501878e-15,0.025091972753879661,0.025091972753879626,3.4694469519536142e-17,1.0928757898653885e-15,2.0469737016526324e-16,236,236,1.23046875,2
50,5,3.4230560026066497e-16,6.1827182300737884e-15,2.0539125955565396e-15,4.8327426424413683e-16,7.0379237834727873e-16,0.027348957546843522,-0.027348957546843147,3.7470027081099033e-16,0.02734895754684322,0.02734895754684321,1.0408340855860843e-17,3.0184188481996443e-16,6.2450045135165055e-17,272,272,1.265625,2
51,5.1000000000000005,3.9851488818647618e-16,7.3078200832890124e-15,1.9012569296705806e-15,5.6428874371916419e-16,1.4059940853128372e-15,0.026599725384748751,-0.026599725384746892,1.8596235662471372e-15,0.026599725384746645,0.026599725384746645,0,2.1059542998358438e-15,-2.4633073358870661e-16,222,222,1.216796875,2
52,5.2000000000000002,3.9200044059397502e-16,7.3323792235330047e-15,2.0539125955565396e-15,5.5356494926490013e-16,9.2050678387567563e-16,0.02419380198008092,-0.024193801980080185,7.3552275381416621e-16,0.024193801980080164,0.024193801980080115,4.8572257327350599e-17,7.5633943552588789e-16,-6.9388939039072284e-17,254,254,1.248046875,2
53,5.3000000000000007,3.0984036201459077e-16,5.9286159598359647e-15,2.0539125955565396e-15,4.2722960137011701e-16,9.6425668598315342e-16,0.020461299066989014,-0.020461299066988348,6.6613381477509392e-16,0.020461299066988185,0.020461299066988192,-6.9388939039072284e-18,8.2919782151691379e-16,-1.5612511283791264e-16,232,232,1.2265625,2
54,5.4000000000000004,3.5835319074284282e-16,7.0365483696004528e-15,1.7208456881689926e-15,5.1055503818816031e-16,1.3336672675431784e-15,0.015697468250872149,-0.015697468250870983,1.1657341758564144e-15,0.015697468250870962,0.015697468250870983,-2.0816681711721685e-17,1.1865508575681361e-15,0,268,268,1.26171875,2
55,5.5,3.8929036959074561e-16,7.9124606553218528e-15,1.8179902028236938e-15,5.5934477122471845e-16,1.1298374738782507e-15,0.0093527144102125703,-0.0093527144102105199,2.050443148604586e-15,0.0093527144102105424,0.0093527144102105407,1.7347234759768071e-18,2.0278917434168875e-15,2.0816681711721685e-17,232,232,1.2265625,2
56,5.6000000000000005,2.7590151289681989e-16,5.7599038967395105e-15,1.5126788710517758e-15,3.8831513760674358e-16,9.2692620430290408e-16,0.004761770012557065,-0.0047617700125562826,7.8236028766554e-16,0.0047617700125563269,0.0047617700125563199,6.9388939039072284e-18,7.3812483902813142e-16,3.7296554733501353e-17,222,222,1.216796875,2
57,5.7000000000000002,3.1148703108409318e-16,6.7309040159735662e-15,1.6930901125533637e-15,4.5135078112066249e-16,1.0915304344648032e-15,0.00053407605479804943,-0.00053407605479823678,-1.8735013540549517e-16,0.00053407605479824588,0.00053407605479825174,-5.8546917314217239e-18,-1.964574336543734e-16,1.4961989980299961e-17,264,264,1.2578125,2
58,5.8000000000000007,2.1413814558281912e-16,4.7862687786435984e-15,1.3045120539345589e-15,3.056568021003896e-16,4.1784897071548507e-16,-0.0023023542215270254,0.0023023542215288421,1.8166891602167112e-15,-0.0023023542215288447,-0.0023023542215288399,-4.7704895589362195e-18,1.8192912454306764e-15,2.1684043449710089e-18,238,238,1.232421875,2
59,5.9000000000000004,2.0189014801335196e-16,4.6159761863426858e-15,1.3183898417423734e-15,2.8205057619556348e-16,6.7455668101392664e-16,-0.0051013756923143916,0.0051013756923146579,2.6628005356243989e-16,-0.0051013756923146917,-0.0051013756923146882,-3.4694469519536142e-18,3.0010716134398763e-16,-3.0357660829594124e-17,208,208,1.203125,2
60,6,1.8964801531421848e-16,4.4592974022506227e-15,1.016547956922409e-15,2.6757506105967331e-16,3.6372180568711682e-16,-0.0061192406783963094,0.0061192406783952442,-1.0651202142497596e-15,-0.0061192406783954194,-0.0061192406783954368,1.7347234759768071e-17,-8.8991314317610204e-16,-1.9255430583342559e-16,266,266,1.259765625,2
61,6.1000000000000005,1.5231597794729687e-16,3.6682413523280007e-15,9.5756735873919752e-16,2.0680830861871896e-16,2.9529116427215813e-16,-0.0074725170035989663,0.0074725170035992439,2.7755575615628914e-16,-0.0074725170035994711,-0.0074725170035994477,-2.3418766925686896e-17,5.0480453150925086e-16,-2.0383000842727483e-16,252,252,1.24609375,2
62,6.2000000000000002,1.8138735939435424e-16,4.4362398944589681e-15,8.9511731360403246e-16,2.6374435455571573e-16,-7.9672959137464558e-17,-0.0055352551100558145,0.005535255110056321,5.0653925498522767e-16,-0.00553525511005638,-0.0055352551100563913,1.1275702593849246e-17,5.6551985316843911e-16,-7.0256300777060687e-17,260,260,1.25390625,2
63,6.3000000000000007,1.1009200569599742e-16,2.7196830064483848e-15,5.5511151231257827e-16,1.5379467042838739e-16,-9.4123192729842088e-17,-0.0028231169468284634,0.0028231169468286924,2.2898349882893854e-16,-0.002823116946828806,-0.0028231169468288186,1.2576745200831851e-17,3.426078865054194e-16,-1.2620113287731272e-16,214,214,1.208984375,2
64,6.4000000000000004,9.8377955883942304e-17,2.4570716348601417e-15,5.2735593669694936e-16,1.3530681646963525e-16,-5.706639355001139e-17,-0.003001579752606176,0.0030015797526061205,-5.5511151231257827e-17,-0.0030015797526061505,-0.0030015797526061422,-8.2399365108898337e-18,-2.5587171270657905e-17,-2.1684043449710089e-17,234,234,1.228515625,2
65,6.5,8.1165026003702012e-17,2.0397170474464625e-15,4.3021142204224816e-16,1.1351676155262037e-16,2.4559735781391246e-17,-0.00048309805868917977,0.00048309805868849282,-6.8695049648681561e-16,-0.00048309805868846983,-0.0004830980586884784,8.565197162635485e-18,-7.099355825435083e-16,1.4419888894057209e-17,284,284,1.27734375,2
66,6.6000000000000005,4.9106370705761748e-17,1.237519250490707e-15,3.3306690738754696e-16,6.6178674242811135e-17,-5.131525191946889e-17,0.0027890243359394162,-0.0027890243359389444,4.7184478546569153e-16,0.0027890243359389661,0.0027890243359389734,-7.3725747729014302e-18,4.5016074201598144e-16,2.9056618222611519e-17,192,192,1.1875,2
67,6.7000000000000002,3.9811970970234723e-17,9.9946234623898912e-16,3.4000580129145419e-16,5.4144739022006994e-17,1.7399360027161671e-18,0.0032193749525788462,-0.0032193749525787456,1.0061396160665481e-16,0.0032193749525786918,0.0032193749525786701,2.1684043449710089e-17,1.5439038936193583e-16,-7.5460471204991109e-17,252,252,1.24609375,2
68,6.8000000000000007,2.1617057313233261e-17,5.4303284766184818e-16,2.0122792321330962e-16,2.8353210299476026e-17,1.0576818941677116e-17,0.0038477749162755259,-0.0038477749162752761,2.4980018054066022e-16,0.0038477749162753793,0.0038477749162753685,1.0842021724855044e-17,1.465841337200402e-16,9.2374025095764978e-17,276,276,1.26953125,2
69,6.9000000000000004,1.961098208655638e-17,4.8855210753729758e-16,1.2836953722228372e-16,2.5975165300059578e-17,1.7001341598714392e-17,0.0033830446333791286,-0.003383044633379368,-2.3939183968479938e-16,0.0033830446333793299,0.0033830446333793394,-9.540979117872439e-18,-2.0122792321330962e-16,-2.8622937353617317e-17,232,232,1.2265625,2
70,7,3.8170437337414523e-17,9.4254900022849246e-16,3.1918911957973251e-16,5.1988288264067989e-17,-4.402689229108743e-18,0.0040788702204608285,-0.0040788702204619977,-1.169203622808368e-15,0.0040788702204618589,0.0040788702204618728,-1.3877787807814457e-17,-1.0304257447302234e-15,-1.2490009027033011e-16,224,224,1.21875,2
71,7.1000000000000005,5.7897819001030787e-17,1.4077389175750629e-15,3.8857805861880479e-16,7.8609289716629368e-17,1.2486303973777e-16,0.0042292108045334231,-0.004229210804533751,-3.2786273695961654e-16,0.0042292108045335741,0.0042292108045335897,-1.5612511283791264e-17,-1.5092094240998222e-16,-1.6132928326584306e-16,248,248,1.2421875,2
72,7.2000000000000002,1.020424915515239e-16,2.437735272145856e-15,6.4531713306337224e-16,1.482985284052829e-16,1.3992053645079228e-16,0.0045337319122218389,-0.0045337319122202863,1.5525775109992423e-15,0.0045337319122202534,0.0045337319122202395,1.3877787807814457e-17,1.5855372570428017e-15,-4.6837533851373792e-17,232,232,1.2265625,2
73,7.3000000000000007,1.0409420752170653e-16,2.442863569555608e-15,5.4817261840867104e-16,1.4659214082836971e-16,2.1864442415803668e-16,0.0016637966665982162,-0.001663796666599565,-1.3487475025719675e-15,0.0016637966665996378,0.0016637966665996528,-1.4961989980299961e-17,-1.4216058885629934e-15,8.7820375971325859e-17,276,276,1.26953125,2
74,7.4000000000000004,1.5132149630051117e-16,3.5074845215587938e-15,7.7715611723760958e-16,2.1858374741655844e-16,1.4338858439019357e-16,0.0011781127044798723,-0.00117811270447854,1.3322676295501878e-15,0.0011781127044787176,0.001178112704478708,9.540979117872439e-18,1.1546753136970622e-15,1.6805133673525319e-16,214,214,1.208984375,2
75,7.5,1.4867519006346298e-16,3.362375866243231e-15,8.6389229103644993e-16,2.0530119877753715e-16,9.8971065520021758e-17,0.0020399439140916797,-0.0020399439140917994,-1.1969591984239969e-16,0.0020399439140918242,0.0020399439140918233,8.6736173798840355e-19,-1.4441572937506919e-16,2.3852447794681098e-17,226,226,1.220703125,2
76,7.6000000000000005,1.772263535265473e-16,3.9718600860845597e-15,8.7430063189231078e-16,2.518853903683431e-16,1.209631283036215e-16,-0.00028480296244914882,0.00028480296244907943,-6.9388939039072284e-17,-0.00028480296244912681,-0.00028480296244913093,4.1199682554449168e-18,-2.200930410145574e-17,-5.1499603193061461e-17,260,260,1.25390625,2
77,7.7000000000000002,1.9305853271022787e-16,4.2841221774728836e-15,1.0408340855860843e-15,2.7608979358749816e-16,3.309359785645441e-17,-0.00039776215756859301,0.00039776215756883674,2.437286483747414e-16,-0.0003977621575688337,-0.00039776215756882975,-3.9573379295720912e-18,2.4069288229178198e-16,6.9931040125315036e-18,240,240,1.234375,2
78,7.8000000000000007,2.1222455361307166e-16,4.6364940774225972e-15,1.2628786905111156e-15,3.0207799525401157e-16,1.9610122732478884e-16,0.00032964513662392392,-0.00032964513662458485,-6.609296443471635e-16,0.00032964513662459493,0.0003296451366245977,-2.7647155398380363e-18,-6.7101272455127869e-16,1.2847795743953228e-17,236,236,1.23046875,2
79,7.9000000000000004,2.1941737578126235e-16,4.7804596674581604e-15,1.1657341758564144e-15,3.1060973461523051e-16,6.6455052869018743e-17,-0.00076253569303297297,0.00076253569303347604,5.0306980803327406e-16,-0.0007625356930335553,-0.00076253569303354803,-7.2641545556528797e-18,5.8232498684196443e-16,-7.1991024253037494e-17,260,260,1.25390625,2
80,8,2.3204502109703292e-16,5.0181435493059121e-15,1.6375789613221059e-15,3.2524646394378482e-16,2.8361842887948452e-16,-0.00062150703598184975,0.00062150703598292181,1.0720591081536668e-15,-0.0006215070359829422,-0.00062150703598294762,5.4210108624275222e-18,1.0924421089963943e-15,-2.5804011705155006e-17,250,250,1.244140625,2
81,8.0999999999999996,2.5992647992692156e-16,5.5907113066482691e-15,1.5543122344752192e-15,3.704709294262312e-16,-1.1020904314285171e-16,0.00076151166071269927,-0.00076151166071248763,2.1163626406917047e-16,0.00076151166071252753,0.00076151166071252677,7.589415207398531e-19,1.717376241217039e-16,3.913969842672671e-17,238,238,1.232421875,2
82,8.2000000000000011,3.7885127840685473e-16,8.1548550588023437e-15,1.6237011735142914e-15,5.4575031593776056e-16,8.1682008878825138e-17,0.0011635891826493605,-0.0011635891826493544,6.0715321659188248e-18,0.0011635891826492955,0.0011635891826493026,-7.1557343384043293e-18,6.5052130349130266e-17,-5.1824863844807112e-17,242,242,1.236328125,2
83,8.3000000000000007,3.4447858944434752e-16,7.2879667424495233e-15,1.9081958235744878e-15,4.9153901617340326e-16,-1.8897244893712389e-16,0.0019552543114418341,-0.0019552543114427891,-9.5496527352523231e-16,0.0019552543114428229,0.0019552543114428264,-3.4694469519536142e-18,-9.8879238130678004e-16,3.7296554733501353e-17,230,230,1.224609375,2
84,8.4000000000000004,4.2678519783514465e-16,8.8706011062935402e-15,2.2872329030754202e-15,6.0267119469104556e-16,-1.1960692389742572e-16,0.0002528701506250286,-0.00025287015062521075,-1.8214596497756474e-16,0.00025287015062531765,0.00025287015062532058,-2.927345865710862e-18,-2.8904829918463548e-16,1.098296800727816e-16,248,248,1.2421875,2
85,8.5,4.3170760472116923e-16,8.8788146909679366e-15,2.095545958979983e-15,6.2291385276232484e-16,2.6230403861328203e-16,-0.0019527160601242599,0.0019527160601248827,6.2276572787567375e-16,-0.0019527160601248792,-0.0019527160601248812,1.951563910473908e-18,6.1929628092372013e-16,1.5178830414797062e-18,252,252,1.24609375,2
86,8.5999999999999996,3.7814507250228182e-16,7.5999516543759089e-15,2.0677903833643541e-15,5.2822626305025315e-16,-3.0169350771038574e-16,-0.0020787623977476244,0.002078762397746594,-1.0304257447302234e-15,-0.0020787623977465827,-0.0020787623977465801,-2.6020852139652106e-18,-1.0417014473240727e-15,1.3877787807814457e-17,240,240,1.234375,2
87,8.7000000000000011,4.1459838113087349e-16,8.2496746438696149e-15,2.2065682614424986e-15,5.9236281034040562e-16,6.2772325573105592e-16,-0.0011731324004600197,0.0011731324004613797,1.3600232051658168e-15,-0.0011731324004614642,-0.0011731324004614599,-4.3368086899420177e-18,1.4445909746196861e-15,-8.0230960763927328e-17,232,232,1.2265625,2
88,8.8000000000000007,3.4117463074492834e-16,6.7053182042100365e-15,2.0990154059319366e-15,4.7128341437989874e-16,-1.4773561934900746e-16,0.0018709950169206735,-0.0018709950169215834,-9.0986246314983532e-16,0.0018709950169215706,0.0018709950169215671,3.4694469519536142e-18,-8.9706887751450637e-16,-1.6263032587282567e-17,238,238,1.232421875,2
89,8.9000000000000004,4.0739682237351336e-16,7.9540249828943414e-15,2.4320823133194835e-15,5.7002125094794448e-16,-2.2447754911057343e-16,0.0018469789122104174,-0.0018469789122095509,8.6649437625041514e-16,0.001846978912209541,0.0018469789122095418,-8.6736173798840355e-19,8.7646903623728178e-16,-9.1072982488782372e-18,260,260,1.25390625,2
90,9,4.2180757473801756e-16,8.1932830137212351e-15,2.5743296383495817e-15,5.8527199975391935e-16,2.7475247256048017e-16,-0.00045163440286621892,0.0004516344028665702,3.5128150388530344e-16,-0.00045163440286653665,-0.0004516344028665367,5.4210108624275222e-20,3.1772544664687707e-16,3.3501847129802087e-17,236,236,1.23046875,2
91,9.0999999999999996,4.3155610026583618e-16,8.2715065581111412e-15,2.1510571102112408e-15,6.1335585357616851e-16,3.4381143994170305e-17,-0.00056560956105577986,0.00056560956105464969,-1.1301723445988898e-15,-0.00056560956105472385,-0.000565609561054718,-5.8546917314217239e-18,-1.0560129160008813e-15,-6.8304736866586779e-17,226,226,1.220703125,2
92,9.2000000000000011,4.8284079799327298e-16,9.2839154265420263e-15,3.0531133177191805e-15,6.8849679483669774e-16,-5.619516560515268e-17,-0.0005622770635120844,0.00056227706351239751,3.1311758741381368e-16,-0.00056227706351253011,-0.00056227706351253575,5.6378512969246231e-18,4.4571551310879087e-16,-1.3823577699190182e-16,238,238,1.232421875,2
93,9.3000000000000007,5.6472817617576882e-16,1.0896943055188647e-14,3.1086244689504383e-15,8.2246353900932768e-16,1.2389413812004457e-16,-0.00064909151961956013,0.0006490915196202757,7.1557343384043293e-16,-0.00064909151962050111,-0.00064909151962049634,-4.7704895589362195e-18,9.409790655001693e-16,-2.2063514210080015e-16,256,256,1.25,2
94,9.4000000000000004,4.7725046170434634e-16,9.1415984657360084e-15,2.400857290751901e-15,6.7372595636979143e-16,6.1187430704769263e-16,0.001483467202973543,-0.0014834672029744337,-8.9078050491409044e-16,0.0014834672029742225,0.0014834672029742336,-1.1058862159352145e-17,-6.7957792171391418e-16,-2.0014372104082412e-16,248,248,1.2421875,2
95,9.5,4.3525788352868969e-16,8.4006980142465784e-15,2.3869795029440866e-15,6.1217313088400549e-16,3.1090784293174762e-16,-0.00062151795594367343,0.00062151795594373067,5.7245874707234634e-17,-0.00062151795594379052,-0.00062151795594380082,1.0299920638612292e-17,1.1709383462843448e-16,-7.0147880559812137e-17,230,230,1.224609375,2
96,9.6000000000000014,6.5260175281805528e-16,1.2673522574756296e-14,2.9663771439203401e-15,9.3623745447077853e-16,6.0715205312078486e-16,-0.0015161923516426867,0.0015161923516451995,2.5127469549524051e-15,-0.001516192351645227,-0.0015161923516452333,6.2883726004159257e-18,2.5402856901335369e-15,-3.3827107781547738e-17,236,236,1.23046875,2
97,9.7000000000000011,7.1301998150878188e-16,1.3677581572690815e-14,3.8441472227646045e-15,1.0317146112385892e-15,8.5566417673098607e-16,-0.0011314317274848662,0.0011314317274852253,3.5908775952719907e-16,-0.001131431727485448,-0.0011314317274854397,-8.2399365108898337e-18,5.8178288575572168e-16,-2.1445518971763278e-16,260,260,1.25390625,2
98,9.8000000000000007,5.3347920780303361e-16,1.0052184060843802e-14,2.4702462297909733e-15,7.6558892281334155e-16,6.0610271434873885e-16,-0.0023453435066613793,0.0023453435066618494,4.7011006198971472e-16,-0.0023453435066623017,-0.0023453435066622783,-2.3418766925686896e-17,9.2243920835066717e-16,-4.2891037943526555e-16,248,248,1.2421875,2
99,9.9000000000000004,4.8507645435870049e-16,9.0107613912438264e-15,2.7478019859472624e-15,6.8124488999873616e-16,4.849380940731436e-17,-0.0036463767104031319,0.0036463767104016193,-1.5126788710517758e-15,-0.0036463767104019484,-0.0036463767104019597,1.1275702593849246e-17,-1.1835150914851766e-15,-3.4043948216044839e-16,228,228,1.22265625,2
100,10,4.6649430374519596e-16,8.663256055421685e-15,2.6090241078691179e-15,6.6887242573557071e-16,4.6822590219133861e-16,-0.0033007593974385685,0.0033007593974392433,6.7480743215497796e-16,-0.0033007593974394892,-0.003300759397439471,-1.8214596497756474e-17,9.2070448487469037e-16,-2.2768245622195593e-16,242,242,1.236328125,2
101,10.100000000000001,5.1652898818429031e-16,9.3656250630228337e-15,2.8449465006019636e-15,7.1877727640641821e-16,2.269490005863686e-16,-0.0017562558759358637,0.0017562558759358256,-3.8163916471489756e-17,-0.0017562558759358843,-0.0017562558759358856,1.3010426069826053e-18,2.0599841277224584e-17,-6.0064800355696946e-17,262,262,1.255859375,2
102,10.200000000000001,5.0868770424218324e-16,9.1399534217863597e-15,2.5205532105943007e-15,7.074149502180515e-16,6.5376814296528427e-17,-0.00051165562832622413,0.00051165562832609576,-1.2836953722228372e-16,-0.00051165562832611799,-0.00051165562832610541,-1.2576745200831851e-17,-1.0614339268633088e-16,-9.6493993351209895e-18,222,222,1.216796875,2
103,10.300000000000001,7.0814689478624536e-16,1.2676137442364901e-14,3.039235529911366e-15,1.0282958803843525e-15,6.1306530328735899e-16,0.0001028119016108775,-0.00010281190160973605,1.1414480471927391e-15,0.00010281190160989167,0.00010281190160988704,4.6349642873755315e-18,9.8582437785960098e-16,1.5098870504576256e-16,256,256,1.25,2
104,10.4,5.9692547285860468e-16,1.0705645483164789e-14,2.8484159475539172e-15,8.7972565292634795e-16,-3.2839264082573016e-16,0.00062348400819267624,-0.0006234840081929538,-2.7755575615628914e-16,0.00062348400819308,0.00062348400819305972,2.0274580625478933e-17,-4.0375688903360185e-16,1.0592655225183378e-16,260,260,1.25390625,2
105,10.5,6.8343371860330083e-16,1.2300388768316481e-14,3.3029134982598407e-15,9.9934994554514545e-16,-2.1415859151007158e-16,-0.00073736553485304057,0.0007373655348526971,-3.434752482434078e-16,-0.00073736553485270176,-0.00073736553485270772,5.9631119486702744e-18,-3.3881317890172014e-16,-1.0625181290357943e-17,232,232,1.2265625,2
106,10.600000000000001,3.5945323517533914e-16,6.5308907896350814e-15,2.9143354396410359e-15,4.8833418760812781e-16,-3.1980036720273559e-17,-5.3498660854245372e-05,5.349866085501212e-05,7.6674777638174874e-16,-5.3498660855204037e-05,-5.3498660855201767e-05,-2.2700482986415249e-18,9.5866511343883909e-16,-1.8964728875844883e-16,228,228,1.22265625,2
107,10.700000000000001,4.5576274472036511e-16,8.3891363796384354e-15,2.2187113257743363e-15,6.4253542392502991e-16,-4.5596019172103287e-16,0.0028594585999357491,-0.0028594585999377545,-2.005340338229189e-15,0.0028594585999373312,0.0028594585999373269,4.3368086899420177e-18,-1.5820678100908481e-15,-4.2760933682828295e-16,240,240,1.234375,2
108,10.800000000000001,4.8205231302144829e-16,9.0385712296945943e-15,2.5951463200613034e-15,6.8130438000121036e-16,7.6350435177386955e-18,0.0043645808524086505,-0.0043645808524086036,4.6837533851373792e-17,0.0043645808524082697,0.004364580852408261,8.6736173798840355e-18,3.8077180297690916e-16,-3.426078865054194e-16,248,248,1.2421875,2
109,10.9,5.728412075143364e-16,1.0905801012908689e-14,2.4147350785597155e-15,8.5265481080434554e-16,-5.344369301979057e-16,0.0037069676351997316,-0.0037069676351996241,1.0755285551056204e-16,0.0037069676351992953,0.0037069676351992992,-3.903127820947816e-18,4.3628295420816698e-16,-3.2482697087665713e-16,248,248,1.2421875,2
110,11,3.9178834300314545e-16,7.6390268811213291e-15,1.9428902930940239e-15,5.4752292759451474e-16,-1.9262667644697967e-16,0.0019726647425493127,-0.0019726647425510248,-1.7121720707891086e-15,0.0019726647425508297,0.0019726647425508345,-4.7704895589362195e-18,-1.5170156797417178e-15,-1.9038590148845458e-16,222,222,1.216796875,2
111,11.100000000000001,5.0196552497575965e-16,9.8738343987358667e-15,2.5257573810222311e-15,7.2361005597420213e-16,-9.9146473006373176e-16,-2.9801753878899717e-05,2.9801753878952626e-05,5.2909066017292616e-17,-2.9801753878892131e-05,-2.9801753878896509e-05,4.3774662714102242e-18,-7.5860270756095138e-18,5.6117626821491906e-17,262,262,1.255859375,2
112,11.200000000000001,4.6994904119508202e-16,9.2918075545828861e-15,2.4199392489876459e-15,6.81993024404773e-16,-2.0144627917776099e-16,-6.725355227565899e-05,6.7253552275230513e-05,-4.2847669856627135e-16,-6.7253552275087155e-05,-6.725355227508687e-05,-2.8460307027744491e-19,-5.7183533082316718e-16,1.4364323532717327e-16,242,242,1.236328125,2
113,11.300000000000001,4.7945264260757869e-16,9.4588848780983454e-15,2.6506574712925612e-15,6.8556348003568669e-16,-1.0698785922640979e-15,0.00019966354962797084,-0.00019966354962882692,-8.560860353945543e-16,0.00019966354962873027,0.00019966354962871986,1.0408340855860843e-17,-7.5942941171747158e-16,-1.0706496453294356e-16,236,236,1.23046875,2
114,11.4,3.9598120817775952e-16,7.7542923185318845e-15,1.9845236565174673e-15,5.6481424825359668e-16,-5.9759923647354053e-16,-6.3689400521482753e-05,6.3689400520570288e-05,-9.1246454836380053e-16,-6.3689400520647822e-05,-6.3689400520655181e-05,7.3590222457453613e-18,-8.349305405039309e-16,-8.4893030105614997e-17,226,226,1.220703125,2
115,11.5,3.6214288938769083e-16,7.0644853663126564e-15,2.0816681711721685e-15,5.1402325429536244e-16,-3.3189402596848441e-16,-0.0010042313681211112,0.0010042313681202942,-8.1705475718507614e-16,-0.0010042313681202669,-0.001004231368120264,-2.8189256484623115e-18,-8.4437665193171085e-16,3.0140820395097023e-17,274,274,1.267578125,2
116,11.600000000000001,3.737463010172554e-16,7.2347809709445539e-15,1.9012569296705806e-15,5.3523588420525611e-16,-4.124069880270135e-16,-0.00067312340316405539,0.00067312340316492275,8.6736173798840355e-16,-0.00067312340316485358,-0.00067312340316485499,1.4094628242311558e-18,7.9818963938382836e-16,6.7762635780344027e-17,232,232,1.2265625,2
117,11.700000000000001,3.4079610703297511e-16,6.5333322859208243e-15,2.2425637735690174e-15,4.7700639248802242e-16,-2.7394160138496708e-16,-0.0029856809732535794,0.0029856809732535707,-8.6736173798840355e-18,-0.0029856809732536392,-0.0029856809732536427,3.4694469519536142e-18,5.9847959921199845e-17,-7.1991024253037494e-17,244,244,1.23828125,2
118,11.800000000000001,3.2670932355823956e-16,6.2927640808209867e-15,2.0539125955565396e-15,4.5866553514156585e-16,-2.937153075436617e-16,-0.0053236113000778573,0.0053236113000774757,-3.8163916471489756e-16,-0.0053236113000775511,-0.0053236113000775503,-8.6736173798840355e-19,-3.0617869350990645e-16,-7.4593109467002705e-17,236,236,1.23046875,2
119,11.9,3.0727415678566782e-16,5.9021203990245889e-15,1.7486012637846216e-15,4.1669563494026651e-16,-4.1536391393423895e-16,-0.0070313691622754249,0.0070313691622750467,-3.7816971776294395e-16,-0.007031369162274953,-0.0070313691622749495,-3.4694469519536142e-18,-4.7184478546569153e-16,9.7144514654701197e-17,250,250,1.244140625,2
120,12,2.8199745849745398e-16,5.4221157477154784e-15,1.5820678100908481e-15,3.9403545219329484e-16,-4.0211565284377647e-16,-0.0076547953855765627,0.0076547953855755704,-9.9226182825873366e-16,-0.0076547953855756129,-0.0076547953855756008,-1.214306433183765e-17,-9.4976110309730188e-16,-3.0357660829594124e-17,224,224,1.21875,2
121,12.100000000000001,2.2967436074482388e-16,4.4958958087962451e-15,1.3877787807814457e-15,3.2045310449527274e-16,5.2538193908389962e-17,-0.0039012271137046639,0.0039012271137039214,-7.4246164771807344e-16,-0.0039012271137041734,-0.003901227113704173,-4.3368086899420177e-19,-4.9049306283244221e-16,-2.5153490401663703e-16,250,250,1.244140625,2
122,12.200000000000001,2.2589305518950421e-16,4.4177809058788774e-15,1.3461454173580023e-15,3.0993577432190191e-16,-8.3065951498681856e-17,-0.0012539254355043994,0.0012539254355040941,-3.0531133177191805e-16,-0.0012539254355043924,-0.0012539254355043807,-1.1709383462843448e-17,-6.9388939039072284e-18,-2.8666305440516737e-16,232,232,1.2265625,2
123,12.300000000000001,1.9957972540638846e-16,3.9427855369064776e-15,1.2212453270876722e-15,2.7415677175763524e-16,-1.0828386298504983e-16,-0.0018651344105649059,0.0018651344105643439,-5.620504062164855e-16,-0.0018651344105645562,-0.0018651344105645616,5.4210108624275222e-18,-3.4976362084382373e-16,-2.1770779623508929e-16,246,246,1.240234375,2
124,12.4,2.2887315226777615e-16,4.5925558253046168e-15,1.1796119636642288e-15,3.2262982035103868e-16,-8.1114915390848214e-17,-0.0016664406057760317,0.0016664406057751782,-8.5348395018058909e-16,-0.0016664406057753968,-0.0016664406057754063,9.540979117872439e-18,-6.349087922075114e-16,-2.2811613709095013e-16,256,256,1.25,2
125,12.5,1.8965334064954521e-16,3.8311268482285176e-15,1.0269562977782698e-15,2.6024923191754847e-16,-5.7184435789952296e-17,0.0017350099541086905,-0.0017350099541073513,1.3392065234540951e-15,0.0017350099541073795,0.0017350099541073652,1.4311468676808659e-17,1.311017266969472e-15,1.3877787807814457e-17,236,236,1.23046875,2
126,12.600000000000001,1.6818345213850979e-16,3.4177722002186623e-15,9.5062846483529029e-16,2.3104152419297047e-16,4.6021523960195517e-17,0.004907344418793258,-0.0049073444187937576,-4.9960036108132044e-16,0.004907344418793735,0.0049073444187937116,2.3418766925686896e-17,-4.7704895589362195e-16,-4.5970172113385388e-17,238,238,1.232421875,2
127,12.700000000000001,9.8150542498354144e-17,2.0116371864149433e-15,7.1470607210244452e-16,1.2978882033474711e-16,9.6509814312323952e-17,0.00013372926100352345,-0.00013372926100301691,5.0653925498522767e-16,0.00013372926100304016,0.00013372926100306047,-2.0301685679791071e-17,4.832831183854136e-16,4.3557822279605141e-17,248,248,1.2421875,2
128,12.800000000000001,6.633777583910113e-17,1.3713454271334673e-15,4.3715031594615539e-16,8.7918049458056121e-17,-1.0592984289356473e-17,-0.0012534822387415545,0.0012534822387418876,3.3306690738754696e-16,-0.0012534822387419457,-0.0012534822387419758,3.0140820395097023e-17,3.9118014383277e-16,-8.8254056840320061e-17,238,238,1.232421875,2
129,12.9,6.6302750817964188e-17,1.3645625165955041e-15,3.3653635433950058e-16,9.0019961716667667e-17,7.0527609323815594e-17,0.0044161036513461482,-0.0044161036513468664,-7.1817551905439814e-16,0.0044161036513465073,0.0044161036513465047,2.6020852139652106e-18,-3.5908775952719907e-16,-3.6168984474116428e-16,270,270,1.263671875,2
130,13,4.0941946653274107e-17,8.5089210204633894e-16,3.2092384305570931e-16,5.2538481658243347e-17,1.5499533610545474e-17,0.0074517976768380123,-0.007451797676838845,-8.3266726846886741e-16,0.0074517976768385076,0.0074517976768385119,-4.3368086899420177e-18,-4.9526355239137843e-16,-3.3306690738754696e-16,222,222,1.216796875,2
131,13.100000000000001,3.6551821920223765e-17,7.6442167352665869e-16,3.4694469519536142e-16,4.5153420593995429e-17,1.6195976948667724e-17,0.005781303983631858,-0.0057813039836312752,5.8286708792820718e-16,0.0057813039836310792,0.0057813039836310774,1.7347234759768071e-18,7.7889084071358639e-16,-1.9775847626135601e-16,246,246,1.240234375,2
132,13.200000000000001,5.3542404867234514e-17,1.1293167748586156e-15,3.8857805861880479e-16,7.0974875883907953e-17,-6.3234921468201301e-17,0.0050430810958062011,-0.0050430810958063867,-1.8561541192951836e-16,0.0050430810958060623,0.0050430810958060589,3.4694469519536142e-18,1.3877787807814457e-16,-3.2786273695961654e-16,246,246,1.240234375,2
133,13.300000000000001,7.4160033169438113e-17,1.601305953444252e-15,5.2735593669694936e-16,1.0202681256267498e-16,-1.3992010185433904e-16,0.0032404267583494573,-0.0032404267583511,-1.6427831317500363e-15,0.0032404267583508767,0.003240426758350881,-4.3368086899420177e-18,-1.4194374842180224e-15,-2.190088388420719e-16,240,240,1.234375,2
134,13.4,9.5717790179349853e-17,2.0964660036944299e-15,6.106226635438361e-16,1.3578658122491601e-16,-1.4591772104385246e-16,0.00016134223225883204,-0.00016134223225874877,8.3266726846886741e-17,0.0001613422322586426,0.00016134223225864027,2.3310346708438345e-18,1.8943722458752976e-16,-1.0850153241148686e-16,240,240,1.234375,2
135,13.5,1.4103537082147995e-16,3.082699229479868e-15,6.9388939039072284e-16,2.0341962096433013e-16,-1.3360143805532692e-16,-0.00098773042966726621,0.00098773042966638497,-8.81239525796218e-16,-0.00098773042966645457,-0.00098773042966644568,-8.8904578143811364e-18,-8.1163374632264862e-16,-6.0715321659188248e-17,240,240,1.234375,2
136,13.600000000000001,1.3943493299656618e-16,3.0541178095557672e-15,9.0205620750793969e-16,1.9196731200097836e-16,-2.1953078194422511e-16,-0.00065790296841150564,0.00065790296841193238,4.2674197509029455e-16,-0.00065790296841182884,-0.00065790296841182635,-2.4936649967166602e-18,3.2320066761792887e-16,1.0603497246908233e-16,250,250,1.244140625,2
137,13.700000000000001,1.7746844699385904e-16,3.8950369251518226e-15,1.0963452368173421e-15,2.4782016161711449e-16,-1.1325559755153351e-17,-0.00069097010794649805,0.00069097010794616151,-3.3653635433950058e-16,-0.00069097010794616704,-0.00069097010794617029,3.2526065174565133e-18,-3.310069232598245e-16,-8.7820375971325859e-18,212,212,1.20703125,2
138,13.800000000000001,2.0191837677632608e-16,4.4855796884301162e-15,1.1102230246251565e-15,2.8476596530111376e-16,-4.1131344997136725e-16,-0.0028055296094571247,0.0028055296094567517,-3.7296554733501353e-16,-0.0028055296094571308,-0.0028055296094571238,-6.9388939039072284e-18,6.0715321659188248e-18,-3.7209818559702512e-16,240,240,1.234375,2
139,13.9,2.1753644580901411e-16,4.7859434894371367e-15,1.1379786002407855e-15,3.0777164484633657e-16,-1.1503099736752071e-16,-0.0044538584417015414,0.0044538584417008458,-6.9562411386669964e-16,-0.0044538584417014252,-0.0044538584417013818,-4.3368086899420177e-17,-1.1622647289044608e-16,-5.3602955407683339e-16,252,252,1.24609375,2
140,14,2.1543034339546031e-16,4.6949829773320573e-15,1.0824674490095276e-15,3.0332038082939682e-16,-1.7999420131688668e-16,-0.0017444700707098804,0.0017444700707102204,3.4000580129145419e-16,-0.0017444700707106866,-0.0017444700707106818,-4.7704895589362195e-18,8.062127354602211e-16,-4.6143644460983069e-16,266,266,1.259765625,2
141,14.100000000000001,2.9783563681413585e-16,6.4348059264775539e-15,1.5959455978986625e-15,4.2377878914300299e-16,-3.2188237994600037e-17,-0.0014106293062070563,0.0014106293062068551,-2.0122792321330962e-16,-0.0014106293062070068,-0.0014106293062070027,-4.1199682554449168e-18,-4.9439619065339002e-17,-1.476683358925257e-16,244,244,1.23828125,2
142,14.200000000000001,2.8252324884882071e-16,5.9803395052398513e-15,1.609823385706477e-15,3.8722312354055313e-16,-2.8418380499273905e-16,0.00041943253805776237,-0.00041943253805912933,-1.366962099069724e-15,0.00041943253805946994,0.0004194325380594746,-4.6620693416876691e-18,-1.7075642115560452e-15,3.4526418182800889e-16,240,240,1.234375,2
143,14.300000000000001,2.8762545261260214e-16,6.0601874667876496e-15,1.8041124150158794e-15,3.8873325093660954e-16,-1.203091420807742e-16,0.0011942346087590039,-0.0011942346087585251,4.7878367936959876e-16,0.0011942346087588983,0.0011942346087589078,-9.540979117872439e-18,1.0560129160008813e-16,3.8272336688738307e-16,244,244,1.23828125,2
144,14.4,4.0007244088805683e-16,8.4491597308025471e-15,2.2204460492503131e-15,5.6781809178235644e-16,-1.5976668239327845e-16,0.001099267524418579,-0.0010992675244171322,1.4467593789646571e-15,0.0010992675244174657,0.0010992675244174571,8.6736173798840355e-18,1.113258790708116e-15,3.2482697087665713e-16,202,202,1.197265625,2
145,14.5,2.8722977279863668e-16,6.0083610847039439e-15,1.8873791418627661e-15,3.9195279669934353e-16,3.9530768121939141e-17,-0.00055066987201968232,0.00055066987201857209,-1.1102230246251565e-15,-0.00055066987201847603,-0.00055066987201849219,1.6154612370034016e-17,-1.2062833371073722e-15,7.9905700112181677e-17,280,280,1.2734375,2
146,14.600000000000001,3.9016219390453737e-16,7.934155662734036e-15,1.9775847626135601e-15,5.5354460723927622e-16,-4.4795842134524032e-17,0.0032134952635427538,-0.0032134952635430262,-2.7235158572835871e-16,0.0032134952635431272,0.0032134952635431398,-1.2576745200831851e-17,-3.7339922820400773e-16,1.1362438767648086e-16,234,234,1.228515625,2
147,14.700000000000001,4.3708809387481926e-16,8.7968730084837249e-15,2.4771851236948805e-15,6.1568580298604868e-16,-6.6867732108511238e-17,0.0041033357913526913,-0.0041033357913520009,6.9041994343876922e-16,0.0041033357913520981,0.0041033357913521015,-3.4694469519536142e-18,5.9327542878406803e-16,1.0061396160665481e-16,258,258,1.251953125,2
148,14.800000000000001,3.9703666168324611e-16,8.0430015737876751e-15,1.807581861967833e-15,5.7059961563224156e-16,3.8109008626820245e-16,6.8323019288385467e-05,-6.8323019288317813e-05,6.7654215563095477e-17,6.8323019288260309e-05,6.8323019288256217e-05,4.0928632011327792e-18,1.2515758828629542e-16,-6.1596235924332721e-17,230,230,1.224609375,2
149,14.9,3.8897857141844653e-16,7.7430495676919322e-15,2.4424906541753444e-15,5.3569418196927989e-16,2.195689984558907e-17,-0.0029436326003597912,0.0029436326003600011,2.0990154059319366e-16,-0.0029436326003599638,-0.0029436326003599591,-4.7704895589362195e-18,1.7260498585969231e-16,4.2067044292437572e-17,220,220,1.21484375,2
150,15,4.3905858994926105e-16,8.7273593429616536e-15,2.4980018054066022e-15,6.2027915677989034e-16,1.5411635577049289e-16,-0.0019223530812837453,0.001922353081283518,-2.2724877535296173e-16,-0.0019223530812834356,-0.0019223530812834291,-6.5052130349130266e-18,-3.0964814046186007e-16,8.8904578143811364e-17,280,280,1.2734375,2
151,15.100000000000001,4.8702982747867806e-16,9.6884819904927111e-15,2.9698465908722937e-15,7.0549416528458038e-16,1.0636882032624878e-16,0.0012761860336905073,-0.0012761860336889946,1.5126788710517758e-15,0.001276186033689089,0.0012761860336891005,-1.1492543028346347e-17,1.4183532820455369e-15,1.0581813203458523e-16,210,210,1.205078125,2
152,15.200000000000001,4.0623127821644166e-16,7.7132067853437465e-15,2.3869795029440866e-15,5.6808502627474976e-16,6.7912940851040602e-17,0.0019338591668347505,-0.0019338591668343341,4.163336342344337e-16,0.0019338591668345752,0.00193385916683457,5.2041704279304213e-18,1.7520707107365752e-16,2.3592239273284576e-16,256,256,1.25,2
153,15.300000000000001,4.1334093530413744e-16,7.5916302971777892e-15,2.6090241078691179e-15,5.8231092477155103e-16,1.29338688103695e-16,0.00090931636070124,-0.0009093163607014846,-2.445960101127298e-16,0.00090931636070173017,0.00090931636070173602,-5.8546917314217239e-18,-4.9016780218069655e-16,2.5142648379938848e-16,238,238,1.232421875,2
154,15.4,5.0001478743387022e-16,9.135275828518817e-15,2.9698465908722937e-15,7.179580698149702e-16,-2.535236342016639e-16,-0.00069058507161656735,0.0006905850716169698,4.0245584642661925e-16,-0.00069058507161660529,-0.00069058507161660844,3.1441863002079629e-18,3.7947076036992655e-17,3.6136458408941863e-16,246,246,1.240234375,2
155,15.5,4.9544619702670267e-16,8.9154988947753813e-15,2.7367160187335982e-15,7.0532504986270514e-16,-1.3071698518085118e-16,8.0482067518872213e-05,-8.0482067520192338e-05,-1.3201245652183502e-15,8.0482067520471778e-05,8.0482067520459824e-05,1.1953328951652686e-17,-1.5995641226493329e-15,2.6748622847933001e-16,248,248,1.2421875,2
156,15.600000000000001,3.8356105918232898e-16,6.9896825888283443e-15,2.7616797737550769e-15,5.2502582846839158e-16,2.6447613463389366e-16,0.0012324769135538816,-0.0012324769135530315,8.5001450322863548e-16,0.0012324769135532224,0.0012324769135532219,4.3368086899420177e-19,6.591949208711867e-16,1.9038590148845458e-16,222,222,1.216796875,2
157,15.700000000000001,7.7937210530309742e-16,1.444457076039007e-14,3.9690473130349346e-15,1.1338943331005783e-15,6.5964066182947985e-16,0.00045570420299156922,-0.0004557042029905891,9.8011876392689601e-16,0.00045570420299043894,0.00045570420299043802,9.2157184661267877e-19,1.1302807648161384e-15,-1.5108357273585504e-16,244,244,1.23828125,2
158,15.800000000000001,5.1559726552609581e-16,9.7331752425623411e-15,2.9420910152566648e-15,7.2896210230741926e-16,-4.1358762292430438e-16,-0.00097775491418872207,0.00097775491418856421,-1.5785983631388945e-16,-0.00097775491418872836,-0.00097775491418872337,-4.9873299934333204e-18,6.2883726004159257e-18,-1.5916087892087205e-16,262,262,1.255859375,2
159,15.9,5.1335691519464432e-16,9.6576702732009954e-15,2.6645352591003757e-15,7.5297830291206442e-16,1.977126627257714e-16,-0.0028700674881765309,0.0028700674881761666,-3.6429192995512949e-16,-0.0028700674881760087,-0.0028700674881760213,1.2576745200831851e-17,-5.2215176626901894e-16,1.4528309111305759e-16,252,252,1.24609375,2
160,16,6.1769562819156059e-16,1.1770372120123533e-14,3.0947466811426239e-15,9.1196594374288827e-16,4.4689615844128716e-17,-0.0033391263797959425,0.0033391263797971429,1.2004286453759505e-15,-0.0033391263797967782,-0.0033391263797968073,2.9056618222611519e-17,8.3570303455182682e-16,3.3566899260151217e-16,218,218,1.212890625,2
161,16.100000000000001,4.5573449774949697e-16,8.7253304201303459e-15,2.9282132274488504e-15,6.3701774542749699e-16,-2.5851893365618122e-16,-0.002925284751647439,0.0029252847516474077,-3.1225022567582528e-17,-0.0029252847516472408,-0.0029252847516472429,2.1684043449710089e-18,-1.9819215713035021e-16,1.6479873021779667e-16,268,268,1.26171875,2
162,16.199999999999999,4.6449396695907084e-16,8.7103604759184476e-15,2.4147350785597155e-15,6.6101238887819841e-16,-6.1470109112177291e-17,8.7174894876085318e-06,-8.7174894884203824e-06,-8.1185058675714572e-16,8.7174894886442566e-06,8.71748948863303e-06,1.1226574682908497e-17,-1.0357247828482463e-15,2.126476214081921e-16,232,232,1.2265625,2
163,16.300000000000001,7.8400438511334474e-16,1.4682387230184721e-14,3.3861802251067274e-15,1.1665006347945611e-15,-5.3560917807300844e-16,0.0013011460198484315,-0.0013011460198487056,-2.7408630920433552e-16,0.0013011460198490274,0.0013011460198490204,6.9388939039072284e-18,-5.9587751399803324e-16,3.1485231088979049e-16,248,248,1.2421875,2
164,16.400000000000002,6.7297965421955171e-16,1.2626613659924266e-14,3.039235529911366e-15,9.8701465105639538e-16,1.326665767723401e-16,0.0031145488374235697,-0.0031145488374233615,2.0816681711721685e-16,0.0031145488374237354,0.0031145488374237267,8.6736173798840355e-18,-1.6566609195578508e-16,3.6515929169311789e-16,214,214,1.208984375,2
165,16.5,6.0139622769198928e-16,1.1338709084246872e-14,2.886579864025407e-15,8.6902568127372542e-16,-8.9121685841916176e-17,0.0050230800235020467,-0.0050230800235012835,7.6327832942979512e-16,0.005023080023501535,0.0050230800235015463,-1.1275702593849246e-17,5.1174342541315809e-16,2.6281060661048627e-16,262,262,1.255859375,2
166,16.600000000000001,7.2785334772890364e-16,1.3522057277459021e-14,3.219646771412954e-15,1.0833426879884894e-15,-2.9335367628125793e-16,0.0026884068790202775,-0.0026884068790197606,5.1694759584108851e-16,0.0026884068790198087,0.0026884068790198083,4.3368086899420177e-19,4.6880901938273212e-16,4.7704895589362195e-17,266,266,1.259765625,2
167,16.699999999999999,4.1360947578513238e-16,7.6390458011153319e-15,2.5257573810222311e-15,5.6472480149164856e-16,-2.7053033913009194e-16,-0.00121166286023211,0.0012116628602318411,-2.688821387764051e-16,-0.0012116628602319151,-0.0012116628602319073,-7.8062556418956319e-18,-1.949395506128937e-16,-6.613633252161577e-17,220,220,1.21484375,2
168,16.800000000000001,4.9383077230290866e-16,9.1484709970884911e-15,2.9143354396410359e-15,7.0947255992382562e-16,1.3624667189852073e-17,-0.00052332249049946711,0.00052332249049802902,-1.4380857615847731e-15,-0.00052332249049807315,-0.00052332249049807293,-2.1684043449710089e-19,-1.3939587331646131e-15,-4.391018798566293e-17,228,228,1.22265625,2
169,16.900000000000002,4.5083968411954742e-16,8.1944486119263383e-15,2.4841240175987878e-15,6.4294658562902797e-16,3.7489505081816555e-16,-0.0026594630080527537,0.002659463008052981,2.2724877535296173e-16,-0.0026594630080529207,-0.0026594630080529233,2.6020852139652106e-18,1.6696713456276768e-16,5.7679555576228836e-17,286,286,1.279296875,2
170,17,4.1627778243194658e-16,7.7254513800762204e-15,2.157996004115148e-15,5.814198196412599e-16,-1.7050011777631255e-16,-0.0042291096701383424,0.0042291096701392358,8.9338259012805565e-16,-0.0042291096701392123,-0.0042291096701392132,8.6736173798840355e-19,8.6996382320236876e-16,2.2551405187698492e-17,222,222,1.216796875,2
171,17.100000000000001,4.2256471001605499e-16,7.9304449551185455e-15,2.2169766022983595e-15,5.9978106533545468e-16,5.7874196214998484e-16,-0.0035373154456870282,0.0035373154456865633,-4.649058915617843e-16,-0.0035373154456868582,-0.0035373154456868595,1.3010426069826053e-18,-1.700029006457271e-16,-2.9620403352303981e-16,224,224,1.21875,2
172,17.199999999999999,5.0185389315036814e-16,9.5255442645757346e-15,2.6298407895808396e-15,7.0871844913786308e-16,1.2293727928265466e-16,-0.00066348019232087552,0.00066348019232027183,-6.0368376963992887e-16,-0.00066348019232091075,-0.00066348019232092919,1.8431436932253575e-17,3.5236570605778894e-17,-6.5735177717796134e-16,264,264,1.2578125,2
173,17.300000000000001,4.2341373861474322e-16,8.0557331132788316e-15,2.1649348980190553e-15,6.0649062506889281e-16,-2.5088417296192519e-17,0.000179315482190745,-0.00017931548219146665,-7.2164496600635175e-16,0.00017931548219100987,0.00017931548219098702,2.2849560785132006e-17,-2.6487059073820873e-16,-4.7962393605327502e-16,256,256,1.25,2
174,17.400000000000002,4.3209308555309718e-16,8.1497734725985379e-15,2.4641746976250545e-15,6.0749083863070213e-16,-2.3728018514576858e-16,-0.00018618008113335804,0.00018618008113348294,1.2490009027033011e-16,-0.00018618008113336235,-0.00018618008113334514,-1.7211709488207383e-17,4.3097036356298801e-18,1.3780209612290761e-16,232,232,1.2265625,2
175,17.5,5.4643823409215657e-16,1.0455215819033909e-14,2.4980018054066022e-15,8.0212359126312236e-16,5.574010681356619e-16,0.0029678776478849755,-0.0029678776478843163,6.591949208711867e-16,0.0029678776478846234,0.0029678776478846264,-3.0357660829594124e-18,3.5214886562329184e-16,3.1008182133085427e-16,234,234,1.228515625,2
176,17.600000000000001,4.8069181033170122e-16,9.6090718100483456e-15,2.55351295663786e-15,6.9391384846707481e-16,6.3023507985481031e-16,0.0053040405904525301,-0.005304040590451458,1.0720591081536668e-15,0.0053040405904516584,0.0053040405904516497,8.6736173798840355e-18,8.7169854667834556e-16,1.9168694409543718e-16,250,250,1.244140625,2
177,17.699999999999999,3.2975485368073037e-16,6.7294280628681662e-15,2.1094237467877974e-15,4.4880633633332181e-16,2.5311621762600317e-16,0.0044284858803340654,-0.0044284858803336161,4.4929338027799304e-16,0.0044284858803337254,0.0044284858803337289,-3.4694469519536142e-18,3.4000580129145419e-16,1.1275702593849246e-16,218,218,1.212890625,2
178,17.800000000000001,3.5434437257125697e-16,7.4333119116536163e-15,1.9637069748057456e-15,4.8859782661296071e-16,5.567034842757698e-16,0.00029393587793080656,-0.00029393587793005889,7.4766581814600386e-16,0.0002939358779301653,0.00029393587793016769,-2.3852447794681098e-18,6.412513749165516e-16,1.0879968800892037e-16,282,282,1.275390625,2
179,17.900000000000002,4.3401932359016413e-16,9.370509002173129e-15,2.2759572004815709e-15,6.1486349281294236e-16,6.7265894073863922e-16,-0.003647362683105726,0.0036473626831070288,1.3027773304585821e-15,-0.003647362683107086,-0.0036473626831070999,1.3877787807814457e-17,1.3600232051658168e-15,-7.1123662515049091e-17,222,222,1.216796875,2
180,18,3.1753606370893821e-16,6.7420730773468917e-15,2.095545958979983e-15,4.3963748261197983e-16,1.2954193061637107e-16,-0.00091106021800690939,0.0009110602180068296,-7.9797279894933126e-17,-0.00091106021800713426,-0.00091106021800713252,-1.7347234759768071e-18,2.2486353057349362e-16,-3.0292608699244994e-16,238,238,1.232421875,2
181,18.100000000000001,3.4875724755466685e-16,7.1886524673629943e-15,1.9845236565174673e-15,4.7416650277411557e-16,-3.6845379204762705e-17,-0.00046795703904578545,0.00046795703904458155,-1.2038980923279041e-15,-0.00046795703904454512,-0.00046795703904455943,1.4311468676808659e-17,-1.2403272853234171e-15,2.211772431870429e-17,228,228,1.22265625,2
182,18.199999999999999,3.658695134456731e-16,7.5995381512051964e-15,1.915134717478395e-15,5.2581772486473555e-16,3.8161239128707889e-16,-0.0028786889752652201,0.0028786889752669669,1.7468665403086447e-15,-0.0028786889752667314,-0.0028786889752667544,2.2985086056692694e-17,1.5113778284447932e-15,2.1250362580715887e-16,248,248,1.2421875,2
183,18.300000000000001,2.8171922580417369e-16,5.9402428866906527e-15,1.6653345369377348e-15,3.9857122098161302e-16,-1.978960810012914e-16,-0.0031561223020517559,0.00315612230205203,2.7408630920433552e-16,-0.0031561223020517126,-0.0031561223020517052,-7.3725747729014302e-18,-4.3368086899420177e-17,3.2482697087665713e-16,234,234,1.228515625,2
184,18.400000000000002,1.9034652178022932e-16,4.1160857075467508e-15,1.2490009027033011e-15,2.5705107373673265e-16,-4.7682069169309914e-17,-0.00012586297440719818,0.00012586297440625449,-9.4368957093138306e-16,-0.00012586297440614669,-0.0001258629744061555,8.8091426514447235e-18,-1.0514863719307543e-15,9.8987658347926555e-17,264,264,1.2578125,2
185,18.5,2.3523005460075002e-16,5.1685857992397943e-15,1.7208456881689926e-15,3.3191758955724128e-16,1.0206331378115727e-16,-0.0016849129255600559,0.0016849129255609406,8.8470897274817162e-16,-0.0016849129255610171,-0.0016849129255610185,1.3010426069826053e-18,9.6125364612564823e-16,-7.7845715984459218e-17,252,252,1.24609375,2
186,18.600000000000001,2.2479106722266521e-16,5.0562313888355879e-15,1.5265566588595902e-15,3.1010698085636568e-16,2.2479785293613173e-16,-0.0033100646636832209,0.0033100646636831065,-1.1449174941446927e-16,-0.0033100646636832097,-0.0033100646636832266,1.6913553890773869e-17,-1.1275702593849246e-17,-1.2012960071139389e-16,222,222,1.216796875,2
187,18.699999999999999,2.2388199997594436e-16,4.9100129359324049e-15,1.6306400674181987e-15,3.138854227804997e-16,4.9419321685629813e-17,-0.0013643728408609945,0.0013643728408596935,-1.3010426069826053e-15,-0.0013643728408599654,-0.0013643728408599576,-7.8062556418956319e-18,-1.0291247021232408e-15,-2.6411164921746888e-16,222,222,1.216796875,2
188,18.800000000000001,1.5013663847678251e-16,3.2342906015743351e-15,1.3773704399255848e-15,1.9172897810544468e-16,-2.2018246785477484e-16,0.00071914556774288485,-0.00071914556774295424,-6.9388939039072284e-17,0.00071914556774250278,0.00071914556774249714,5.6378512969246231e-18,3.8207284558389176e-16,-4.5709963591988867e-16,274,274,1.267578125,2
189,18.900000000000002,1.3239721266602204e-16,2.9803971131283535e-15,9.7664931697494239e-16,1.7794949905907092e-16,-6.8529546265887557e-17,0.0011009375948152211,-0.0011009375948155056,-2.8449465006019636e-16,0.0011009375948154365,0.001100937594815402,3.4477629085039041e-17,-2.1532255145562118e-16,-1.0364972768961422e-16,238,238,1.232421875,2
190,19,9.8432416313669149e-17,2.2732541571575121e-15,1.1414480471927391e-15,1.1886873261240176e-16,6.7042176260059003e-17,0.00010970996186898674,-0.00010970996186910817,-1.214306433183765e-16,0.00010970996186926378,0.00010970996186925895,4.8246996675604947e-18,-2.7704076012435852e-16,1.5078541713842153e-16,240,240,1.234375,2
191,19.100000000000001,9.7493417440813574e-17,2.2880810186613308e-15,7.1297134862646772e-16,1.3181696131760873e-16,-3.3265917287393732e-17,0.00059498009810710073,-0.00059498009810600438,1.0963452368173421e-15,0.00059498009810603182,0.00059498009810604071,-8.8904578143811364e-18,1.0689149218534588e-15,3.6320772778264399e-17,230,230,1.224609375,2
192,19.200000000000003,8.6632395587915146e-17,2.0111269568631654e-15,6.5225602696727947e-16,1.126001130850136e-16,-4.2812208250102323e-17,0.00038634202274678842,-0.00038634202274745108,-6.6266436782314031e-16,0.00038634202274745688,0.00038634202274744203,1.4853569763051411e-17,-6.6846484944593776e-16,-9.053088140253962e-18,264,264,1.2578125,2
193,19.300000000000001,7.5059430585257284e-17,1.6857972469453984e-15,5.5164206536062466e-16,9.5620384745235491e-17,-1.6910068665211241e-16,-0.001659701106557776,0.0016597011065570128,-7.6327832942979512e-16,-0.0016597011065568896,-0.0016597011065569004,1.0842021724855044e-17,-8.8644369622414843e-16,1.1232334506949826e-16,228,228,1.22265625,2
194,19.400000000000002,7.968843206655126e-17,1.7501550453218059e-15,7.2164496600635175e-16,9.4294354666308883e-17,-9.9428976079914188e-17,-0.0018099751938915887,0.0018099751938918072,2.1857515797307769e-16,-0.0018099751938914974,-0.0018099751938915032,5.8546917314217239e-18,-9.1289822923279473e-17,3.0401028916493544e-16,238,238,1.232421875,2
195,19.5,9.7754557412099402e-17,2.0860533054478547e-15,1.0547118733938987e-15,1.1165859625947104e-16,-3.3080063270099698e-17,0.0014422130038145298,-0.0014422130038138602,6.6960326172704754e-16,0.0014422130038141349,0.0014422130038141336,1.3010426069826053e-18,3.9486643121922071e-16,2.7343578790084422e-16,260,260,1.25390625,2
196,19.600000000000001,1.03415432806151e-16,2.2294881368406415e-15,1.2212453270876722e-15,1.2259033730228604e-16,9.2024488632539272e-17,0.0047557564161913035,-0.0047557564161912202,8.3266726846886741e-17,0.0047557564161913981,0.0047557564161914033,-5.2041704279304213e-18,-9.4542429440735987e-17,1.8301332671555315e-16,242,242,1.236328125,2
197,19.700000000000003,1.2057277814434896e-16,2.5811499100321683e-15,1.0547118733938987e-15,1.5123413284222949e-16,2.19294759623888e-17,0.0069471298597143516,-0.0069471298597148044,-4.5276282722994665e-16,0.0069471298597146795,0.006947129859714689,-9.540979117872439e-18,-3.2786273695961654e-16,-1.1535911115245767e-16,230,230,1.224609375,2
198,19.800000000000001,1.2374431074788767e-16,2.6609047601578466e-15,1.0408340855860843e-15,1.6098295266953446e-16,-4.5728405492892579e-17,0.0048495221914937048,-0.0048495221914922702,1.4346163146328195e-15,0.0048495221914922832,0.0048495221914922728,1.0408340855860843e-17,1.4216058885629934e-15,2.6020852139652106e-18,248,248,1.2421875,2
199,19.900000000000002,1.3709207364444604e-16,2.9030255609000242e-15,8.3266726846886741e-16,1.8090257355055464e-16,1.1884609305710337e-16,0.0017205084276987748,-0.0017205084276999977,-1.222980050563649e-15,0.0017205084277001799,0.0017205084277001734,6.5052130349130266e-18,-1.4051260155412137e-15,1.7564075194265172e-16,242,242,1.236328125,2
200,20,1.8373624894305341e-16,3.8649288032564814e-15,1.0547118733938987e-15,2.5313616686386208e-16,2.0892013227550587e-16,-0.0010080183827039235,0.0010080183827050424,1.1188966420050406e-15,-0.0010080183827048158,-0.0010080183827048199,4.1199682554449168e-18,8.9229838795557015e-16,2.2247828579402551e-16,246,246,1.240234375,2
201,20.100000000000001,1.6787326847359779e-16,3.4638309970994613e-15,8.6042284408449632e-16,2.2921761079462574e-16,-9.1937860328008672e-17,-0.002897970311273923,0.0028979703112740115,8.8470897274817162e-17,-0.002897970311274015,-0.0028979703112740111,-3.903127820947816e-18,9.1940344226770776e-17,4.3368086899420177e-19,246,246,1.240234375,2
202,20.200000000000003,2.0383204394316253e-16,4.141930925550115e-15,1.1796119636642288e-15,2.7866303997658732e-16,4.9144734544423577e-18,-0.0024838905355739627,0.0024838905355740563,9.3675067702747583e-17,-0.0024838905355738733,-0.0024838905355738712,-2.1684043449710089e-18,-8.9338259012805565e-17,1.8518173106052416e-16,238,238,1.232421875,2
203,20.300000000000001,2.4425137212607502e-16,4.9803710571786405e-15,1.4988010832439613e-15,3.4463612013250962e-16,9.9414860947982196e-17,0.0010197363478443577,-0.0010197363478444427,-8.5001450322863548e-17,0.0010197363478446921,0.0010197363478446997,-7.589415207398531e-18,-3.3436794999452957e-16,2.5695591487906455e-16,240,240,1.234375,2
204,20.400000000000002,2.5179720054737696e-16,5.0278464930731146e-15,1.4155343563970746e-15,3.5514601229781238e-16,-2.5445157535046042e-16,-0.00056399236468784864,0.00056399236468824589,3.9725167599868882e-16,-0.00056399236468820772,-0.00056399236468820761,-1.0842021724855044e-19,3.5908775952719907e-16,3.8272336688738307e-17,220,220,1.21484375,2
205,20.5,3.342041042151707e-16,6.4703740828635054e-15,2.2204460492503131e-15,4.7258776570933156e-16,-1.0160046335090953e-16,-0.0020699489109805569,0.0020699489109805621,5.2041704279304213e-18,-0.002069948910980654,-0.0020699489109806493,-4.7704895589362195e-18,9.7144514654701197e-17,-8.7169854667834556e-17,240,240,1.234375,2
206,20.600000000000001,3.5486329877173209e-16,6.7686748698578949e-15,1.6653345369377348e-15,5.093304403046674e-16,-8.1957596105627197e-18,-0.0034501069695558328,0.0034501069695553402,-4.9266146717741321e-16,-0.0034501069695554634,-0.0034501069695554699,6.5052130349130266e-18,-3.6949610038305991e-16,-1.2967057982926633e-16,270,270,1.263671875,2
207,20.700000000000003,3.0348252062309982e-16,5.7601129582441651e-15,1.915134717478395e-15,4.2065625512250921e-16,-2.0797328893351834e-16,-0.0040528341846286509,0.0040528341846285745,-7.6327832942979512e-17,-0.0040528341846284731,-0.00405283418462846,-1.3010426069826053e-17,-1.7780915628762273e-16,1.1449174941446927e-16,222,222,1.216796875,2
208,20.800000000000001,2.6906263908077144e-16,5.2273134778962747e-15,2.0539125955565396e-15,3.6697398037327143e-16,-1.4036638592901423e-16,-0.0062594527775079456,0.0062594527775087401,7.9450335199737765e-16,-0.0062594527775083003,-0.0062594527775083194,1.9081958235744878e-17,3.5475095083725705e-16,4.2067044292437572e-16,248,248,1.2421875,2
209,20.900000000000002,3.2593896500653558e-16,6.3957757330533894e-15,1.8492152253912764e-15,4.625660689241127e-16,-2.5345315941396808e-16,-0.0067873729149994233,0.0067873729149992047,-2.1857515797307769e-16,-0.0067873729149987433,-0.0067873729149987311,-1.214306433183765e-17,-6.8001160258290838e-16,4.7357950894166834e-16,248,248,1.2421875,2
210,21,3.048454591650883e-16,6.0080691902753487e-15,2.2343238370581275e-15,4.218649711382411e-16,-3.0643307147263703e-16,-0.0056003607797610044,0.0056003607797608865,-1.1796119636642288e-16,-0.0056003607797605499,-0.0056003607797605291,-2.0816681711721685e-17,-4.5449755070592346e-16,3.5735303605122226e-16,242,242,1.236328125,2
211,21.100000000000001,5.2278139095461994e-16,1.0351140797491998e-14,2.2759572004815709e-15,7.7514695508672238e-16,4.1842483202245626e-17,-0.0024229907142352403,0.0024229907142350529,-1.8735013540549517e-16,-0.0024229907142344974,-0.002422990714234506,8.6736173798840355e-18,-7.4289532858706764e-16,5.4687157580168844e-16,234,234,1.228515625,2
212,21.200000000000003,3.6761975460538125e-16,7.2833967877338698e-15,2.886579864025407e-15,5.1335572615847705e-16,-5.0752210286159917e-16,0.0015559974860206438,-0.0015559974860202136,4.3021142204224816e-16,0.0015559974860208223,0.00155599748602084,-1.7780915628762273e-17,-1.7845967759111403e-16,6.2645201526212446e-16,216,216,1.2109375,2
213,21.300000000000001,3.808766237759448e-16,7.4623647981227153e-15,3.2057689836051395e-15,5.2187184834973099e-16,-2.4580417235611232e-16,0.0027954109232215529,-0.0027954109232207341,8.1878948066105295e-16,0.0027954109232214679,0.0027954109232214684,-4.3368086899420177e-19,8.5001450322863548e-17,7.342217112071836e-16,254,254,1.248046875,2
214,21.400000000000002,5.0867057619147523e-16,1.0196231716344848e-14,3.5457747848965937e-15,7.3519680494815091e-16,-6.0246180703656946e-16,0.0021555235287529229,-0.002155523528753811,-8.8817841970012523e-16,0.0021555235287543544,0.0021555235287543566,-2.1684043449710089e-18,-1.4315805485498601e-15,5.4557053319470583e-16,256,256,1.25,2
215,21.5,4.2896782936427114e-16,8.2110044090299625e-15,2.8588242884097781e-15,6.1296341262379375e-16,-3.1280496549399616e-16,0.0010302454446957654,-0.001030245444695134,6.3143934525555778e-16,0.0010302454446954044,0.0010302454446954011,3.2526065174565133e-18,3.6103932343767298e-16,2.6714741530042829e-16,250,250,1.244140625,2
216,21.600000000000001,4.2242449428618871e-16,7.8949064633237173e-15,2.6922908347160046e-15,5.9657732968256357e-16,-7.7060590685606353e-17,9.6183681927541897e-05,-9.6183681928325993e-05,-7.8409501114151681e-16,9.6183681928611097e-05,9.6183681928570412e-05,4.0684686522518554e-17,-1.0691995249237363e-15,2.4441982725970091e-16,248,248,1.2421875,2
217,21.700000000000003,5.1493938471706375e-16,9.8654479849155585e-15,2.4980018054066022e-15,7.5199079484446392e-16,-4.0019612133090018e-16,-0.00068717563136644344,0.00068717563136710957,6.6613381477509392e-16,-0.00068717563136731384,-0.00068717563136728836,-2.5478751053409354e-17,8.7039750407136296e-16,-1.7878493824285968e-16,226,226,1.220703125,2
218,21.800000000000001,5.003753906319971e-16,9.6261544409426592e-15,2.6593310886724453e-15,7.2946173004735168e-16,6.0229091466870902e-17,0.0010424512772999606,-0.0010424512773008904,-9.298117831235686e-16,0.0010424512773003697,0.001042451277300352,1.7780915628762273e-17,-4.0917789989602937e-16,-5.384147988563015e-16,238,238,1.232421875,2
219,21.900000000000002,5.1211385655263717e-16,9.9582558940831466e-15,2.7061686225238191e-15,7.3790797212385472e-16,-7.0958462602258209e-16,0.0036057915573355359,-0.0036057915573365351,-9.9920072216264089e-16,0.0036057915573361821,0.0036057915573361782,3.903127820947816e-18,-6.4618449480136064e-16,-3.5691935518222806e-16,260,260,1.25390625,2
220,22,4.5774758628186844e-16,9.0052564975228819e-15,3.0427049768633196e-15,6.584789133329608e-16,7.9909203351534089e-17,0.0039070274884043243,-0.003907027488404418,-9.3675067702747583e-17,0.0039070274884042393,0.0039070274884042437,-4.3368086899420177e-18,8.5001450322863548e-17,-1.7433970933566911e-16,214,214,1.208984375,2
221,22.100000000000001,5.354911986837652e-16,1.0509976142728393e-14,3.2751579226442118e-15,7.7146556460949798e-16,-3.2740316554764083e-16,0.0053568376248183114,-0.0053568376248188526,-5.4123372450476381e-16,0.0053568376248187078,0.005356837624818706,1.7347234759768071e-18,-3.9638431426070042e-16,-1.465841337200402e-16,246,246,1.240234375,2
222,22.200000000000003,5.6227993557506387e-16,1.0720838436290698e-14,3.5388358909926865e-15,8.2362875855972908e-16,2.8888221689064988e-16,0.0045225474771015683,-0.0045225474771017696,-2.0122792321330962e-16,0.0045225474771015007,0.0045225474771014903,1.0408340855860843e-17,6.7654215563095477e-17,-2.7929047963226594e-16,260,260,1.25390625,2
223,22.300000000000001,5.0785414935468111e-16,9.7388478894971679e-15,3.5041414214731503e-15,7.3268748307679985e-16,3.6128910153895705e-16,0.0017154961770717847,-0.0017154961770710908,6.9388939039072284e-16,0.0017154961770709694,0.0017154961770709824,-1.3010426069826053e-17,8.1532003370909933e-16,-1.0842021724855044e-16,234,234,1.228515625,2
224,22.400000000000002,5.8387067003458232e-16,1.0982359258876936e-14,3.0947466811426239e-15,8.5419604019143394e-16,8.9267574886328784e-16,-0.0017309218844889784,0.0017309218844907305,1.7520707107365752e-15,-0.0017309218844906095,-0.0017309218844906084,-1.0842021724855044e-18,1.6310737482871929e-15,1.220811646218678e-16,224,224,1.21875,2
225,22.5,4.9580918285347882e-16,9.2245362544040303e-15,3.0808688933348094e-15,7.0302444220351345e-16,9.8186561842416999e-16,-0.0023320435931957206,0.0023320435931966574,9.3675067702747583e-16,-0.0023320435931965828,-0.0023320435931965945,1.1709383462843448e-17,8.6215756756047313e-16,6.2883726004159257e-17,254,254,1.248046875,2
226,22.600000000000001,3.9834765532829219e-16,7.3417124922610657e-15,2.8033131371785203e-15,5.4233989659431873e-16,4.3852889637934075e-16,-0.0021885216920924933,0.0021885216920931941,7.0082828429463007e-16,-0.0021885216920933472,-0.0021885216920933433,-3.903127820947816e-18,8.5391763104958329e-16,-1.4918621893400541e-16,254,254,1.248046875,2
227,22.700000000000003,4.4469207896998131e-16,8.1344119976086991e-15,3.3029134982598407e-15,6.1947148439490376e-16,6.0810883084688098e-16,-0.0035159311028341023,0.0035159311028339808,-1.214306433183765e-16,-0.0035159311028341174,-0.0035159311028341331,1.5612511283791264e-17,1.5178830414797062e-17,-1.5222198501696482e-16,222,222,1.216796875,2
228,22.800000000000001,4.107704773226496e-16,7.2841301568274108e-15,3.039235529911366e-15,5.4521207943933965e-16,2.5530441179802811e-17,-0.0053820649995941494,0.0053820649995947704,6.2103100439969694e-16,-0.0053820649995947245,-0.0053820649995947115,-1.3010426069826053e-17,5.7506083228631155e-16,5.8980598183211441e-17,230,230,1.224609375,2
229,22.900000000000002,5.9004605765217572e-16,1.0477781225236705e-14,3.0531133177191805e-15,8.4369831088985817e-16,1.0237937024928197e-15,-0.006241138699055071,0.0062411386990565976,1.5265566588595902e-15,-0.006241138699056379,-0.0062411386990563556,-2.3418766925686896e-17,1.3079815008865125e-15,2.4199392489876459e-16,286,286,1.279296875,2
230,23,4.6225969004459736e-16,8.2900599488460563e-15,2.7495367094232392e-15,6.4951502834996455e-16,3.3970163857573074e-16,-0.006657799702866285,0.0066577997028674923,1.2073675392798577e-15,-0.0066577997028671784,-0.0066577997028671836,5.2041704279304213e-18,8.9338259012805565e-16,3.0878077872387166e-16,198,198,1.193359375,2
231,23.100000000000001,4.4801835425059923e-16,8.0553379956057695e-15,2.733924198139448e-15,6.3037912470339142e-16,5.6133126713298913e-16,-0.0057460232597570382,0.0057460232597575586,5.2041704279304213e-16,-0.0057460232597574485,-0.0057460232597574303,-1.8214596497756474e-17,4.1026210206851488e-16,1.2836953722228372e-16,260,260,1.25390625,2
232,23.200000000000003,4.7159648681968887e-16,8.8241762744178226e-15,2.2169766022983595e-15,6.6846742694072647e-16,5.8973850609555737e-16,-0.0047265041333748314,0.0047265041333748453,1.3877787807814457e-17,-0.0047265041333749832,-0.0047265041333750257,4.2500725161431774e-17,1.5178830414797062e-16,-1.8041124150158794e-16,268,268,1.26171875,2
233,23.300000000000001,5.6071585692671548e-16,1.0739654104442003e-14,2.5673907444456745e-15,7.9453974794432998e-16,5.1044634036432457e-16,-0.0013894633061148909,0.0013894633061153003,4.0939474033052647e-16,-0.0013894633061155546,-0.0013894633061155846,2.9923979960599922e-17,6.6374856999562581e-16,-2.8427780962569926e-16,226,226,1.220703125,2
234,23.400000000000002,4.2072601652286887e-16,8.0293840101093681e-15,2.8171909249863347e-15,5.8971042592775229e-16,3.302959870296649e-16,0.0037474553370060448,-0.0037474553370054758,5.6898930012039273e-16,0.0037474553370052005,0.0037474553370051952,5.2041704279304213e-18,8.4437665193171085e-16,-2.8059152223924855e-16,246,246,1.240234375,2
235,23.5,4.6142495172396795e-16,8.7184744629325571e-15,2.6298407895808396e-15,6.3487824608185104e-16,2.308033993814483e-16,0.0038341477803154334,-0.003834147780316044,-6.106226635438361e-16,0.0038341477803159811,0.0038341477803159854,-4.3368086899420177e-18,-5.4773893753967684e-16,-5.8546917314217239e-17,234,234,1.228515625,2
236,23.600000000000001,4.5874262055784176e-16,8.7299548618487363e-15,2.8727020762175925e-15,6.4177987053607908e-16,5.4714905216738449e-16,0.0010838506290191674,-0.0010838506290176617,1.5057399771478686e-15,0.0010838506290175736,0.0010838506290175626,1.1058862159352145e-17,1.5937771935536915e-15,-9.9096078565175105e-17,236,236,1.23046875,2
237,23.700000000000003,4.8803707212311625e-16,9.5002792423980511e-15,3.6359804056473877e-15,6.8431795779141865e-16,-1.0826324539166138e-16,-0.0040790719914074458,0.0040790719914067658,-6.8001160258290838e-16,-0.0040790719914066808,-0.0040790719914067103,2.9490299091605721e-17,-7.6501305290577193e-16,5.5511151231257827e-17,242,242,1.236328125,2
238,23.800000000000001,4.7868545875707118e-16,9.6790715104924064e-15,3.0808688933348094e-15,6.5670046178108198e-16,4.4739356310391642e-16,-0.0031214460779178665,0.0031214460779181857,3.1918911957973251e-16,-0.0031214460779175938,-0.0031214460779175812,-1.2576745200831851e-17,-2.7278526659735292e-16,6.0455113137791727e-16,222,222,1.216796875,2
239,23.900000000000002,3.7097084923153296e-16,7.2861100581447912e-15,2.4667767828390197e-15,5.0877941890269888e-16,-8.4447929715784173e-18,0.0043325676051857442,-0.0043325676051850087,7.3552275381416621e-16,0.0043325676051856532,0.0043325676051856887,-3.5561831257524545e-17,9.1072982488782372e-17,6.8001160258290838e-16,258,258,1.251953125,2
240,24,5.2288319748954103e-16,1.0407764664351611e-14,2.3314683517128287e-15,7.3580013063461239e-16,3.5065260689457441e-16,0.0080153191368683707,-0.0080153191368667678,1.6028844918025698e-15,0.008015319136867002,0.0080153191368669864,1.5612511283791264e-17,1.3686968225457008e-15,2.1857515797307769e-16,232,232,1.2265625,2
241,24.100000000000001,4.9235351979007342e-16,1.0258234834110429e-14,2.4980018054066022e-15,6.8769662663422824e-16,-3.2857917573643744e-18,0.0073818567935699519,-0.0073818567935700075,-5.5511151231257827e-17,0.0073818567935697889,0.0073818567935698054,-1.6479873021779667e-17,1.6306400674181987e-16,-2.0209528495129803e-16,236,236,1.23046875,2
242,24.200000000000003,4.1284464229596933e-16,8.7954356793285776e-15,2.1926904736346842e-15,5.7179435560434375e-16,-1.1913541937158829e-16,0.0032037642105695596,-0.0032037642105698441,-2.8449465006019636e-16,0.0032037642105697674,0.0032037642105697405,2.688821387764051e-17,-2.0773313624822265e-16,-1.0364972768961422e-16,244,244,1.23828125,2
243,24.300000000000001,3.136909033380462e-16,6.6730171023600906e-15,2.2967738821932926e-15,4.3002071389766283e-16,-1.7697592114439641e-16,0.0010867016163764731,-0.0010867016163775348,-1.0616507672978059e-15,0.0010867016163772399,0.0010867016163772431,-3.2526065174565133e-18,-7.6674777638174874e-16,-2.9165038439860069e-16,248,248,1.2421875,2
244,24.400000000000002,3.6641978295409879e-16,7.6305498007954165e-15,2.2863655413374318e-15,5.1094192048681871e-16,-4.2775270504171946e-16,0.00086168221475446671,-0.00086168221475557,-1.1032841307212493e-15,0.00086168221475560729,0.00086168221475558084,2.6454533008646308e-17,-1.1405806854547507e-15,1.0842021724855044e-17,258,258,1.251953125,2
245,24.5,3.5465039422204843e-16,7.3125984614715175e-15,2.1788126858268697e-15,4.9540908323962855e-16,-7.4681379280743717e-17,-0.00075977252463665934,0.00075977252463698894,3.2959746043559335e-16,-0.00075977252463697994,-0.0007597725246369653,-1.463672932855431e-17,3.2059858240396366e-16,2.3635607360183997e-17,238,238,1.232421875,2
246,24.600000000000001,2.6333120006625107e-16,5.3392448123920174e-15,1.7971735211119721e-15,3.5786930263257376e-16,6.9952235144183226e-17,-0.0014677828430258444,0.0014677828430270483,1.2038980923279041e-15,-0.0014677828430271211,-0.0014677828430271368,1.5612511283791264e-17,1.27675647831893e-15,-8.8470897274817162e-17,246,246,1.240234375,2
247,24.700000000000003,2.8792721562699689e-16,6.0243314089034222e-15,1.6375789613221059e-15,4.0211049521215591e-16,-4.0912501870085161e-16,0.0018479548330780915,-0.0018479548330792191,-1.1275702593849246e-15,0.0018479548330793314,0.0018479548330793342,-2.8189256484623115e-18,-1.2398936044544229e-15,1.1514227071796057e-16,214,214,1.208984375,2
248,24.800000000000001,2.3380189078711099e-16,4.985196705601495e-15,1.6375789613221059e-15,3.1440703625733074e-16,-3.0593978565420342e-16,0.0038894153259469988,-0.0038894153259466137,3.8510861166685117e-16,0.0038894153259466458,0.0038894153259466557,-9.9746599868666408e-18,3.5301622736128024e-16,4.2067044292437572e-17,230,230,1.224609375,2
249,24.900000000000002,2.4653564476858968e-16,5.141408916560132e-15,1.5508427875232655e-15,3.4633970191278503e-16,-2.3450885595582737e-17,0.0034274652273840189,-0.0034274652273849661,-9.4715901788333667e-16,0.0034274652273851665,0.0034274652273851929,-2.6454533008646308e-17,-1.1475195793586579e-15,2.2681509448396753e-16,276,276,1.26953125,2
250,25,2.5201254053735204e-16,5.2183413876180645e-15,1.4432899320127035e-15,3.5911261465024506e-16,-2.0367254766390318e-16,0.0027053102920309158,-0.0027053102920305966,3.1918911957973251e-16,0.0027053102920306569,0.0027053102920306742,-1.7347234759768071e-17,2.5890747878953846e-16,7.7628875549962117e-17,200,200,1.1953125,2
251,25.100000000000001,2.1837845604666769e-16,4.5399956493468386e-15,1.6653345369377348e-15,3.0450845041703938e-16,-2.1990740262224277e-17,0.0021742438199012781,-0.0021742438199006398,6.3837823915946501e-16,0.0021742438199007972,0.0021742438199008015,-4.3368086899420177e-18,4.8095208371456977e-16,1.6176296413483726e-16,258,258,1.251953125,2
252,25.200000000000003,2.1270141970024849e-16,4.4515323422350768e-15,1.6852838569114681e-15,3.0585760184844807e-16,-7.4680969514491918e-17,0.0017162685744640527,-0.0017162685744640041,4.8572257327350599e-17,0.001716268574464144,0.0017162685744641544,-1.0408340855860843e-17,-9.1289822923279473e-17,1.5027042110649091e-16,240,240,1.234375,2
253,25.300000000000001,1.7174367250535716e-16,3.6132841136863765e-15,1.319690884349356e-15,2.4393122159803318e-16,5.8315844929770142e-17,-9.6082169854128097e-05,9.6082169853867888e-05,-2.6020852139652106e-16,-9.6082169854128381e-05,-9.60821698541341e-05,5.7191664598610359e-18,2.8460307027744491e-19,-2.6621229092665954e-16,242,242,1.236328125,2
254,25.400000000000002,1.4011191185842574e-16,2.9570694166626287e-15,1.4502288259166107e-15,1.8670766091500278e-16,3.9882388651062201e-17,-0.00082464728452080749,0.00082464728451991931,-8.8817841970012523e-16,-0.0008246472845204587,-0.0008246472845204639,5.2041704279304213e-18,-3.4878783888858678e-16,-5.4459475123946888e-16,272,272,1.265625,2
255,25.5,1.3087334529984414e-16,2.7848879617473689e-15,1.2021633688519273e-15,1.8175749449213024e-16,-3.2651248481647073e-17,-0.00029638501378670412,0.00029638501378706841,3.6429192995512949e-16,-0.00029638501378727078,-0.00029638501378726921,-1.5720931501039814e-18,5.6665826544954889e-16,-2.0079424234431542e-16,216,216,1.2109375,2
256,25.600000000000001,1.0194587755136139e-16,2.1594413775570575e-15,8.3960616237277463e-16,1.3184846035533475e-16,1.0223219962942e-16,0.00041523260079578961,-0.00041523260079646615,-6.7654215563095477e-16,0.00041523260079659994,0.00041523260079659441,5.5294310796760726e-18,-8.1033270371566601e-16,1.2826111700503517e-16,232,232,1.2265625,2
257,25.700000000000003,9.8431746433651032e-17,2.0560342741271913e-15,8.8817841970012523e-16,1.2416740677095514e-16,-2.4912256397806364e-17,0.0023457495310488241,-0.0023457495310481285,6.9562411386669964e-16,0.0023457495310482872,0.0023457495310482807,6.5052130349130266e-18,5.368969158148218e-16,1.5222198501696482e-16,246,246,1.240234375,2
258,25.800000000000001,9.0930800211899277e-17,1.9193665190241594e-15,9.1593399531575415e-16,1.0718524321145367e-16,-6.8216913731564718e-17,0.0032489257208450084,-0.0032489257208447864,2.2204460492503131e-16,0.0032489257208446697,0.0032489257208446623,7.3725747729014302e-18,3.3870475868447159e-16,-1.2403272853234171e-16,250,252,1.24609375,3
259,25.900000000000002,1.119813644033561e-16,2.3409375817038021e-15,1.2073675392798577e-15,1.2289309864137025e-16,-5.0930971625377958e-17,0.00048905268932664114,-0.00048905268932666369,-2.2551405187698492e-17,0.00048905268932664104,0.00048905268932663507,5.9631119486702744e-18,1.0842021724855044e-19,-2.8622937353617317e-17,250,250,1.244140625,2
260,26,1.0935038995341665e-16,2.2239576543779177e-15,1.2906342661267445e-15,1.27912165900546e-16,3.5420384259067346e-17,-0.0036194502809863138,0.0036194502809855332,-7.8062556418956319e-16,-0.0036194502809853966,-0.0036194502809853962,-4.3368086899420177e-19,-9.1723503792273675e-16,1.3704315460216776e-16,242,242,1.236328125,2
261,26.100000000000001,1.1895379063526503e-16,2.4427188186504525e-15,9.8185348740287282e-16,1.5171424170464507e-16,-1.4299288940240988e-17,-0.0039567163452218779,0.0039567163452226585,7.8062556418956319e-16,-0.003956716345222701,-0.0039567163452226941,-6.9388939039072284e-18,8.2312628935099497e-16,-3.5561831257524545e-17,228,228,1.22265625,2
262,26.200000000000003,1.3939325972421279e-16,2.9649624665126608e-15,1.27675647831893e-15,1.7731364201347896e-16,9.5592427454751688e-17,-0.00083092272368112674,0.00083092272368011366,-1.0130785099704553e-15,-0.00083092272368022533,-0.00083092272368022143,-3.903127820947816e-18,-9.0140568620444839e-16,-1.0776969594505914e-16,230,230,1.224609375,2
263,26.300000000000001,1.3831370540371657e-16,3.0132444464934285e-15,9.7144514654701197e-16,1.8527313120948882e-16,1.2673469074884162e-17,0.0023584759756403173,-0.0023584759756393389,9.783840404509192e-16,0.0023584759756393819,0.0023584759756393788,3.0357660829594124e-18,9.3544963442049323e-16,3.9898639947466563e-17,240,240,1.234375,2
264,26.400000000000002,1.6621370050383616e-16,3.6045464197925474e-15,1.0408340855860843e-15,2.2467278934168379e-16,9.2892955748642301e-17,0.0031974053724042051,-0.0031974053724047914,-5.863365348801608e-16,0.0031974053724046635,0.0031974053724046509,1.2576745200831851e-17,-4.5840067852687127e-16,-1.4051260155412137e-16,256,256,1.25,2
265,26.5,1.6776344450905292e-16,3.594490961641571e-15,1.2212453270876722e-15,2.2530044075559923e-16,2.4682020755331039e-17,0.0038322337398426498,-0.0038322337398417998,8.5001450322863548e-16,0.0038322337398415929,0.0038322337398415691,2.3852447794681098e-17,1.0568802777388697e-15,-2.3071822230491534e-16,234,234,1.228515625,2
266,26.600000000000001,2.4379958247286123e-16,5.155793322840197e-15,1.2212453270876722e-15,3.4488007885620866e-16,2.8992728243527776e-16,0.0032923699473013102,-0.0032923699473024377,-1.1275702593849246e-15,0.0032923699473021693,0.003292369947302178,-8.6736173798840355e-18,-8.5912180147751371e-16,-2.5977484052752686e-16,242,242,1.236328125,2
267,26.700000000000003,2.0609820119718225e-16,4.2650617918047477e-15,1.2836953722228372e-15,2.8182972558945672e-16,-4.3963026741031759e-17,0.0020263635937478597,-0.0020263635937480314,-1.717376241217039e-16,0.0020263635937474021,0.0020263635937474026,-4.3368086899420177e-19,4.5753331678888287e-16,-6.2883726004159257e-16,262,262,1.255859375,2
268,26.800000000000001,2.2476463884836285e-16,4.5530913585702856e-15,1.4988010832439613e-15,3.0640632037959124e-16,3.0460126511115852e-16,-0.00084567324548778799,0.00084567324548764748,-1.4051260155412137e-16,-0.00084567324548805265,-0.00084567324548805482,2.1684043449710089e-18,2.6465375030371163e-16,-4.0733475620280402e-16,230,230,1.224609375,2
269,26.900000000000002,2.8753311187616179e-16,5.6590175676414256e-15,1.762479051592436e-15,4.0516664302540863e-16,-2.2787916426189068e-16,-0.0024728419477337837,0.00247284194773356,-2.2377932840100812e-16,-0.0024728419477337148,-0.0024728419477337152,4.3368086899420177e-19,-6.8955258170078082e-17,-1.5525775109992423e-16,250,250,1.244140625,2
270,27,3.707922186598935e-16,7.3760300136774038e-15,2.0261570199409107e-15,5.4118057318732361e-16,3.3820233446030202e-16,-0.0029737524621751277,0.0029737524621743765,-7.5113526509795747e-16,-0.0029737524621744594,-0.0029737524621744637,4.3368086899420177e-18,-6.6830221912006493e-16,-8.7169854667834556e-17,220,220,1.21484375,2
271,27.100000000000001,3.0348622796057468e-16,6.1047782838510928e-15,2.2204460492503131e-15,4.1983728014163271e-16,8.2058869002972855e-17,-0.0014734595138641282,0.0014734595138649331,8.0491169285323849e-16,-0.0014734595138645174,-0.0014734595138645222,4.7704895589362195e-18,3.8922857992229609e-16,4.1091262337200618e-16,238,238,1.232421875,2
272,27.200000000000003,3.7634570313286206e-16,7.1687808300169837e-15,2.4702462297909733e-15,5.420587345953895e-16,1.5858005513842738e-16,0.00077950549876959485,-0.0007795054987694075,1.8735013540549517e-16,0.00077950549876950324,0.00077950549876950974,-6.5052130349130266e-18,9.1615083575025125e-17,1.0224026486538307e-16,260,260,1.25390625,2
273,27.300000000000001,3.2397084467023648e-16,6.0057440521338913e-15,2.1094237467877974e-15,4.5291621960273849e-16,4.4715725286515982e-16,-0.00028066353031341862,0.00028066353031363893,2.203098814490545e-16,-0.00028066353031385474,-0.00028066353031387106,1.6317242695906842e-17,4.3612032388229416e-16,-2.321276851291465e-16,226,226,1.220703125,2
274,27.400000000000002,4.0827358290945916e-16,7.5054899348941187e-15,2.005340338229189e-15,5.8529804601704742e-16,3.8404225640527016e-17,-0.0036287780354342658,0.0036287780354346353,3.6949610038305991e-16,-0.0036287780354349276,-0.0036287780354349207,-6.9388939039072284e-18,6.6179700608515191e-16,-2.8536201179818477e-16,264,264,1.2578125,2
275,27.5,4.3452176389779298e-16,7.9120898178496476e-15,2.1371793224034263e-15,6.3026599286537376e-16,-7.3541915362998557e-17,-0.0029958578055691021,0.0029958578055693241,2.2204460492503131e-16,-0.0029958578055696333,-0.0029958578055696446,1.1275702593849246e-17,5.3125906451789717e-16,-3.2049016218671511e-16,242,242,1.236328125,2
276,27.600000000000001,4.7076935881511028e-16,8.4389384696921992e-15,2.4286128663675299e-15,6.843905511619763e-16,6.1026849989711955e-16,-0.0021001209550313149,0.0021001209550304684,-8.4654505627668186e-16,-0.0021001209550310473,-0.0021001209550310525,5.2041704279304213e-18,-2.6758109616942249e-16,-5.8416813053518979e-16,216,216,1.2109375,2
277,27.700000000000003,5.2029198396007303e-16,9.3656488877017465e-15,2.3731017151362721e-15,7.65703596516021e-16,2.8026396116061922e-16,-0.0023707037838409661,0.0023707037838410078,4.163336342344337e-17,-0.002370703783841647,-0.0023707037838416548,7.8062556418956319e-18,6.8087896432089678e-16,-6.4705185653934905e-16,242,242,1.236328125,2
278,27.800000000000001,4.3887773119114724e-16,7.6857989708451861e-15,2.3279989047608751e-15,6.3944592418947906e-16,8.6369338361366987e-16,-0.0045465838889704457,0.0045465838889707025,2.5673907444456745e-16,-0.0045465838889710147,-0.0045465838889709844,-3.0357660829594124e-17,5.6898930012039273e-16,-2.8189256484623115e-16,238,238,1.232421875,2
279,27.900000000000002,4.3753007853539277e-16,7.412938246428241e-15,3.0947466811426239e-15,6.2017963040858796e-16,-5.8136347963733558e-17,-0.0036154828538403905,0.0036154828538402933,-9.7144514654701197e-17,-0.0036154828538405327,-0.003615482853840534,1.3010426069826053e-18,1.4224732503009818e-16,-2.4069288229178198e-16,236,236,1.23046875,2
280,28,4.2878283322431835e-16,7.4520186858843882e-15,2.2315049114096652e-15,6.0389247061719845e-16,1.3171113390690041e-16,0.0027347139392421838,-0.0027347139392415801,6.0368376963992887e-16,0.0027347139392413715,0.0027347139392413715,0,8.1228426762613992e-16,-2.0860049798621105e-16,222,222,1.216796875,2
281,28.100000000000001,4.8115166808017735e-16,8.3010661244282949e-15,3.0565827646711341e-15,6.8936009346351728e-16,3.5921476468752347e-16,0.0034958523399009067,-0.0034958523399005112,3.9551695252271202e-16,0.0034958523399004869,0.0034958523399004999,-1.3010426069826053e-17,4.1980308118638732e-16,-1.1275702593849246e-17,272,272,1.265625,2
282,28.200000000000003,4.7269071281774062e-16,8.113513879282152e-15,2.9420910152566648e-15,6.5846414319594305e-16,3.1297374270783823e-16,0.00010718278549148863,-0.00010718278549113822,3.5041414214731503e-16,0.00010718278549126755,0.00010718278549124456,2.2985086056692694e-17,2.2108237549695042e-16,1.0634668059367192e-16,244,244,1.23828125,2
283,28.300000000000001,6.7800083569074448e-16,1.1549684079769839e-14,4.1910919179599659e-15,9.9462240320361299e-16,7.414699805369721e-16,-0.0012306774094970052,0.0012306774094972862,2.8102520310824275e-16,-0.0012306774094969311,-0.0012306774094969517,2.0599841277224584e-17,-7.4159428598008503e-17,3.3458479042902667e-16,240,240,1.234375,2
284,28.400000000000002,5.2897234698332477e-16,8.8575227716223152e-15,3.0032400177848473e-15,7.645118211592342e-16,-2.4858217755090553e-16,-0.0020027222465941463,0.0020027222465938861,-2.6020852139652106e-16,-0.0020027222465938423,-0.0020027222465938532,1.0842021724855044e-17,-3.0401028916493544e-16,3.2959746043559335e-17,230,230,1.224609375,2
285,28.5,5.2526778387423461e-16,8.7867479031887649e-15,3.174543961037557e-15,7.5979537627279974e-16,-7.5450694779199062e-16,-0.0030956908823629448,0.0030956908823628511,-9.3675067702747583e-17,-0.0030956908823629131,-0.0030956908823628893,-2.3852447794681098e-17,-3.1658703436576729e-17,-3.8163916471489756e-17,224,224,1.21875,2
286,28.600000000000001,5.3204516357999852e-16,9.1388050583153796e-15,2.9629076969683865e-15,7.6717007524551421e-16,-4.8234888889530595e-16,-0.0022501341870171387,0.002250134187015633,-1.5057399771478686e-15,-0.0022501341870156321,-0.0022501341870156183,-1.3877787807814457e-17,-1.506607338885857e-15,1.474514954580286e-17,250,250,1.244140625,2
287,28.700000000000003,5.0326949561681841e-16,8.9565458039194561e-15,3.1329105976141136e-15,7.0968669382335845e-16,3.9619730755960027e-16,0.0005834399263697776,-0.00058343992636913228,6.4531713306337224e-16,0.00058343992636899513,0.00058343992636899784,-2.7105054312137611e-18,7.8246870788278855e-16,-1.3444106938820255e-16,244,244,1.23828125,2
288,28.800000000000001,6.5399516643027095e-16,1.1835506836956874e-14,3.219646771412954e-15,9.5015655167838389e-16,-2.3552631166804114e-16,0.0011553677439124499,-0.001155367743913692,-1.2420620087993939e-15,0.0011553677439134994,0.0011553677439134775,2.190088388420719e-17,-1.0495077029659683e-15,-2.1445518971763278e-16,262,262,1.255859375,2
289,28.900000000000002,5.7949880043959991e-16,1.0281428648085928e-14,2.9837243786801082e-15,8.3280517602059225e-16,-6.0708380415751874e-16,0.001271032120138571,-0.0012710321201392302,-6.591949208711867e-16,0.0012710321201389128,0.0012710321201389394,-2.6671373443143409e-17,-3.41740524767431e-16,-2.9078302266061229e-16,236,236,1.23046875,2
290,29,5.0885103707902456e-16,8.7068476011835622e-15,3.0531133177191805e-15,7.1020432359835943e-16,-1.7983810049807319e-16,0.0024103139624127579,-0.0024103139624138334,-1.0755285551056204e-15,0.0024103139624134504,0.0024103139624134305,1.9949319973733282e-17,-6.9258834778374023e-16,-4.0288952729561345e-16,248,248,1.2421875,2
291,29.100000000000001,4.8491218514941975e-16,8.2145700820301805e-15,2.9976021664879227e-15,6.8105904650333325e-16,-4.774906814216985e-16,0.00097983734438322756,-0.0009798373443827002,5.2735593669694936e-16,0.00097983734438262106,0.00097983734438261477,6.2883726004159257e-18,6.0650269528839118e-16,-8.5435131191857749e-17,250,250,1.244140625,2
292,29.200000000000003,6.6233015081138025e-16,1.116233976884788e-14,3.7747582837255322e-15,9.4382934460256982e-16,-1.8678100484700158e-16,0.0026748514915855282,-0.0026748514915862637,-7.3552275381416621e-16,0.0026748514915867303,0.0026748514915867294,8.6736173798840355e-19,-1.2021633688519273e-15,4.657732532997727e-16,220,220,1.21484375,2
293,29.300000000000001,5.3992497397870271e-16,9.1539295141577515e-15,3.7470027081099033e-15,7.5602621862386101e-16,-3.4940782840222277e-16,0.0052414117378045688,-0.0052414117378028896,1.6792123247455493e-15,0.0052414117378033189,0.0052414117378033328,-1.3877787807814457e-17,1.2498682644412895e-15,4.4322184811207421e-16,228,228,1.22265625,2
294,29.400000000000002,4.6950757443615117e-16,7.8923661215910709e-15,2.4980018054066022e-15,6.4439550827720036e-16,-7.1390124190330097e-16,0.0045871348135921863,-0.0045871348135936192,-1.4328815911568427e-15,0.0045871348135936886,0.0045871348135936895,-8.6736173798840355e-19,-1.5022705301959149e-15,7.0256300777060687e-17,262,262,1.255859375,2
295,29.5,3.8804034004860584e-16,6.4635764209297955e-15,2.6159630017730251e-15,5.3106859791005071e-16,-3.137001762657584e-17,0.0031072383829400252,-0.0031072383829398482,1.7694179454963432e-16,0.003107238382939804,0.0031072383829398027,1.3010426069826053e-18,2.211772431870429e-16,-4.5536491244391186e-17,224,224,1.21875,2
296,29.600000000000001,3.852911489079149e-16,6.405129553663228e-15,2.4702462297909733e-15,5.2840403409005815e-16,-7.5478714055563152e-16,0.0019228076909811875,-0.0019228076909827418,-1.5543122344752192e-15,0.0019228076909826607,0.0019228076909826677,-6.9388939039072284e-18,-1.4732139119733034e-15,-7.4159428598008503e-17,220,220,1.21484375,2
297,29.700000000000003,6.3772520649506308e-16,1.0803213002027855e-14,3.5388358909926865e-15,8.9175141642988068e-16,-6.6334917702657999e-16,0.00080296260156131893,-0.00080296260156084015,4.7878367936959876e-16,0.00080296260156051901,0.00080296260156051001,8.9988780316296868e-18,7.9992436285980517e-16,-3.301395615218361e-16,266,266,1.259765625,2
298,29.800000000000001,5.2417889526488704e-16,8.9914625086158283e-15,2.9004576518332215e-15,7.4509181736819605e-16,-6.8135794757145982e-16,0.00057984891290274732,-0.0005798489129045601,-1.8127860323957634e-15,0.00057984891290429024,0.00057984891290427886,1.1384122811097797e-17,-1.5429281116641214e-15,-2.8124204354273985e-16,246,246,1.240234375,2
299,29.900000000000002,4.0442799026401317e-16,6.9930476867304981e-15,2.8033131371785203e-15,5.5185604705892477e-16,-4.5576384604271825e-16,0.0010923807469822577,-0.0010923807469831173,-8.5955548234650792e-16,0.0010923807469833712,0.0010923807469833777,-6.5052130349130266e-18,-1.1134756311426131e-15,2.6042536183101817e-16,232,232,1.2265625,2
300,30,5.7078186188849222e-16,9.6809711406415472e-15,3.2751579226442118e-15,7.9420342954215572e-16,-8.8302479491104304e-16,7.764302738522133e-06,-7.7643027381361571e-06,3.8597597340483958e-16,7.7643027385653944e-06,7.7643027385568411e-06,8.5533387013739248e-18,-4.3261360748066136e-17,4.2068399545153179e-16,234,234,1.228515625,2
