step,time,gauss_rms,gauss_max,gauge_rms,field_energy,kinetic_energy,total_energy,rho_mode,E_mode_re,E_mode_im,E_mode_abs,theory_E_abs,E_over_theory,mean_rho,picard_iterations,picard_current_error,picard_velocity_error,crossing_particles,avg_path_segments,max_path_segments
0,0,1.8263607834754157e-16,4.2020975517570952e-16,0,2.9505957516126747e-31,11.187064626252171,11.187064626252171,1.3030685666305035e-17,-1.2435509817517222e-17,3.8931817980259107e-18,1.3030685666305035e-17,nan,nan,0,0,nan,nan,0,0,1
1,0.025000000000000001,1.8263810499108167e-16,4.2077886314162427e-16,4.0371845197353203e-21,1.5103893912391328e-05,11.187049522358262,11.187064626252173,0.00024675993557104494,-1.3072195554235841e-17,0.00024675993557104494,0.00024675993557104494,nan,nan,4.632211430296955e-22,4,3.5378426049049408e-12,8.8107688364328283e-17,0,1,1
2,0.050000000000000003,1.8264084630755208e-16,4.2034518227263007e-16,2.1359203819076433e-20,6.0370708262849133e-05,11.18700425554391,11.187064626252173,0.00049333653919657566,-1.2350987121281716e-17,0.00049333653919657577,0.00049333653919657577,nan,nan,-1.0587911840678754e-22,4,7.0677915585018433e-12,1.365270508840994e-16,8192,1.0625,2
3,0.075000000000000011,1.8264437510732763e-16,4.2110412379336992e-16,5.7812512227119894e-20,0.00013564630460314859,11.186928979947568,11.187064626252171,0.00073949300156300128,-1.252955350926258e-17,0.00073949300156300139,0.00073949300156300139,nan,nan,1.5881867761018131e-22,4,7.0846291220024798e-12,1.2582047015139255e-16,0,1,1
4,0.10000000000000001,1.8264751154653543e-16,4.2023676205538152e-16,1.2415542106867229e-19,0.00024071768755990494,11.186823908564612,11.187064626252173,0.00098510834674479276,-1.2724387748614032e-17,0.00098510834674479276,0.00098510834674479276,nan,nan,1.0852609636695723e-21,4,7.0716350399996787e-12,1.3605482597552848e-16,0,1,1
5,0.125,1.8267667470277821e-16,4.2457357074532354e-16,2.3096339642442115e-19,0.00037527867227754721,11.186689347579895,11.187064626252173,0.0012300048634980767,-1.2657549215712716e-17,0.0012300048634980767,0.0012300048634980767,nan,nan,1.1382005228729661e-21,4,7.067309808369596e-12,1.2315857638436912e-16,4608,1.03515625,2
6,0.15000000000000002,1.8271563231805442e-16,4.2674197509029455e-16,3.4693213476986794e-19,0.00053880325421434318,11.186525822997957,11.187064626252171,0.0014738213958350457,-1.234990008169649e-17,0.0014738213958350457,0.0014738213958350457,nan,nan,-1.1117307432712692e-21,4,7.0878636441219998e-12,1.3769151168973562e-16,3584,1.02734375,2
7,0.17500000000000002,1.8272339228101958e-16,4.2934406030425976e-16,5.6774538398904957e-19,0.00073089461596491444,11.186333731636209,11.187064626252173,0.0017165520370655751,-1.2591765862986369e-17,0.0017165520370655751,0.0017165520370655751,nan,nan,2.6469779601696886e-23,4,7.0823376348837034e-12,1.3365916236600521e-16,0,1,1
8,0.20000000000000001,1.8276350969264275e-16,4.3324718812520757e-16,7.6474398265029944e-19,0.00095100972090773222,11.186113616531266,11.187064626252173,0.001958041483807996,-1.2057234296701838e-17,0.0019580414838079956,0.0019580414838079956,nan,nan,-3.705769144237564e-22,4,7.0956899610945462e-12,1.3447706464183115e-16,3072,1.0234375,2
9,0.22500000000000001,1.8286036094029038e-16,4.3541559247017858e-16,1.0771625081361334e-18,0.0011982294175102784,11.185866396834662,11.187064626252171,0.0021978558357296481,-1.1982208715963046e-17,0.0021978558357296481,0.0021978558357296481,nan,nan,2.9116757561866574e-21,4,7.091049868614669e-12,1.3349705946202998e-16,5120,1.0390625,2
10,0.25,1.8287553641901285e-16,4.3324718812520757e-16,1.4114948911419324e-18,0.0014719398807465176,11.185592686371427,11.187064626252173,0.0024359817031857269,-1.1412369799286054e-17,0.0024359817031857261,0.0024359817031857261,nan,nan,1.164670302474663e-21,4,7.0946972975439866e-12,1.3465066694461908e-16,0,1,1
11,0.27500000000000002,1.8293706215418429e-16,4.3888503942213219e-16,1.9372208317731953e-18,0.0017714477284579793,11.185293178523715,11.187064626252173,0.0026723473597278814,-1.1129974468214464e-17,0.0026723473597278806,0.0026723473597278806,nan,nan,1.9058241313221758e-21,4,7.1166024321904908e-12,1.2515559360841552e-16,2560,1.01953125,2
12,0.30000000000000004,1.8300217221712428e-16,4.3454823073219018e-16,2.2197739962785447e-18,0.0020955270987388641,11.184969099153435,11.187064626252173,0.00290653216010083,-1.1176379642366817e-17,0.0029065321601008292,0.0029065321601008292,nan,nan,-3.705769144237564e-21,4,7.1145254600664651e-12,1.3558243727451896e-16,3584,1.02734375,2
13,0.32500000000000001,1.8304822046988777e-16,4.3368086899420177e-16,2.7059372332331281e-18,0.0024431602304559609,11.184621466021717,11.187064626252173,0.0031383702587073434,-1.1424523341482111e-17,0.0031383702587073426,0.0031383702587073426,nan,nan,-4.6586812098986519e-21,4,7.0845847434038695e-12,1.2483085859173046e-16,2048,1.015625,2
14,0.35000000000000003,1.8310566043179228e-16,4.3021142204224816e-16,3.2720464778912237e-18,0.0028136562754744964,11.184250969976699,11.187064626252173,0.0033679327927418892,-1.0483744916205964e-17,0.0033679327927418883,0.0033679327927418883,nan,nan,-1.0217334926254998e-20,4,7.110777169654719e-12,1.3433891381886349e-16,1536,1.01171875,2
15,0.375,1.832400465812835e-16,4.2674197509029455e-16,3.6727278548175436e-18,0.003205575628140609,11.183859050624031,11.187064626252171,0.0035948487360233346,-1.160349931524437e-17,0.0035948487360233337,0.0035948487360233337,nan,nan,-9.3703019790006975e-21,4,7.1107184664986413e-12,1.3427332586719016e-16,3584,1.02734375,2
16,0.40000000000000002,1.8340506463404558e-16,4.2067044292437572e-16,4.3379154125555829e-18,0.0036174361607719877,11.183447190091401,11.187064626252173,0.0038188070825700372,-1.2252740368595503e-17,0.0038188070825700359,0.0038188070825700359,nan,nan,-9.476181097407485e-21,4,7.1100647622104658e-12,1.2933143628205015e-16,3072,1.0234375,2
17,0.42500000000000004,1.8372431081168496e-16,4.2457357074532354e-16,4.7986985013146834e-18,0.004048508230315404,11.183016118021857,11.187064626252173,0.0040399355331070044,-1.0986408476513425e-17,0.0040399355331070036,0.0040399355331070036,nan,nan,-9.1056041829837286e-21,4,7.1126091600680335e-12,1.3377550023499395e-16,1024,1.0078125,2
18,0.45000000000000001,1.8393426688727589e-16,4.2717565595928875e-16,5.6686480462266186e-18,0.004497301734366398,11.182567324517807,11.187064626252173,0.0042579700827947882,-1.0406992969726029e-17,0.0042579700827947865,0.0042579700827947865,nan,nan,-1.2176098616780567e-20,4,7.0933732744793217e-12,1.2786246893098401e-16,3072,1.0234375,2
19,0.47500000000000003,1.8470205116875923e-16,4.5146178462296405e-16,6.1498618325058656e-18,0.0049619647732816758,11.182102661478892,11.187064626252173,0.0044725282828675904,-9.8618756516322828e-18,0.0044725282828675869,0.0044725282828675869,nan,nan,-1.4505439221729893e-20,4,7.1207056358703986e-12,1.2451970860007085e-16,2560,1.01953125,2
20,0.5,1.8548253534075228e-16,4.6967638112072052e-16,7.5404616355330338e-18,0.0054414914147277978,11.181623134837444,11.187064626252171,0.0046836543003873597,-9.9169905910579675e-18,0.004683654300387358,0.004683654300387358,nan,nan,-9.5291206566108788e-21,4,7.1317904241442955e-12,1.3427704063376582e-16,1536,1.01171875,2
21,0.52500000000000002,1.8688982524144074e-16,4.9482987152238422e-16,8.2301110057022516e-18,0.0059345706118560243,11.181130055640317,11.187064626252173,0.0048912531912847657,-8.8503484096035923e-18,0.004891253191284764,0.004891253191284764,nan,nan,-4.6586812098986519e-21,4,7.1119835220340403e-12,1.2240342884897658e-16,3584,1.02734375,2
22,0.55000000000000004,1.8850430993260822e-16,4.9613091412936683e-16,8.7581194923740987e-18,0.0064390843946171891,11.180625541857555,11.187064626252173,0.0050949182579175002,-8.8796791501945728e-18,0.0050949182579174985,0.0050949182579174985,nan,nan,-4.8704394467122269e-21,4,7.1344397227797708e-12,1.3013370458241614e-16,1536,1.01171875,2
23,0.57500000000000007,1.9003518432732971e-16,5.1608023410310011e-16,9.7368182212886104e-18,0.0069536641270865826,11.180110962125086,11.187064626252173,0.0052945811334254855,-9.0003993614720512e-18,0.0052945811334254847,0.0052945811334254847,nan,nan,-1.0587911840678754e-22,4,7.1450923229699428e-12,1.2731339311253087e-16,3072,1.0234375,2
24,0.60000000000000009,1.9230078553345634e-16,5.0567189324723927e-16,9.8738745349742688e-18,0.0074771722054294155,11.179587454046745,11.187064626252175,0.0054902617536265368,-9.4454944130039833e-18,0.0054902617536265342,0.0054902617536265342,nan,nan,7.6232965252887031e-21,4,7.1366062465693174e-12,1.2084217823179215e-16,3072,1.0234375,2
25,0.625,1.9566045759162785e-16,5.2648857495896095e-16,9.8324861248868685e-18,0.0080074054626477088,11.179057220789526,11.187064626252173,0.0056815907442681881,-8.9777889699115255e-18,0.0056815907442681873,0.0056815907442681873,nan,nan,1.6940658945086007e-21,4,7.1494885413774964e-12,1.3746549056862666e-16,2048,1.015625,2
26,0.65000000000000002,1.9682473008333489e-16,5.2128440453103053e-16,9.3460546890084811e-18,0.0085427277321683034,11.178521898520005,11.187064626252173,0.0058684301331806271,-8.7999323687945057e-18,0.0058684301331806263,0.0058684301331806263,nan,nan,1.7046538063492794e-20,4,7.1416572141962377e-12,1.1855333398410383e-16,2048,1.015625,2
27,0.67500000000000004,1.9881970364982132e-16,5.143455106271233e-16,9.4213924337534206e-18,0.0090819320419900131,11.177982694210183,11.187064626252173,0.0060507939951525,-9.6455509603438696e-18,0.0060507939951524982,0.0060507939951524982,nan,nan,1.334076891925523e-20,4,7.1465075008822093e-12,1.1970684223595689e-16,4096,1.03125,2
28,0.70000000000000007,2.0191124248429914e-16,5.5597887405056667e-16,9.5665534105928654e-18,0.0096229982566876319,11.177441627995485,11.187064626252173,0.0062284235368530588,-1.054613377768312e-17,0.0062284235368530554,0.0062284235368530554,nan,nan,1.0164395367051604e-20,4,7.1661624073343463e-12,1.2090341390196057e-16,1024,1.0078125,2
29,0.72500000000000009,2.0826687992293761e-16,5.6638721490642752e-16,1.0620936717963562e-17,0.01016411951839905,11.176900506733773,11.187064626252171,0.0064011423608907256,-1.1202965045766371e-17,0.0064011423608907221,0.0064011423608907221,nan,nan,1.2281977735187355e-20,4,7.1901376444258182e-12,1.2153153448927172e-16,2048,1.015625,2
30,0.75,2.0825527073273603e-16,5.6812193838240432e-16,1.0303002232998247e-17,0.010703903876357191,11.176360722375815,11.187064626252171,0.0065689098239114924,-1.117263572582766e-17,0.0065689098239114906,0.0065689098239114906,nan,nan,1.334076891925523e-20,4,7.1726975402799768e-12,1.2071598818743311e-16,4096,1.03125,2
31,0.77500000000000002,2.121657692300707e-16,5.8807125835613761e-16,1.0192935342314262e-17,0.011240583377773455,11.1758240428744,11.187064626252173,0.0067315694779935386,-1.0922979727871492e-17,0.0067315694779935369,0.0067315694779935369,nan,nan,1.8422966602781032e-20,4,7.1866080706173329e-12,1.1381969798198171e-16,2048,1.015625,2
32,0.80000000000000004,2.162641227461234e-16,5.9240806704607962e-16,1.0662211345445191e-17,0.011772323325210055,11.175292302926962,11.187064626252173,0.0068889451696568975,-1.1340683140605755e-17,0.0068889451696568967,0.0068889451696568967,nan,nan,1.3658406274475593e-20,4,7.1993349834594338e-12,1.1867164614393932e-16,1024,1.0078125,2
33,0.82500000000000007,2.1920175952303164e-16,6.0368376963992887e-16,1.1504343762463612e-17,0.012297625459328543,11.174767000792844,11.187064626252173,0.0070409606172383808,-1.1089530453642764e-17,0.0070409606172383791,0.0070409606172383791,nan,nan,9.5291206566108788e-21,4,7.2029308477970391e-12,1.1766866949370985e-16,4608,1.03515625,2
34,0.85000000000000009,2.2426838664400229e-16,6.0541849311590568e-16,1.2408347112727779e-17,0.012814787333447118,11.174249838918726,11.187064626252173,0.0071874810103518217,-1.1947523477889196e-17,0.0071874810103518209,0.0071874810103518209,nan,nan,1.1117307432712692e-20,4,7.2012890934051574e-12,1.0849079000243505e-16,2048,1.015625,2
35,0.875,2.2764831881520583e-16,6.1582683397176652e-16,1.2253886331784301e-17,0.013322183179660973,11.173742443072511,11.187064626252171,0.007328388833454158,-1.1147986633258868e-17,0.0073283888334541572,0.0073283888334541572,nan,nan,-2.0117032497289633e-21,4,7.2281711342650858e-12,1.1445899250705244e-16,1536,1.01171875,2
36,0.90000000000000002,2.3041098347075231e-16,6.4011296263544182e-16,1.3364272576998246e-17,0.013818312486064046,11.173246313766109,11.187064626252173,0.0074635945444355631,-1.1942047874417655e-17,0.0074635945444355622,0.0074635945444355622,nan,nan,-1.3552527156068805e-20,4,7.2457019267593183e-12,1.1978124315517247e-16,2560,1.01953125,2
37,0.92500000000000004,2.3532092396175046e-16,6.5052130349130266e-16,1.2676414653702233e-17,0.014301407870566957,11.172763218381606,11.187064626252173,0.0075929351130259544,-1.2218887533463296e-17,0.0075929351130259544,0.0075929351130259544,nan,nan,-4.4469229730850768e-21,4,7.2370819198233854e-12,1.0999107922421787e-16,4096,1.03125,2
38,0.95000000000000007,2.4056745285615408e-16,6.5922202592549883e-16,1.2716994838190445e-17,0.014770143118163784,11.172294483134008,11.187064626252171,0.0077163604212468423,-1.2192895214846291e-17,0.0077163604212468406,0.0077163604212468406,nan,nan,1.6940658945086007e-21,4,7.2390853029219866e-12,1.089815013884255e-16,1024,1.0078125,2
39,0.97500000000000009,2.461325961472449e-16,7.5113526509795747e-16,1.3824797097773634e-17,0.015223131300307297,11.171841494951867,11.187064626252175,0.0078337909073941461,-1.3098382755017322e-17,0.0078337909073941427,0.0078337909073941427,nan,nan,-1.0587911840678754e-21,4,7.2899866834429673e-12,9.3935001726727027e-17,2560,1.01953125,2
40,1,2.4978549170073617e-16,8.0144224590128488e-16,1.7055613844082674e-17,0.015658631057175087,11.171405995194997,11.187064626252171,0.0079450511448106512,-1.3548687752183654e-17,0.0079450511448106477,0.0079450511448106477,nan,nan,1.249373597200093e-20,4,7.3015430050857735e-12,9.6353636150065438e-17,4096,1.03125,2
41,1.0250000000000001,2.6304966443329062e-16,8.1358531023312253e-16,1.8337594413695662e-17,0.016075448472586587,11.170989177779587,11.187064626252173,0.0080500999865285791,-1.4045225233228719e-17,0.0080500999865285774,0.0080500999865285774,nan,nan,1.7787691892340307e-20,4,7.2754673947069904e-12,1.054135212327919e-16,1024,1.0078125,2
42,1.05,2.7699067567697653e-16,8.552186736565659e-16,1.9093193884944664e-17,0.016472484205964984,11.170592142046209,11.187064626252173,0.0081489040656986533,-1.5022668324600978e-17,0.0081489040656986499,0.0081489040656986499,nan,nan,1.164670302474663e-20,4,7.3324460345023145e-12,9.6325993997342639e-17,2560,1.01953125,2
43,1.075,2.8914289486116982e-16,9.046582927219049e-16,1.9575571820337826e-17,0.016848188791163479,11.17021643746101,11.187064626252173,0.0082413086671449289,-1.5446963198375554e-17,0.0082413086671449254,0.0082413086671449254,nan,nan,2.6258021364883311e-20,4,7.3418833574696887e-12,8.7266452860068999e-17,2560,1.01953125,2
44,1.1000000000000001,3.0819054226812926e-16,9.2720969790960339e-16,2.0705562239041703e-17,0.017201274160295113,11.169863352091879,11.187064626252173,0.0083272166954434304,-1.4763637070232736e-17,0.0083272166954434252,0.0083272166954434252,nan,nan,1.5670109524204556e-20,4,7.3503761114863623e-12,1.0298886895148723e-16,2560,1.01953125,2
45,1.125,3.1687343369379034e-16,8.9771939881799767e-16,2.1313085226087388e-17,0.017531091888193955,11.169533534363978,11.187064626252173,0.0084066714391942236,-1.6203518028897444e-17,0.0084066714391942202,0.0084066714391942202,nan,nan,2.3928680759933985e-20,4,7.3527330526099278e-12,9.7408503727144222e-17,1024,1.0078125,2
46,1.1500000000000001,3.2558994803289289e-16,9.1506663357776574e-16,2.1908821901234787e-17,0.017836384314040384,11.169228241938132,11.187064626252173,0.0084795542495236451,-1.5356751127899102e-17,0.0084795542495236399,0.0084795542495236399,nan,nan,1.2705494208814505e-20,4,7.4253859480405992e-12,8.6824967650277772e-17,4608,1.03515625,2
47,1.175,3.4726583809281248e-16,9.783840404509192e-16,2.2140978150932123e-17,0.01811577174395276,11.168948854508219,11.187064626252171,0.0085457089781080693,-1.4891432642468811e-17,0.0085457089781080658,0.0085457089781080658,nan,nan,2.9010878443459787e-20,4,7.4699381975122585e-12,8.6902676176694808e-17,2560,1.01953125,2
48,1.2000000000000002,3.5350924153198004e-16,1.0070069778045365e-15,2.4677119883149648e-17,0.018368965474839176,11.168695660777335,11.187064626252173,0.008605223619867753,-1.5964931713103421e-17,0.0086052236198677495,0.0086052236198677495,nan,nan,4.2351647362715017e-22,4,7.4493934622959328e-12,7.6352499010259712e-17,1024,1.0078125,2
49,1.2250000000000001,3.5645827289579148e-16,1.0651202142497596e-15,2.4670021037114697e-17,0.018595137255144778,11.168469488997028,11.187064626252173,0.0086580408811917642,-1.476297815557862e-17,0.0086580408811917607,0.0086580408811917607,nan,nan,1.5670109524204556e-20,4,7.5765510528883409e-12,7.864735966047656e-17,3584,1.02734375,2
50,1.25,3.610605720313362e-16,1.0286910212542466e-15,2.6200506026812293e-17,0.018792948633711636,11.168271677618462,11.187064626252173,0.0087039736423867656,-1.55184082443949e-17,0.0087039736423867621,0.0087039736423867621,nan,nan,-4.2351647362715017e-21,4,7.733316567342716e-12,7.3035157976234696e-17,3072,1.0234375,2
51,1.2750000000000001,3.70568490765169e-16,1.07032438467769e-15,2.8043971928398101e-17,0.01896224853023706,11.168102377721937,11.187064626252173,0.0087430958850844027,-1.5077532453873063e-17,0.0087430958850843975,0.0087430958850843975,nan,nan,-8.4703294725430034e-22,4,7.7622140119843246e-12,6.4462542068286183e-17,1536,1.01171875,2
52,1.3,3.7128112011291788e-16,1.1119577481011333e-15,3.0557516587623088e-17,0.019102762591523253,11.167961863660651,11.187064626252173,0.0087754347333819198,-1.4768788273962035e-17,0.0087754347333819163,0.0087754347333819163,nan,nan,-4.0234064994579266e-21,4,7.9099340876769742e-12,6.3221767323536706e-17,2560,1.01953125,2
53,1.3250000000000002,3.7788465472122705e-16,1.1830814106161824e-15,3.1434184444999596e-17,0.019213376904198907,11.167851249347974,11.187064626252173,0.0088008105748533724,-1.4662071557826286e-17,0.0088008105748533672,0.0088008105748533672,nan,nan,-2.9646153153900512e-21,4,8.2300765528651025e-12,6.4469342884551656e-17,2560,1.01953125,2
54,1.3500000000000001,3.7866192845771552e-16,1.2004286453759505e-15,3.4411504160134462e-17,0.019293890388110205,11.167770735864062,11.187064626252173,0.0088192372614478102,-1.4793422336270516e-17,0.0088192372614478067,0.0088192372614478067,nan,nan,8.0468129989158532e-21,4,8.6559238724738946e-12,5.3096833454308172e-17,2560,1.01953125,2
55,1.375,3.8804981427324537e-16,1.1475195793586579e-15,3.6008027175542572e-17,0.019344607984744848,11.167720018267428,11.187064626252173,0.0088308277430671558,-1.5794991246971225e-17,0.0088308277430671506,0.0088308277430671506,nan,nan,-8.4703294725430034e-21,4,9.3762264050298368e-12,4.9643335401305069e-17,2560,1.01953125,2
56,1.4000000000000001,4.004491006192845e-16,1.2698175844150228e-15,3.8747893924228052e-17,0.019364775865050237,11.167699850387121,11.187064626252171,0.0088354373147583216,-1.5446155217123036e-17,0.0088354373147583164,0.0088354373147583164,nan,nan,-2.8799120206646212e-20,5,1.9992943514050243e-14,8.8503259789482593e-19,2560,1.01953125,2
57,1.425,4.0797682763804203e-16,1.3201245652183502e-15,3.9405416681397499e-17,0.019354150156241999,11.16771047609593,11.187064626252173,0.0088330206572437113,-1.5993643501919798e-17,0.0088330206572437061,0.0088330206572437061,nan,nan,-2.2869889575866109e-20,4,4.5847395259556855e-12,1.2284640661007678e-17,3072,1.0234375,2
58,1.4500000000000002,4.1707708235970385e-16,1.3478801408339791e-15,4.1266608697598328e-17,0.019313435104048305,11.167751191148126,11.187064626252175,0.0088237330237252269,-1.6057017451387017e-17,0.0088237330237252234,0.0088237330237252234,nan,nan,-1.7575933655526732e-20,4,3.9517180529018414e-12,2.3169087604688785e-17,1536,1.01171875,2
59,1.4750000000000001,4.3492647525449569e-16,1.3183898417423734e-15,4.1593257502290057e-17,0.019242415540650034,11.167822210711524,11.187064626252173,0.0088075036301991268,-1.6078964014836268e-17,0.0088075036301991233,0.0088075036301991233,nan,nan,-3.3881317890172014e-21,4,5.2637005942213124e-12,3.6062383589916164e-17,3072,1.0234375,2
60,1.5,4.5723270256260759e-16,1.375635716449608e-15,4.2589714647349995e-17,0.019140864143821018,11.167923762108352,11.187064626252173,0.0087842414236674916,-1.6243342326734654e-17,0.0087842414236674882,0.0087842414236674882,nan,nan,-5.7174723939665273e-21,4,5.8628931269109173e-12,4.9661292209395781e-17,2560,1.01953125,2
61,1.5250000000000001,4.6598241728676467e-16,1.4883927423881005e-15,4.3863911385914162e-17,0.019009661946446162,11.168054964305727,11.187064626252173,0.0087540929399098563,-1.5222596930072474e-17,0.0087540929399098494,0.0087540929399098494,nan,nan,9.952637130238029e-21,4,6.1647254551905651e-12,5.3458795007535697e-17,1536,1.01171875,2
62,1.55,4.8153160421745261e-16,1.762479051592436e-15,4.5196615040331037e-17,0.018849254919892894,11.16821537133228,11.187064626252173,0.0087170901135715587,-1.5820550338219389e-17,0.0087170901135715517,0.0087170901135715517,nan,nan,1.164670302474663e-20,4,6.3089996860328604e-12,6.9783219296891255e-17,2560,1.01953125,2
63,1.5750000000000002,4.8933611085443387e-16,1.7590096046404824e-15,4.6878466958983231e-17,0.01865952104185057,11.168405105210324,11.187064626252175,0.0086731169176531356,-1.5726546389272639e-17,0.0086731169176531286,0.0086731169176531286,nan,nan,-1.2705494208814505e-21,4,6.3832420064556436e-12,7.1276253060805279e-17,3072,1.0234375,2
64,1.6000000000000001,4.7616579325703665e-16,1.5334955527634975e-15,5.0321698968406686e-17,0.018441379965101208,11.168623246287073,11.187064626252173,0.0086222807576742302,-1.5321951831394871e-17,0.008622280757674225,0.008622280757674225,nan,nan,1.4823076576950256e-21,4,6.5269826744107385e-12,7.7466162537194181e-17,2048,1.015625,2
65,1.625,4.5806142335161896e-16,1.3977534407683123e-15,5.2139152849220939e-17,0.018195889734315896,11.168868736517858,11.187064626252173,0.0085647088828357081,-1.5693122037667064e-17,0.0085647088828357028,0.0085647088828357028,nan,nan,-9.1056041829837286e-21,4,6.5793920912137e-12,8.0311323333037684e-17,3072,1.0234375,2
66,1.6500000000000001,4.6277613987363277e-16,1.4623718902484484e-15,5.5186694112997871e-17,0.017923171994760814,11.169141454257412,11.187064626252173,0.0085002935603445615,-1.4552973664362651e-17,0.008500293560344558,0.008500293560344558,nan,nan,1.0587911840678754e-21,4,6.6161612938313897e-12,8.5132547505184751e-17,2048,1.015625,2
67,1.675,4.5694008041410462e-16,1.5300261058115439e-15,5.8475618029508859e-17,0.017624126602549833,11.169440499649623,11.187064626252173,0.0084290918889723607,-1.4631808235091152e-17,0.0084290918889723572,0.0084290918889723572,nan,nan,2.7528570785764761e-21,4,6.6665025215488605e-12,8.4517433752516167e-17,3072,1.0234375,2
68,1.7000000000000002,4.5801190113170338e-16,1.7433970933566911e-15,6.0828488662526365e-17,0.017300249865957715,11.169764376386215,11.187064626252173,0.0083512918519368321,-1.4433834873179492e-17,0.0083512918519368269,0.0083512918519368269,nan,nan,1.6940658945086007e-21,4,6.6892398462314287e-12,9.8325077782636695e-17,2560,1.01953125,2
69,1.7250000000000001,4.6114194556936754e-16,1.6514567491299204e-15,6.23999680055702e-17,0.016952070139387439,11.170112556112787,11.187064626252175,0.0082668362842945181,-1.4160640834585848e-17,0.0082668362842945112,0.0082668362842945112,nan,nan,4.2351647362715017e-22,4,6.7358475130078744e-12,9.1591262226585477e-17,2560,1.01953125,2
70,1.75,4.6491398646124844e-16,1.5317608292875207e-15,6.5552362389418914e-17,0.016580471832252551,11.170484154419922,11.187064626252175,0.0081757360556590671,-1.4814037349808872e-17,0.0081757360556590601,0.0081757360556590601,nan,nan,-4.6586812098986519e-21,4,6.7683325963538299e-12,9.6567338203504388e-17,2560,1.01953125,2
71,1.7750000000000001,4.7857359897265771e-16,1.798908244587949e-15,6.7451761832244794e-17,0.016187169462366958,11.170877456789807,11.187064626252173,0.0080781942597817728,-1.4037261490558513e-17,0.0080781942597817659,0.0080781942597817659,nan,nan,-4.4469229730850768e-21,4,6.7827338857924835e-12,9.8283008041560954e-17,2048,1.015625,2
72,1.8,4.8155384840034559e-16,1.7520707107365752e-15,6.9777048664777876e-17,0.015773192668820678,11.171291433583352,11.187064626252173,0.007974235026902473,-1.3183143826972216e-17,0.007974235026902466,0.007974235026902466,nan,nan,-5.9292306307801024e-21,4,6.8073709424217804e-12,1.0592587992799771e-16,2560,1.01953125,2
73,1.8250000000000002,4.9244605607283532e-16,1.8023776915399026e-15,6.7877373299153862e-17,0.015339457400247999,11.171725168851927,11.187064626252175,0.0078638381315876207,-1.2481792507418934e-17,0.0078638381315876138,0.0078638381315876138,nan,nan,-1.9269999550035333e-20,4,6.8285979238531236e-12,1.009931157284827e-16,2560,1.01953125,2
74,1.8500000000000001,5.0194765311036873e-16,1.798908244587949e-15,6.9701637470589396e-17,0.014887700217443801,11.17217692603473,11.187064626252173,0.0077471799559281265,-1.2458015919721519e-17,0.0077471799559281204,0.0077471799559281204,nan,nan,-1.7364175418713157e-20,4,6.8459175455610336e-12,1.0748462995359473e-16,2048,1.015625,2
75,1.875,5.0110819610484871e-16,1.7017637299332478e-15,6.9110944331982508e-17,0.014419474988638586,11.172645151263534,11.187064626252173,0.0076243841052564404,-1.0545729846872076e-17,0.0076243841052564343,0.0076243841052564343,nan,nan,-1.7999450129153882e-20,4,6.9020542423080306e-12,1.1330046624786391e-16,3584,1.02734375,2
76,1.9000000000000001,4.9813311779577078e-16,1.8405416080113923e-15,6.9534946652700158e-17,0.013935766916721274,11.173128859335453,11.187064626252175,0.007495413573608843,-1.0127825631470238e-17,0.0074954135736088378,0.0074954135736088378,nan,nan,-1.4505439221729893e-20,4,6.8513749417191754e-12,1.1360854692263473e-16,2048,1.015625,2
77,1.925,5.0887736164760086e-16,1.9827889330414905e-15,6.8523857649026029e-17,0.013438272993908613,11.173626353258264,11.187064626252173,0.007360408345700095,-1.0520982272096653e-17,0.0073604083457000889,0.0073604083457000889,nan,nan,-1.2281977735187355e-20,4,6.8884549332289557e-12,1.1499298854551054e-16,2560,1.01953125,2
78,1.9500000000000002,5.0995690662433005e-16,2.0435042547006788e-15,7.0004259082554386e-17,0.01292890909312009,11.174135717159052,11.187064626252171,0.0072195649525454699,-9.2257234447164416e-18,0.0072195649525454639,0.0072195649525454639,nan,nan,-1.3870164511289168e-20,4,6.8902978028922982e-12,1.2329655493606081e-16,2048,1.015625,2
79,1.9750000000000001,5.1195682457180691e-16,1.9168694409543718e-15,7.0178185022643631e-17,0.012408842489113047,11.174655783763061,11.187064626252175,0.0070728668402567094,-9.6052723827782011e-18,0.0070728668402567025,0.0070728668402567025,nan,nan,1.0587911840678754e-22,4,6.8742962327386888e-12,1.2965428798516505e-16,3072,1.0234375,2
80,2,5.2752745376093428e-16,1.7971735211119721e-15,7.3705579762031813e-17,0.011879702552957687,11.175184923699215,11.187064626252173,0.0069204164801633886,-9.4881691317182961e-18,0.0069204164801633817,0.0069204164801633817,nan,nan,7.1997800516615529e-21,4,6.9145281978499114e-12,1.2850609473845184e-16,2560,1.01953125,2
81,2.0249999999999999,5.4974195042267086e-16,1.8769708010069053e-15,7.7925850908960158e-17,0.011343564742388814,11.175721061509785,11.187064626252173,0.0067624436153973042,-8.6237615882981732e-18,0.0067624436153972982,0.0067624436153972982,nan,nan,1.334076891925523e-20,4,6.9344219738805877e-12,1.3065752695287289e-16,2048,1.015625,2
82,2.0500000000000003,5.8422394632067852e-16,2.0539125955565396e-15,7.8320630068639015e-17,0.010801843997966161,11.176262782254208,11.187064626252173,0.0065989832033932078,-8.1442384167134375e-18,0.0065989832033932017,0.0065989832033932017,nan,nan,1.8846483076408183e-20,4,6.9394915429463187e-12,1.2904085484272358e-16,2560,1.01953125,2
83,2.0750000000000002,6.3287718596720042e-16,2.1961599205866378e-15,7.8660584204651661e-17,0.010256096144838805,11.176808530107335,11.187064626252175,0.006430104883620431,-7.6516480252297946e-18,0.0064301048836204258,0.0064301048836204258,nan,nan,8.5762085909497909e-21,4,6.9273501484338547e-12,1.2517288988266867e-16,3072,1.0234375,2
84,2.1000000000000001,6.6172753517820127e-16,2.5500435096859064e-15,8.0045428057931686e-17,0.0097083884288624734,11.177356237823313,11.187064626252175,0.0062560363280149706,-7.031580326102106e-18,0.0062560363280149654,0.0062560363280149654,nan,nan,6.7762635780344027e-21,4,6.9647014699710788e-12,1.398520368411925e-16,2048,1.015625,2
85,2.125,6.7726136589799738e-16,2.3783058855642025e-15,8.1994129260622895e-17,0.0091604015885131812,11.177904224663662,11.187064626252175,0.006076888393313877,-5.5148370078817279e-18,0.006076888393313871,0.006076888393313871,nan,nan,1.0270274485458392e-20,4,6.9425690948869897e-12,1.338782088571723e-16,2048,1.015625,2
86,2.1499999999999999,7.2200311486109198e-16,2.4043267377038546e-15,8.4557451926706026e-17,0.0086136291015274022,11.178450997150648,11.187064626252175,0.0058927087266484376,-6.0710877100193085e-18,0.0058927087266484324,0.0058927087266484324,nan,nan,8.1526921173226408e-21,4,6.9322867724776782e-12,1.2677262160319717e-16,2560,1.01953125,2
87,2.1750000000000003,7.6397929657742734e-16,2.6229018956769323e-15,8.8178798605545003e-17,0.0080700232234335121,11.178994603028741,11.187064626252175,0.0057037008614325806,-7.3895483189622748e-18,0.0057037008614325754,0.0057037008614325754,nan,nan,9.4232415382040913e-21,4,6.963854779756774e-12,1.3240924137165525e-16,2048,1.015625,2
88,2.2000000000000002,7.6995473955847332e-16,2.5214205723322891e-15,9.3817813026733397e-17,0.0075314424180083122,11.179533183834165,11.187064626252173,0.0055100473244267161,-6.8703040907539858e-18,0.0055100473244267135,0.0055100473244267135,nan,nan,1.0587911840678754e-20,4,6.9755735424423161e-12,1.394863978161974e-16,3072,1.0234375,2
89,2.2250000000000001,7.7429909025004529e-16,2.544839339257976e-15,9.9862198368901564e-17,0.0069993470209541936,11.18006527923122,11.187064626252175,0.0053117934146333212,-5.6024868070523935e-18,0.0053117934146333177,0.0053117934146333177,nan,nan,1.0058516248644817e-20,4,6.9639049599301246e-12,1.4209778986666048e-16,2560,1.01953125,2
90,2.25,7.9448549280953683e-16,2.544839339257976e-15,1.0430789237437618e-16,0.0064755270562620072,11.180589099195911,11.187064626252173,0.0051091118122152425,-4.1378247046105423e-18,0.0051091118122152408,0.0051091118122152408,nan,nan,6.4586262228140401e-21,4,6.9704796211624791e-12,1.4378848232756183e-16,2560,1.01953125,2
91,2.2749999999999999,7.8955915762455178e-16,2.4476948246032748e-15,1.0697238846135553e-16,0.0059618661005214251,11.181102760151653,11.187064626252175,0.0049022273904092599,-3.3854140589363743e-18,0.0049022273904092573,0.0049022273904092573,nan,nan,5.3998350387461647e-21,4,6.9911497319887662e-12,1.435782720100503e-16,2560,1.01953125,2
92,2.3000000000000003,7.9497531645198488e-16,2.6046872991791759e-15,1.1192246451186227e-16,0.005459837693646709,11.181604788558527,11.187064626252173,0.0046912161084673391,-3.4352125305343151e-18,0.0046912161084673391,0.0046912161084673391,nan,nan,-7.8350547621022781e-21,4,6.9733878309056572e-12,1.3775968005114208e-16,2048,1.015625,2
93,2.3250000000000002,7.7791975647291126e-16,2.6003504904892338e-15,1.1660804334625561e-16,0.0049710453808367817,11.182093580871337,11.187064626252173,0.0044762188789766542,-2.3579864924296968e-18,0.0044762188789766568,0.0044762188789766568,nan,nan,-1.4293680984916318e-20,4,6.9732357120479751e-12,1.3579204146062526e-16,3072,1.0234375,2
94,2.3500000000000001,7.6120206632146986e-16,2.536165721878092e-15,1.2076093323880247e-16,0.0044972755409744148,11.182567350711199,11.187064626252173,0.0042574772338150497,-1.5992483407393849e-18,0.0042574772338150524,0.0042574772338150524,nan,nan,-1.2176098616780567e-20,4,6.9959790615740885e-12,1.4285059544220491e-16,2560,1.01953125,2
95,2.375,7.5173112098604013e-16,2.5925442348473382e-15,1.2269775929439058e-16,0.004039988729211714,11.183024637522962,11.187064626252173,0.0040351109074749361,3.2058245144441386e-19,0.0040351109074749369,0.0040351109074749369,nan,nan,-9.3173624197973037e-21,4,6.9956672369086857e-12,1.4351780187831113e-16,2048,1.015625,2
96,2.4000000000000004,7.5820872182337683e-16,2.5452730201269702e-15,1.2523903181943362e-16,0.0036006128823026129,11.183464013369871,11.187064626252173,0.00380924260944146,8.3607836633543617e-19,0.0038092426094414613,0.0038092426094414613,nan,nan,-1.164670302474663e-20,4,6.9944581658549697e-12,1.4474687634969649e-16,3072,1.0234375,2
97,2.4250000000000003,7.5633900406190679e-16,2.7443325389953088e-15,1.2745092933587182e-16,0.0031807310988732117,11.183883895153301,11.187064626252173,0.0035801013612417189,9.9405231671163463e-19,0.0035801013612417197,0.0035801013612417197,nan,nan,-1.2970192004831474e-20,4,7.0098787973637977e-12,1.4846823531771134e-16,1536,1.01171875,2
98,2.4500000000000002,7.6560198965209212e-16,2.733924198139448e-15,1.3112872575648636e-16,0.0027817419969664893,11.184282884255206,11.187064626252171,0.0033478569377227555,1.7824960925132836e-18,0.0033478569377227568,0.0033478569377227568,nan,nan,-9.476181097407485e-21,4,6.9984332796118061e-12,1.5226417624758877e-16,3584,1.02734375,2
99,2.4750000000000001,7.5923498451395756e-16,2.92300905702092e-15,1.3444943532334523e-16,0.0024049004175569224,11.184659725834617,11.187064626252175,0.003112627537920778,4.0904069913524072e-18,0.0031126275379207797,0.0031126275379207797,nan,nan,-1.291725244562808e-20,4,6.9960305670352955e-12,1.5034648749771497e-16,2048,1.015625,2
100,2.5,7.3871879719336989e-16,2.6853519408120974e-15,1.3669396246144675e-16,0.0020515430298633304,11.18501308322231,11.187064626252173,0.0028746203052056355,4.1875978050393121e-18,0.0028746203052056381,0.0028746203052056381,nan,nan,-1.2387856853594142e-20,4,7.0289820865930181e-12,1.4532214128263838e-16,2048,1.015625,2
101,2.5250000000000004,7.3834685940590168e-16,2.8085173076064507e-15,1.3822508836193521e-16,0.0017229256056063274,11.185341700646568,11.187064626252173,0.0026340422317918974,4.7540227692099143e-18,0.0026340422317919013,0.0026340422317919013,nan,nan,-1.2758433768017899e-20,4,7.0221726673033527e-12,1.4172738105919483e-16,3072,1.0234375,2
102,2.5500000000000003,7.4344109127885723e-16,2.7807617319908218e-15,1.398853104519974e-16,0.0014201238393222201,11.185644502412851,11.187064626252173,0.0023910233805644341,5.5721971428681197e-18,0.002391023380564441,0.002391023380564441,nan,nan,-1.5193653491374012e-20,4,7.005207363649419e-12,1.4932383495666228e-16,2048,1.015625,2
103,2.5750000000000002,7.526391206546306e-16,2.7152759207726973e-15,1.4234802152706784e-16,0.0011442147046179718,11.185920411547556,11.187064626252175,0.0021457510671469377,7.7533740266221245e-18,0.0021457510671469456,0.0021457510671469456,nan,nan,-4.1822251770681079e-21,4,7.0374630257324643e-12,1.5614304831281178e-16,3072,1.0234375,2
104,2.6000000000000001,7.5807238701660869e-16,2.8067825841304739e-15,1.4527887093430708e-16,0.00089622862813681578,11.186168397624037,11.187064626252173,0.0018984436787649137,7.6552039367275532e-18,0.0018984436787649207,0.0018984436787649207,nan,nan,-3.1763735522036263e-22,4,7.0467437833040493e-12,1.5442046651487483e-16,2560,1.01953125,2
105,2.625,7.4921067174349085e-16,2.9108659926890823e-15,1.4732677850409592e-16,0.00067704071272761115,11.186387585539446,11.187064626252173,0.001649255266323744,7.922779544560117e-18,0.00164925526632375,0.00164925526632375,nan,nan,-3.22931311140702e-21,4,7.0309492216269279e-12,1.5706167718675855e-16,2560,1.01953125,2
106,2.6500000000000004,7.4050461119629323e-16,3.0808688933348094e-15,1.4811737498214197e-16,0.00048746687559096278,11.186577159376583,11.187064626252173,0.0013983618106617045,9.4411049566788934e-18,0.0013983618106617095,0.0013983618106617095,nan,nan,-2.4087499437544166e-21,4,7.0407592448500159e-12,1.4952890359452948e-16,3072,1.0234375,2
107,2.6750000000000003,7.6588017865836937e-16,3.2157436435920062e-15,1.4764505881341761e-16,0.00032826710227072681,11.186736359149902,11.187064626252173,0.0011459782617435398,1.1795399637652035e-17,0.0011459782617435441,0.0011459782617435441,nan,nan,-8.9467855053735473e-21,4,7.041857197372397e-12,1.5180770374780178e-16,1536,1.01171875,2
108,2.7000000000000002,7.9851949549909977e-16,3.0416207746908341e-15,1.4420880258208785e-16,0.00020007998088282476,11.186864546271291,11.187064626252175,0.00089228173543116191,1.3534794550345437e-17,0.0008922817354311656,0.0008922817354311656,nan,nan,-6.8292031372377965e-21,4,7.0482873623902392e-12,1.4392572691505528e-16,2560,1.01953125,2
109,2.7250000000000001,8.570630597814956e-16,3.4258620246196969e-15,1.4076869617803622e-16,0.00010345493881224209,11.186961171313362,11.187064626252175,0.00063745048152242384,1.4342645178707977e-17,0.00063745048152243078,0.00063745048152243078,nan,nan,-9.145308852386274e-21,4,7.0618058006670143e-12,1.4427962031054125e-16,3072,1.0234375,2
110,2.75,8.6791925493242967e-16,3.4112252952911426e-15,1.367188636729214e-16,3.8860388095478047e-05,11.187025765864078,11.187064626252173,0.00038168518824481989,1.4577721058752942e-17,0.00038168518824482906,0.00038168518824482906,nan,nan,-6.485096002415737e-21,4,7.0432707996098391e-12,1.4702782896714739e-16,1536,1.01171875,2
111,2.7750000000000004,8.8237667009670859e-16,3.2765131753598187e-15,1.3402043813299183e-16,6.6644085720570276e-06,11.187057961843601,11.187064626252173,0.00012517545432359615,1.6108350400427903e-17,0.00012517545432360561,0.00012517545432360561,nan,nan,-6.2402505411000408e-21,4,7.0720968605131973e-12,1.4910477784094255e-16,3584,1.02734375,2
112,2.8000000000000003,9.0582984337960535e-16,3.4951967535501449e-15,1.3325474488570902e-16,7.137043146570503e-06,11.187057489209026,11.187064626252173,0.00013189196956548072,1.7651799740350233e-17,-0.0001318919695654698,0.0001318919695654698,nan,nan,-3.5535679115278069e-21,4,7.0637817085537032e-12,1.4464885806542012e-16,2048,1.015625,2
113,2.8250000000000002,8.8901131289717686e-16,3.4983409398503529e-15,1.3626916175892668e-16,4.045468885954413e-05,11.187024171563314,11.187064626252173,0.0003893244291350654,1.9472860146857707e-17,-0.00038932442913505467,0.00038932442913505467,nan,nan,-4.3410438546782892e-21,4,7.0660611199776507e-12,1.4953727020887277e-16,2048,1.015625,2
114,2.8500000000000001,8.693532954538952e-16,3.412092657029131e-15,1.4166985111370497e-16,0.00010669762604298446,11.18695792862613,11.187064626252173,0.00064693409090943042,2.116722992953964e-17,-0.00064693409090942067,0.00064693409090942067,nan,nan,-4.5792718710935612e-21,4,7.0576421183321013e-12,1.3796117536819946e-16,3072,1.0234375,2
115,2.875,8.2220056018304554e-16,3.0953972024461152e-15,1.4736753149686837e-16,0.00020584193743921906,11.186858784314735,11.187064626252175,0.00090452116132451563,2.2270879679338431e-17,-0.00090452116132450587,0.00090452116132450587,nan,nan,-4.1689902872672595e-21,4,7.070555834556419e-12,1.4721406066175331e-16,2048,1.015625,2
116,2.9000000000000004,8.0628838873415033e-16,3.230488793137809e-15,1.5265151534036365e-16,0.00033776856709565739,11.186726857685079,11.187064626252175,0.001161891635254487,2.3829159444118687e-17,-0.0011618916352544757,0.0011618916352544757,nan,nan,2.3822801641527197e-22,4,7.0554847369631017e-12,1.4268160269853286e-16,3072,1.0234375,2
117,2.9250000000000003,7.8877471931549202e-16,3.1658703436576729e-15,1.5740917316265921e-16,0.0005022735162661852,11.186562352735908,11.187064626252175,0.0014188721770047939,2.4813122707655796e-17,-0.0014188721770047805,0.0014188721770047805,nan,nan,2.4087499437544166e-21,4,7.0791289697697073e-12,1.3964084393598432e-16,2560,1.01953125,2
118,2.9500000000000002,7.9593254381748925e-16,3.0140820395097023e-15,1.6058741637049738e-16,0.00069903512897504297,11.186365591123199,11.187064626252173,0.001675259370412744,2.7103101566316135e-17,-0.0016752593704127301,0.0016752593704127301,nan,nan,2.1175823681357508e-21,4,7.0685801911195762e-12,1.3982832977302788e-16,2560,1.01953125,2
119,2.9750000000000001,8.1880587777219413e-16,3.6494245125862079e-15,1.6234057988669409e-16,0.00092763400206657607,11.186136992250107,11.187064626252173,0.0019308486349849849,2.8471367925295299e-17,-0.0019308486349849715,0.0019308486349849715,nan,nan,4.7645603283054394e-22,4,7.0652561783575297e-12,1.385613274879456e-16,3072,1.0234375,2
120,3,8.3813670985720962e-16,3.8207284558389176e-15,1.6314269996824167e-16,0.0011875947097337999,11.185877031542441,11.187064626252175,0.0021854793662580817,3.0587158069291402e-17,-0.0021854793662580705,0.0021854793662580705,nan,nan,-3.705769144237564e-21,4,7.099677316490501e-12,1.4474656006810477e-16,1024,1.0078125,2
121,3.0250000000000004,8.721251379789017e-16,3.9170056087556304e-15,1.6314894943799892e-16,0.0014783110927236883,11.185586315159449,11.187064626252173,0.0024389552427711613,3.1264087449944636e-17,-0.00243895524277115,0.00243895524277115,nan,nan,-6.935082255644584e-21,4,7.0730630305499767e-12,1.3587474839333955e-16,2560,1.01953125,2
122,3.0500000000000003,8.9853189019020687e-16,3.8571576488344306e-15,1.631915376979508e-16,0.001799058838958091,11.185265567413216,11.187064626252175,0.0026910583461707029,3.321342272738663e-17,-0.0026910583461706907,0.0026910583461706907,nan,nan,-2.3293406049493259e-21,4,7.0783263637832892e-12,1.3878731089792467e-16,3072,1.0234375,2
123,3.0750000000000002,9.2418763156881751e-16,3.8458819462405813e-15,1.6354930759546195e-16,0.0021490933003207083,11.184915532951853,11.187064626252175,0.00294162712380043,3.590847369669809e-17,-0.0029416271238004166,0.0029416271238004166,nan,nan,-1.2176098616780567e-21,4,7.0830534276733481e-12,1.4744182940885678e-16,2048,1.015625,2
124,3.1000000000000001,9.3089396973314364e-16,3.3436794999452957e-15,1.6547382663932867e-16,0.0025275724060815109,11.184537053846093,11.187064626252175,0.0031904951192890073,3.7462512355525438e-17,-0.0031904951192889917,0.0031904951192889917,nan,nan,-2.3822801641527197e-21,4,7.0968636901818838e-12,1.4822228346454107e-16,2560,1.01953125,2
125,3.125,9.26713834365753e-16,3.269086390478293e-15,1.673394510927605e-16,0.0029334721736410979,11.184131154078532,11.187064626252173,0.0034374322182727287,3.966606978017706e-17,-0.0034374322182727105,0.0034374322182727105,nan,nan,-3.7587087034409578e-21,4,7.0759337777308478e-12,1.3931369329102625e-16,2560,1.01953125,2
126,3.1500000000000004,9.2433782705192971e-16,3.5240907414468836e-15,1.7030172802992817e-16,0.0033657793029139974,11.183698846949259,11.187064626252173,0.0036822657334390401,3.9885619657686832e-17,-0.0036822657334390219,0.0036822657334390219,nan,nan,-6.0351097491868899e-21,4,7.1104472979559987e-12,1.3932693251504286e-16,2560,1.01953125,2
127,3.1750000000000003,9.2133739928235921e-16,3.3376079677793768e-15,1.7385443847506853e-16,0.0038234637411207716,11.183241162511054,11.187064626252175,0.0039248636344687941,4.209295307566032e-17,-0.0039248636344687724,0.0039248636344687724,nan,nan,-4.0234064994579266e-21,4,7.110777472071917e-12,1.4104460762599228e-16,2048,1.015625,2
128,3.2000000000000002,9.2086818729029025e-16,3.70536934468646e-15,1.7780542099933433e-16,0.0043052235240194584,11.182759402728156,11.187064626252175,0.0041649895993490687,4.5942491302195766e-17,-0.004164989599349047,0.004164989599349047,nan,nan,-1.0587911840678754e-22,4,7.1173697731456322e-12,1.4448098806463457e-16,2048,1.015625,2
129,3.2250000000000001,9.265789353169972e-16,3.5960817656999211e-15,1.8116096594645527e-16,0.0048097867134519459,11.182254839538722,11.187064626252173,0.0044024592460235219,4.7759062110234151e-17,-0.0044024592460234976,0.0044024592460234976,nan,nan,-9.2114833013905162e-21,4,7.1084666889572265e-12,1.4738066305923513e-16,3072,1.0234375,2
130,3.25,9.4760086185069184e-16,3.5960817656999211e-15,1.8531917905329567e-16,0.0053359480389835118,11.181728678213188,11.187064626252171,0.004637157581735143,4.8457931350375363e-17,-0.0046371575817351204,0.0046371575817351204,nan,nan,-8.1526921173226408e-21,4,7.1108173515900038e-12,1.4536031366614564e-16,3072,1.0234375,2
131,3.2750000000000004,9.7531975838355526e-16,3.812922200197022e-15,1.8719554546470039e-16,0.0058822136638074273,11.181182412588367,11.187064626252175,0.0048688717782903205,5.0863710098907103e-17,-0.0048688717782902988,0.0048688717782902988,nan,nan,-1.164670302474663e-20,4,7.1150610517280562e-12,1.4563987494142556e-16,2048,1.015625,2
132,3.3000000000000003,1.0229320874410968e-15,3.965577866082981e-15,1.8920642897897661e-16,0.006447058989190557,11.180617567262983,11.187064626252173,0.0050974011350405028,5.3573603889162748e-17,-0.0050974011350404828,0.0050974011350404828,nan,nan,-5.7174723939665273e-21,4,7.1235303983673574e-12,1.4149838278554655e-16,2048,1.015625,2
133,3.3250000000000002,1.034244723300422e-15,3.9915987182226331e-15,1.9077837608526061e-16,0.0070291043559398639,11.180035521896235,11.187064626252175,0.0053226306455806316,5.4501997608667102e-17,-0.0053226306455806133,0.0053226306455806133,nan,nan,-1.3870164511289168e-20,4,7.1429064685297067e-12,1.4717572144278941e-16,4096,1.03125,2
134,3.3500000000000001,1.0456591249413183e-15,4.1685405127722674e-15,1.9286009697777595e-16,0.0076267620329201905,11.179437864219254,11.187064626252175,0.0055443915025894502,5.690495179984466e-17,-0.0055443915025894311,0.0055443915025894311,nan,nan,-1.1752582143153417e-20,4,7.1209837501598861e-12,1.4716105176103126e-16,1536,1.01171875,2
135,3.375,1.0597160331171497e-15,4.0141501234103316e-15,1.9286400196805959e-16,0.0082382721992140199,11.17882635405296,11.187064626252175,0.0057624657266952331,5.8901934130043518e-17,-0.0057624657266952106,0.0057624657266952106,nan,nan,-1.1329065669526267e-20,4,7.1477029900007827e-12,1.4007486396946087e-16,2560,1.01953125,2
136,3.4000000000000004,1.0804081357148637e-15,3.9308833965634449e-15,1.9398727698220839e-16,0.0088620860140667407,11.178202540238107,11.187064626252175,0.005976729986551744,6.1046763526644085e-17,-0.0059767299865517189,0.0059767299865517189,nan,nan,9.5291206566108788e-22,4,7.1461571642228947e-12,1.3892977269979351e-16,3072,1.0234375,2
137,3.4250000000000003,1.0716961172276475e-15,3.7504721550618569e-15,1.943970577323666e-16,0.0094965839629617202,11.177568042289213,11.187064626252175,0.006187057788009976,6.1418391696011406e-17,-0.0061870577880099508,0.0061870577880099508,nan,nan,6.1409888675936775e-21,4,7.1591319672588593e-12,1.350249374426876e-16,2048,1.015625,2
138,3.4500000000000002,1.0891079934224275e-15,3.7886360715333467e-15,1.9283169808114205e-16,0.010139846012251322,11.176924780239922,11.187064626252173,0.0063932319036250126,6.2832625010685711e-17,-0.0063932319036249848,0.0063932319036249848,nan,nan,1.2705494208814505e-20,4,7.1567889142750068e-12,1.3422755177764373e-16,2048,1.015625,2
139,3.4750000000000001,1.0750720899008309e-15,4.145989107584569e-15,1.9210207050045097e-16,0.010790148142593039,11.176274478109582,11.187064626252175,0.0065951104388218152,6.3397096126534872e-17,-0.0065951104388217892,0.0065951104388217892,nan,nan,1.5458351287390981e-20,4,7.1399695620665457e-12,1.4291179938345058e-16,3072,1.0234375,2
140,3.5,1.0797434113343228e-15,4.442626821976603e-15,1.9149258740477846e-16,0.01144589503910699,11.175618731213067,11.187064626252175,0.0067926051379718607,6.4841747499722533e-17,-0.0067926051379718373,0.0067926051379718373,nan,nan,2.6575658720103673e-20,4,7.1565271570784821e-12,1.437106634999748e-16,3072,1.0234375,2
141,3.5250000000000004,1.0805004117526206e-15,4.6716103208055415e-15,1.9095225301970708e-16,0.012105091101349941,11.174959535150824,11.187064626252175,0.0069855145621183085,6.8000561830433346e-17,-0.006985514562118279,0.006985514562118279,nan,nan,2.3822801641527197e-20,4,7.1668288170894999e-12,1.3074174628963196e-16,2048,1.015625,2
142,3.5500000000000003,1.0723679264814941e-15,4.4183406933129277e-15,1.905419239730492e-16,0.012765879975245673,11.174298746276929,11.187064626252175,0.0071736830676071735,6.9211401983315497e-17,-0.007173683067607144,0.007173683067607144,nan,nan,2.3505164286306834e-20,4,7.1862305388132353e-12,1.3566256156418212e-16,2048,1.015625,2
143,3.5750000000000002,1.076032201666706e-15,4.1841530240560587e-15,1.9073168333020596e-16,0.013426657754842123,11.173637968497333,11.187064626252175,0.0073570343897619546,7.0003805288659991e-17,-0.0073570343897619295,0.0073570343897619295,nan,nan,3.7692966152816365e-20,4,7.1751573245344023e-12,1.3473915893230275e-16,3584,1.02734375,2
144,3.6000000000000001,1.1066188185257801e-15,4.0679265511656126e-15,1.8953793584529712e-16,0.014085473395566865,11.172979152856607,11.187064626252173,0.0075354024669028047,7.3674350173145345e-17,-0.0075354024669027873,0.0075354024669027873,nan,nan,3.4516592600612739e-20,4,7.177142511866307e-12,1.3828168954818649e-16,2048,1.015625,2
145,3.625,1.1304771208321075e-15,4.3107878378023656e-15,1.9200337464713537e-16,0.014740402225505243,11.172324224026669,11.187064626252175,0.0077086270023492311,7.5167705795942353e-17,-0.0077086270023492137,0.0077086270023492137,nan,nan,2.7316812548951186e-20,4,7.1897885579084822e-12,1.3790777242963865e-16,1536,1.01171875,2
146,3.6500000000000004,1.1457749179330458e-15,4.3368086899420177e-15,1.9169869129617746e-16,0.015389784419544987,11.17167484183263,11.187064626252175,0.00787662082948269,7.53235835837011e-17,-0.0078766208294826709,0.0078766208294826709,nan,nan,1.4823076576950256e-20,4,7.2121285506340455e-12,1.3486814264400367e-16,4096,1.03125,2
147,3.6750000000000003,1.15744950235472e-15,4.4009934585531596e-15,1.9265806140891814e-16,0.016031852502039784,11.171032773750134,11.187064626252175,0.0080392722745059302,7.5723216541042849e-17,-0.0080392722745059094,0.0080392722745059094,nan,nan,1.9269999550035333e-20,4,7.2067554981542423e-12,1.2891729119994096e-16,1536,1.01171875,2
148,3.7000000000000002,1.1597030708065907e-15,4.4894643558279768e-15,1.943765843980155e-16,0.01666464696033134,11.170399979291844,11.187064626252175,0.0081964163117335363,7.5905812058839116e-17,-0.008196416311733512,0.008196416311733512,nan,nan,1.1434944787933055e-20,4,7.1851147010820643e-12,1.3624587590179835e-16,2048,1.015625,2
149,3.7250000000000001,1.1670591083943171e-15,4.2205822170515717e-15,1.9694059969347088e-16,0.017286491745164022,11.169778134507011,11.187064626252175,0.0083479571732339355,7.792761386644482e-17,-0.0083479571732339112,0.0083479571732339112,nan,nan,6.1409888675936775e-21,4,7.2401549363997763e-12,1.3320671674331636e-16,3584,1.02734375,2
150,3.75,1.1750667137463598e-15,4.2570114100470846e-15,1.9914929622596856e-16,0.017895823912502207,11.169168802339673,11.187064626252175,0.0084938259328945949,7.9948137628870857e-17,-0.0084938259328945671,0.0084938259328945671,nan,nan,3.5998900258307764e-21,4,7.2152967981006531e-12,1.3395688636824007e-16,2048,1.015625,2
151,3.7750000000000004,1.167700772431341e-15,4.2587461335230614e-15,2.0074930984703231e-16,0.018490728408572653,11.168573897843601,11.187064626252173,0.0086338633803663221,8.0993486947553114e-17,-0.0086338633803662926,0.0086338633803662926,nan,nan,-1.334076891925523e-20,4,7.2185818693239254e-12,1.3130807419568998e-16,2048,1.015625,2
152,3.8000000000000003,1.1726312895037223e-15,4.3923198411732756e-15,2.0105956404148747e-16,0.019069571984400745,11.167995054267774,11.187064626252175,0.0087679716225683053,8.2346772410542765e-17,-0.0087679716225682741,0.0087679716225682741,nan,nan,-1.6728900708272432e-20,4,7.2607603721147153e-12,1.313502396579405e-16,1536,1.01171875,2
153,3.8250000000000002,1.1690972859711496e-15,4.2049697057677804e-15,1.9902908111903148e-16,0.019630944758379579,11.167433681493794,11.187064626252173,0.0088961001027979183,8.2027199437304207e-17,-0.0088961001027978836,0.0088961001027978836,nan,nan,-1.9905274260476058e-20,4,7.2750716192888952e-12,1.2662089704281755e-16,4096,1.03125,2
154,3.8500000000000001,1.1713893949295125e-15,4.2604808569990382e-15,1.9689168361369669e-16,0.020173131277686839,11.166891494974488,11.187064626252175,0.0090181213653499209,8.2744557976258176e-17,-0.0090181213653498862,0.0090181213653498862,nan,nan,-4.0234064994579266e-20,4,7.2253556597771914e-12,1.2566142733973223e-16,1536,1.01171875,2
155,3.875,1.1920267573814016e-15,4.1789488536281283e-15,1.9699875423020007e-16,0.020694570375893354,11.16637005587628,11.187064626252173,0.0091339344691741212,8.3971432958827301e-17,-0.0091339344691740865,0.0091339344691740865,nan,nan,-2.7105054312137611e-20,4,7.2575239229339959e-12,1.2513857504115515e-16,2048,1.015625,2
156,3.9000000000000004,1.2111851341661261e-15,4.5310977192514201e-15,1.9619783840591865e-16,0.021193984340966799,11.165870641911207,11.187064626252173,0.0092434942114948595,8.5049063099896146e-17,-0.0092434942114948231,0.0092434942114948231,nan,nan,-3.1340219048409113e-20,4,7.315319994322725e-12,1.2684198301737121e-16,4096,1.03125,2
157,3.9250000000000003,1.2206641881985088e-15,4.5276282722994665e-15,1.9726259392159825e-16,0.021669957557495876,11.165394668694679,11.187064626252175,0.0093467161097684926,8.6288837085975998e-17,-0.0093467161097684562,0.0093467161097684562,nan,nan,-2.583450489125616e-20,4,7.3035772995887655e-12,1.2798937135846394e-16,2048,1.015625,2
158,3.9500000000000002,1.2312264442531873e-15,4.5449755070592346e-15,1.9748094471196165e-16,0.022121024626629991,11.164943601625545,11.187064626252175,0.0094434947143229621,8.7464456689576772e-17,-0.0094434947143229309,0.0094434947143229309,nan,nan,-1.5246593050577406e-20,4,7.350336076277873e-12,1.2857520375147355e-16,2048,1.015625,2
159,3.9750000000000001,1.2615163726496257e-15,4.6247727869541677e-15,1.9885816006874484e-16,0.022546071863062365,11.164518554389112,11.187064626252175,0.0095337907636904584,8.7615755286613265e-17,-0.0095337907636904237,0.0095337907636904237,nan,nan,1.0164395367051604e-20,4,7.3643925652697333e-12,1.2155173859014661e-16,4096,1.03125,2
160,4,1.2952321984494962e-15,4.7184478546569153e-15,1.994726193140344e-16,0.022943996660823699,11.16412062959135,11.187064626252173,0.0096175561489705401,8.8231907108064106e-17,-0.0096175561489705019,0.0096175561489705019,nan,nan,-3.1763735522036263e-21,4,7.3695001249697733e-12,1.1192930509471165e-16,1536,1.01171875,2
161,4.0250000000000004,1.3247027422632133e-15,4.8433479449272454e-15,1.9992691303323986e-16,0.023313506749499519,11.163751119502674,11.187064626252173,0.0096946913601365352,8.7346557862367332e-17,-0.0096946913601364954,0.0096946913601364954,nan,nan,-1.6728900708272432e-20,4,7.4284974908594497e-12,1.2458013654091025e-16,2048,1.015625,2
162,4.0499999999999998,1.3399550617869004e-15,4.6629367034256575e-15,2.0333174749912091e-16,0.023653670009666769,11.163410956242508,11.187064626252175,0.0097651613028949345,8.8230540596490611e-17,-0.009765161302894898,0.009765161302894898,nan,nan,-3.1763735522036263e-20,4,7.5301780474357803e-12,1.0873463017853533e-16,3072,1.0234375,2
163,4.0750000000000002,1.3593681902188249e-15,4.7227846633468573e-15,2.0378294021041942e-16,0.023963668319157291,11.163100957933018,11.187064626252175,0.009828941645592653,8.9169142206335468e-17,-0.0098289416455926131,0.0098289416455926131,nan,nan,-3.748120791600279e-20,4,7.4988702354416362e-12,1.0818707671168607e-16,2560,1.01953125,2
164,4.1000000000000005,1.3797825565266964e-15,4.6872228320893328e-15,2.0727814234890895e-16,0.024242522870576204,11.162822103381599,11.187064626252175,0.0098859620973361772,8.9202188335329029e-17,-0.0098859620973361338,0.0098859620973361338,nan,nan,-2.7952087259391911e-20,4,7.5411372766253489e-12,1.0589831292670115e-16,1536,1.01171875,2
165,4.125,1.398956575724037e-15,4.6265075104301445e-15,2.0809645954424317e-16,0.024489425022241496,11.162575201229933,11.187064626252175,0.0099361754413529266,8.8571687216875671e-17,-0.0099361754413528833,0.0099361754413528833,nan,nan,-2.7316812548951186e-20,4,7.5947188354907754e-12,1.1709224326761943e-16,2048,1.015625,2
166,4.1500000000000004,1.4193342405090712e-15,4.6757235127974084e-15,2.0850285369151761e-16,0.024703900551249547,11.162360725700925,11.187064626252175,0.0099795888514663394,8.8103960491531853e-17,-0.0099795888514662978,0.0099795888514662978,nan,nan,-2.0328790734103208e-20,4,7.7506797477819125e-12,1.0023606994793964e-16,4096,1.03125,2
167,4.1749999999999998,1.4470896388593216e-15,5.0062560976067705e-15,2.069459879588351e-16,0.024885301509566891,11.162179324742608,11.187064626252175,0.010016159709293726,8.7513231360154171e-17,-0.010016159709293685,0.010016159709293685,nan,nan,2.7528570785764761e-21,4,7.8461918682782693e-12,9.8281506954394749e-17,2048,1.015625,2
168,4.2000000000000002,1.4836110837975705e-15,5.2561037119924769e-15,2.0473592421283509e-16,0.025032965879437565,11.162031660372737,11.187064626252175,0.010045830502052069,8.7551519093105595e-17,-0.010045830502052027,0.010045830502052027,nan,nan,6.1409888675936775e-21,4,8.0245887051230344e-12,9.5293047852532149e-17,1536,1.01171875,2
169,4.2250000000000005,1.5210164334318168e-15,5.3256010712487978e-15,2.0470661346157361e-16,0.025146741023420859,11.161917885228753,11.187064626252175,0.010068632222226436,8.7603045872423711e-17,-0.010068632222226393,0.010068632222226393,nan,nan,8.2585712357294283e-21,4,8.30566168856073e-12,7.9776712436195142e-17,4096,1.03125,2
170,4.25,1.5515800540355223e-15,5.2648857495896095e-15,2.0273555393852423e-16,0.025226359419277682,11.161838266832897,11.187064626252175,0.010084556972489403,8.776140693379659e-17,-0.010084556972489361,0.010084556972489361,nan,nan,-5.5057141571529522e-21,4,8.4940770441728931e-12,8.4357604599822145e-17,1536,1.01171875,2
171,4.2750000000000004,1.5698994843146505e-15,5.2518753235197835e-15,2.0283447955047813e-16,0.025271354516267573,11.161793271735908,11.187064626252175,0.010093544584467297,8.6702850242792923e-17,-0.010093544584467255,0.010093544584467255,nan,nan,-1.7575933655526732e-20,4,9.9825813287876992e-12,5.3593342366800474e-17,2048,1.015625,2
172,4.2999999999999998,1.5824266548253614e-15,5.4565726936850467e-15,2.0294400719181275e-16,0.025281807089105733,11.161782819163069,11.187064626252175,0.010095630571443096,8.7244823654737387e-17,-0.010095630571443052,0.010095630571443052,nan,nan,-1.1223186551119479e-20,5,4.3991363200501531e-14,3.1918760288894789e-18,3584,1.02734375,2
173,4.3250000000000002,1.5770938021147953e-15,5.728056917675417e-15,2.0266470774955596e-16,0.025257881376409563,11.161806744875765,11.187064626252175,0.010090851066143089,8.7376916689058695e-17,-0.010090851066143044,0.010090851066143044,nan,nan,-1.1858461261560205e-20,4,1.5449585933069179e-12,5.7426510957671287e-17,2048,1.015625,2
174,4.3500000000000005,1.5714512616294915e-15,5.8087215593083386e-15,2.0578844535645875e-16,0.025199377906030451,11.161865248346144,11.187064626252175,0.010079156371583377,8.6162900664565959e-17,-0.010079156371583336,0.010079156371583336,nan,nan,-6.9880218148479778e-21,4,4.6406088025924701e-12,4.4495674371661582e-17,2048,1.015625,2
175,4.375,1.5567552854233333e-15,5.6664742342782404e-15,2.0798402359599573e-16,0.025106518384567379,11.161958107867607,11.187064626252175,0.010060567756056921,8.5359354775799187e-17,-0.010060567756056881,0.010060567756056881,nan,nan,-1.2705494208814505e-21,4,5.449182394863808e-12,6.35437075252632e-17,2048,1.015625,2
176,4.4000000000000004,1.5417057509547851e-15,5.336876773842647e-15,2.114304978388995e-16,0.024979920561361967,11.162084705690813,11.187064626252175,0.01003517063169905,8.403890019169826e-17,-0.010035170631699009,0.010035170631699009,nan,nan,-8.4703294725430034e-21,4,5.9186595016104446e-12,7.4132681962611207e-17,4096,1.03125,2
177,4.4249999999999998,1.5362778745410255e-15,4.932686203940051e-15,2.1640527802569298e-16,0.024819691870367748,11.162244934381807,11.187064626252175,0.010002933969179745,8.3381848876480508e-17,-0.010002933969179704,0.010002933969179704,nan,nan,-1.3129010682441655e-20,4,6.1447386663085099e-12,8.039365452095229e-17,2048,1.015625,2
178,4.4500000000000002,1.5368737571822604e-15,4.8676340735909207e-15,2.2020061122572145e-16,0.024626168110285687,11.162438458141889,11.187064626252175,0.009963860306575284,8.1970916238632378e-17,-0.0099638603065752424,0.0099638603065752424,nan,nan,-1.9058241313221758e-21,4,6.3205351294892514e-12,9.666978471753863e-17,2048,1.015625,2
179,4.4750000000000005,1.5486866223505972e-15,4.8884507553026424e-15,2.1842597294848795e-16,0.024400333994661832,11.162664292257514,11.187064626252175,0.009918069183979597,7.9030321654264482e-17,-0.0099180691839795554,0.0099180691839795554,nan,nan,-1.4611318340136681e-20,4,6.3796638824045764e-12,1.0637160690936669e-16,4096,1.03125,2
180,4.5,1.5667860284691021e-15,4.739264536368637e-15,2.165576566826317e-16,0.024142712630117951,11.162921913622057,11.187064626252175,0.0098655726447798991,8.0362968671775489e-17,-0.0098655726447798575,0.0098655726447798575,nan,nan,-2.541098841762901e-21,4,6.5952416575666337e-12,1.106527142953651e-16,1024,1.0078125,2
181,4.5250000000000004,1.5841505617127034e-15,5.0162239813300591e-15,2.13739635523457e-16,0.023853718827164958,11.163210907425009,11.187064626252175,0.0098063490692147579,7.9675334069641555e-17,-0.0098063490692147162,0.0098063490692147162,nan,nan,-1.3764285392882381e-20,4,6.6072545099302559e-12,1.1604584105227524e-16,3072,1.0234375,2
182,4.5499999999999998,1.6021578349201661e-15,5.8291452177325342e-15,2.125522272863596e-16,0.023534555714032578,11.163530070538142,11.187064626252175,0.0097405252257991778,7.9028726910563582e-17,-0.0097405252257991362,0.0097405252257991362,nan,nan,-6.3527471044072525e-21,4,6.6420983613590982e-12,1.1470285410871946e-16,2048,1.015625,2
183,4.5750000000000002,1.6204228426905946e-15,6.3845277805882339e-15,2.1359483123105603e-16,0.023186278734037318,11.163878347518137,11.187064626252175,0.009668185197944032,7.8571845823974818e-17,-0.0096681851979439903,0.0096681851979439903,nan,nan,-1.3976043629695956e-20,4,6.7201288547995464e-12,1.2306070246050658e-16,2048,1.015625,2
184,4.6000000000000005,1.6265209835012125e-15,6.5518743859113715e-15,2.1523115684727195e-16,0.02280939442268089,11.164255231829495,11.187064626252177,0.0095892883103531473,7.5979149555796538e-17,-0.0095892883103531057,0.0095892883103531057,nan,nan,-6.3527471044072525e-21,4,6.7715642251299541e-12,1.2428874850024175e-16,2048,1.015625,2
185,4.625,1.6286819215554484e-15,6.4776742997318948e-15,2.1507667446149053e-16,0.022405157255908255,11.164659468996266,11.187064626252175,0.0095039378669603807,7.2497324086783045e-17,-0.0095039378669603373,0.0095039378669603373,nan,nan,-4.2351647362715017e-22,4,6.7232133641851126e-12,1.2670366729930809e-16,3072,1.0234375,2
186,4.6500000000000004,1.6237494652834796e-15,6.1617919967782431e-15,2.1291697400353279e-16,0.02197519060082178,11.165089435651351,11.187064626252173,0.0094123053303068749,7.217173338266218e-17,-0.0094123053303068298,0.0094123053303068298,nan,nan,-5.5057141571529522e-21,4,6.7889914406296004e-12,1.2817568505244784e-16,3072,1.0234375,2
187,4.6749999999999998,1.6258848692913929e-15,5.5378878566214595e-15,2.1848154723349386e-16,0.021520123244022738,11.165544503008151,11.187064626252173,0.0093143411454553234,7.1491065857824318e-17,-0.0093143411454552766,0.0093143411454552766,nan,nan,-1.8422966602781032e-20,4,6.7789538547903501e-12,1.3324574776012133e-16,2048,1.015625,2
188,4.7000000000000002,1.6024153749057346e-15,5.1972315340265141e-15,2.2419111817998947e-16,0.021041218184136169,11.166023408068039,11.187064626252175,0.0092101201733552438,6.8991877513155114e-17,-0.0092101201733552022,0.0092101201733552022,nan,nan,-1.4399560103323106e-20,4,6.8125751443206244e-12,1.3449131921922107e-16,3072,1.0234375,2
189,4.7250000000000005,1.5632928716057933e-15,4.9344209274160278e-15,2.2788451703014329e-16,0.020540459902699412,11.166524166349475,11.187064626252175,0.0090998667430005568,6.7721595728827373e-17,-0.0090998667430005134,0.0090998667430005134,nan,nan,-1.207021949837378e-20,4,6.8147375873976674e-12,1.3282278862511153e-16,3072,1.0234375,2
190,4.75,1.5366356045508747e-15,5.2267218331181198e-15,2.2920950470777927e-16,0.020018801637714471,11.16704582461446,11.187064626252175,0.0089835722571219231,6.6471071826726214e-17,-0.0089835722571218798,0.0089835722571218798,nan,nan,-1.0376153603865179e-20,4,6.8719488167358769e-12,1.2897172119152526e-16,2048,1.015625,2
191,4.7750000000000004,1.5073630400333477e-15,5.4531032467330931e-15,2.3366323551859765e-16,0.019477440417269825,11.167587185834904,11.187064626252173,0.0088612714425438822,6.4138356121961064e-17,-0.0088612714425438423,0.0088612714425438423,nan,nan,-2.3716922523120409e-20,4,6.8521392290918847e-12,1.3311101542393183e-16,3072,1.0234375,2
192,4.8000000000000007,1.5013205247186741e-15,5.6135651682609478e-15,2.3707248790751965e-16,0.018918481794223094,11.168146144457952,11.187064626252175,0.0087331977903366102,6.0614106681336275e-17,-0.0087331977903365721,0.0087331977903365721,nan,nan,-1.5458351287390981e-20,4,6.8665650603308742e-12,1.3172455033389846e-16,2048,1.015625,2
193,4.8250000000000002,1.5058896180833778e-15,5.7445367906971967e-15,2.3540905382519598e-16,0.018343370198158647,11.168721256054017,11.187064626252175,0.0085994317345063614,5.7737229259622963e-17,-0.0085994317345063249,0.0085994317345063249,nan,nan,-1.5458351287390981e-20,4,6.8991117274494178e-12,1.3307974723646256e-16,2048,1.015625,2
194,4.8500000000000005,1.5134045001452804e-15,5.760149301980988e-15,2.3571735360407019e-16,0.017753203073342549,11.169311423178833,11.187064626252175,0.008459964787597982,5.4515947070790395e-17,-0.0084599647875979473,0.0084599647875979473,nan,nan,-9.5291206566108788e-21,4,6.9187079541260699e-12,1.314140811153978e-16,2048,1.015625,2
195,4.875,1.5343474657977222e-15,5.6534638082084143e-15,2.3487878184136717e-16,0.017150041803855383,11.169914584448319,11.187064626252175,0.008315009664631114,5.107560083456652e-17,-0.008315009664631081,0.008315009664631081,nan,nan,-1.0799670077492329e-20,4,6.8835416205037528e-12,1.3184682011544229e-16,2048,1.015625,2
196,4.9000000000000004,1.5465252413502386e-15,5.5441762292218755e-15,2.3400964308080184e-16,0.016535785634952654,11.170528840617223,11.187064626252175,0.008164742863343958,4.8348359510065595e-17,-0.0081647428633439267,0.0081647428633439267,nan,nan,9.3173624197973037e-21,4,6.9153227167974735e-12,1.3712169382728817e-16,3072,1.0234375,2
197,4.9250000000000007,1.5715895017279618e-15,5.5077470362263625e-15,2.3588242863881312e-16,0.015911513957586231,11.171153112294588,11.187064626252175,0.0080091370650706151,4.7316259152698411e-17,-0.0080091370650705856,0.0080091370650705856,nan,nan,1.5670109524204556e-20,4,6.9208205664782003e-12,1.3624706333420296e-16,3072,1.0234375,2
198,4.9500000000000002,1.6177689192705861e-15,5.1998336192404793e-15,2.3788205168262977e-16,0.015279153574796527,11.171785472677378,11.187064626252175,0.0078483694383936157,4.6397246035241077e-17,-0.0078483694383935845,0.0078483694383935845,nan,nan,2.1175823681357508e-20,4,6.9453068069982374e-12,1.3637281725140286e-16,2048,1.015625,2
199,4.9750000000000005,1.6740210895080594e-15,5.7558124932910459e-15,2.3413745668209241e-16,0.01464082920369683,11.172423797048477,11.187064626252175,0.0076826733599380855,4.3680394108607125e-17,-0.0076826733599380508,0.0076826733599380508,nan,nan,2.5940384009662948e-20,4,6.9269883193047981e-12,1.3902019656711755e-16,2560,1.01953125,2
200,5,1.7138689348850935e-15,6.0316335259713583e-15,2.3125408257475987e-16,0.013997821602768346,11.173066804649407,11.187064626252175,0.0075120662208836607,3.9927878612806706e-17,-0.0075120662208836269,0.0075120662208836269,nan,nan,2.4034559878340772e-20,4,6.953017989991608e-12,1.3530798186083794e-16,2560,1.01953125,2
201,5.0250000000000004,1.7372587905241771e-15,5.566727634409574e-15,2.3359585729148522e-16,0.01335180656876033,11.173712819683415,11.187064626252175,0.0073366659111362992,3.7682912359770603e-17,-0.0073366659111362715,0.0073366659111362715,nan,nan,3.4834229955833101e-20,4,6.9448892458922961e-12,1.3709740741453111e-16,3072,1.0234375,2
202,5.0500000000000007,1.7570711934792087e-15,5.6283103178067506e-15,2.3919770200607229e-16,0.012704953087213151,11.174359673164961,11.187064626252175,0.0071567311351735038,3.4046516631844502e-17,-0.0071567311351734796,0.0071567311351734796,nan,nan,3.102258169318875e-20,4,6.9599563594360484e-12,1.3056156380754709e-16,1024,1.0078125,2
203,5.0750000000000002,1.7660488349616801e-15,6.2337288109226563e-15,2.4570534238746224e-16,0.012058794018181124,11.175005832233994,11.187064626252175,0.006972352984430448,2.9712709811931553e-17,-0.0069723529844304211,0.0069723529844304211,nan,nan,2.5199230180815435e-20,4,6.9628360668060902e-12,1.4785794837585326e-16,3584,1.02734375,2
204,5.1000000000000005,1.7911991422356525e-15,6.4852637149392933e-15,2.5241743083212538e-16,0.011414777446687256,11.175649848805488,11.187064626252175,0.0067836001390070393,2.7880477922554512e-17,-0.0067836001390070098,0.0067836001390070098,nan,nan,1.0693790959085542e-20,4,6.9857228445014165e-12,1.498692923061407e-16,3072,1.0234375,2
205,5.125,1.8482056930107761e-15,6.7055735963883478e-15,2.5680946055156388e-16,0.01077498681984939,11.176289639432326,11.187064626252175,0.0065907348742007058,2.5840411085259075e-17,-0.0065907348742006763,0.0065907348742006763,nan,nan,1.0799670077492329e-20,4,6.9850257317353142e-12,1.3762007535312327e-16,1024,1.0078125,2
206,5.1500000000000004,1.8337349502406095e-15,6.6734812120827769e-15,2.6362041141140262e-16,0.010141054765015154,11.17692357148716,11.187064626252175,0.006393897495898155,2.2133225662735969e-17,-0.0063938974958981229,0.0063938974958981229,nan,nan,4.6586812098986519e-21,4,6.981984583900805e-12,1.4080662364364201e-16,3072,1.0234375,2
207,5.1750000000000007,1.8597290078406023e-15,7.0377731420379064e-15,2.6831019142442546e-16,0.0095143738719129477,11.177550252380261,11.187064626252173,0.0061931631888394213,1.8369647248778831e-17,-0.0061931631888393936,0.0061931631888393936,nan,nan,-1.3764285392882381e-21,4,6.9704644089294917e-12,1.4118102817608315e-16,3584,1.02734375,2
208,5.2000000000000002,1.8939423525585782e-15,7.6917638924811627e-15,2.75550281302304e-16,0.0088968019017542279,11.178167824350421,11.187064626252175,0.0059887680986699396,1.5704913047514906e-17,-0.0059887680986699179,0.0059887680986699179,nan,nan,1.9058241313221758e-21,4,6.9924701435389666e-12,1.4298641784159244e-16,1536,1.01171875,2
209,5.2250000000000005,1.9402142789125983e-15,7.1748162966400741e-15,2.8004498408037929e-16,0.0082899223226513864,11.178774703929523,11.187064626252175,0.0057808729285743383,1.309110659100709e-17,-0.0057808729285743193,0.0057808729285743193,nan,nan,6.9880218148479778e-21,4,6.9952943441448629e-12,1.4653046364338099e-16,1536,1.01171875,2
210,5.25,1.9938751895532796e-15,6.7203187459341507e-15,2.8694098919113827e-16,0.0076951652671491165,11.179369460985026,11.187064626252175,0.0055696017784968768,8.0523849913647449e-18,-0.0055696017784968542,0.0055696017784968542,nan,nan,5.2939559203393771e-21,4,6.9828040186179869e-12,1.5490247765790465e-16,4608,1.03515625,2
211,5.2750000000000004,2.0189299180816246e-15,6.789707684973223e-15,2.9432052482172066e-16,0.0071141119652159291,11.179950514286958,11.187064626252173,0.0053551563971417889,3.7415253815519068e-18,-0.0053551563971417689,0.0053551563971417689,nan,nan,4.0234064994579266e-21,4,7.0027603939904147e-12,1.3834703669920746e-16,1024,1.0078125,2
212,5.3000000000000007,2.0673226027461397e-15,7.4020650719930359e-15,3.0250569867542695e-16,0.0065482021698114873,11.180516424082365,11.187064626252177,0.0051377012992926728,-2.5111102983348316e-20,-0.0051377012992926564,0.0051377012992926564,nan,nan,-4.9763185651190145e-21,4,7.00498256101909e-12,1.5448399839149895e-16,2048,1.015625,2
213,5.3250000000000002,2.0061869693513336e-15,7.6640083168655337e-15,3.1401855077845592e-16,0.0059988266505942344,11.18106579960158,11.187064626252175,0.0049174012958936638,-3.6893795559074273e-18,-0.0049174012958936482,0.0049174012958936482,nan,nan,1.3764285392882381e-21,4,7.0079924835578787e-12,1.5150674187687844e-16,4608,1.03515625,2
214,5.3500000000000005,1.9827800184567741e-15,7.8253376001313768e-15,3.2212844901710988e-16,0.0054673461856385077,11.181597280066535,11.187064626252173,0.0046944495582239417,-8.3971373199572256e-18,-0.0046944495582239305,0.0046944495582239305,nan,nan,-1.4823076576950256e-21,4,6.9994814990327395e-12,1.4756804321870098e-16,1536,1.01171875,2
215,5.375,1.9471772004206935e-15,8.4359602636752129e-15,3.2979989144756215e-16,0.0049549995974995029,11.182109626654675,11.187064626252175,0.0044690077207682356,-1.538810537132824e-17,-0.0044690077207682252,0.0044690077207682252,nan,nan,-1.7999450129153882e-21,4,7.0121337135887818e-12,1.4596295386526971e-16,1536,1.01171875,2
216,5.4000000000000004,1.9239990430043897e-15,8.461981115814865e-15,3.4037138378672936e-16,0.0044630075677885165,11.182601618684387,11.187064626252177,0.0042412482224421805,-2.0652552146408593e-17,-0.0042412482224421753,0.0042412482224421753,nan,nan,-9.4232415382040913e-21,4,7.0118607676438117e-12,1.498479044339332e-16,3072,1.0234375,2
217,5.4250000000000007,1.8723360576956378e-15,7.5599249083069253e-15,3.541315482145834e-16,0.0039925686134355282,11.183072057638739,11.187064626252175,0.0040113868494152261,-2.6431380026215533e-17,-0.0040113868494152261,0.0040113868494152261,nan,nan,-1.6093625997831706e-20,4,7.024928804777782e-12,1.4543589698813759e-16,3072,1.0234375,2
218,5.4500000000000002,1.8508005307382542e-15,6.5832755913319829e-15,3.5948769806170818e-16,0.0035446916223928187,11.183519934629782,11.187064626252175,0.0037795853824681151,-3.0274486739739952e-17,-0.0037795853824681147,0.0037795853824681147,nan,nan,-1.3658406274475593e-20,4,7.0285297577816515e-12,1.5000521413061207e-16,1536,1.01171875,2
219,5.4750000000000005,1.8402113714977275e-15,6.2597496630623084e-15,3.5998406071180842e-16,0.0031203455699008228,11.183944280682274,11.187064626252175,0.0035459995656682529,-3.40016155452366e-17,-0.0035459995656682581,0.0035459995656682581,nan,nan,-1.207021949837378e-20,4,7.015244181588071e-12,1.576289322460432e-16,2048,1.015625,2
220,5.5,1.8695391461796351e-15,6.4336556915289833e-15,3.5663167564138009e-16,0.0027205469469265553,11.184344079305248,11.187064626252175,0.0033108716461649782,-4.0109909319050963e-17,-0.0033108716461649861,0.0033108716461649861,nan,nan,-1.4399560103323106e-20,4,7.0226302093412457e-12,1.5368002249485974e-16,4096,1.03125,2
221,5.5250000000000004,1.8943943128489116e-15,6.9458327978111356e-15,3.5305215689696085e-16,0.0023460684606205371,11.184718557791555,11.187064626252177,0.0030743735368215851,-4.5152937525619656e-17,-0.0030743735368215942,0.0030743735368215942,nan,nan,-1.2334917294390749e-20,4,7.0358090719952696e-12,1.5155503344838832e-16,1536,1.01171875,2
222,5.5500000000000007,1.932083438211565e-15,6.6717464886068001e-15,3.4641217077199673e-16,0.0019976161433143606,11.185067010108861,11.187064626252175,0.00283664779479024,-5.0344088170498532e-17,-0.0028366477947902469,0.0028366477947902469,nan,nan,-1.2281977735187355e-20,4,7.0405218105437286e-12,1.4662261180775449e-16,2048,1.015625,2
223,5.5750000000000002,1.9747927235874939e-15,7.4809949901499806e-15,3.4030639644297679e-16,0.0016759437667461126,11.18538868248543,11.187064626252175,0.0025979320921729471,-5.5187897212374811e-17,-0.0025979320921729557,0.0025979320921729557,nan,nan,-5.6645328347631335e-21,4,7.0349133805530265e-12,1.4838602548390117e-16,4608,1.03515625,2
224,5.6000000000000005,2.007520475104391e-15,7.6553346994856497e-15,3.3417383949976837e-16,0.0013816042049274477,11.185683022047249,11.187064626252177,0.0023584283466465076,-6.0830083338603126e-17,-0.002358428346646518,0.002358428346646518,nan,nan,-8.6820877093565785e-21,4,7.0468910724378366e-12,1.5107560860274938e-16,1024,1.0078125,2
225,5.625,2.0662037723676418e-15,7.782836874969945e-15,3.2782132209361094e-16,0.001115037111267473,11.185949589140908,11.187064626252175,0.0021182742546374707,-6.2745661537950009e-17,-0.0021182742546374811,0.0021182742546374811,nan,nan,-3.1763735522036263e-21,4,7.0530168910233124e-12,1.5415167198276241e-16,2048,1.015625,2
226,5.6500000000000004,2.1184883312513449e-15,8.3570303455182682e-15,3.2441686081738994e-16,0.00087669670396212204,11.186187929548213,11.187064626252175,0.0018776854514790664,-6.7011766890462567e-17,-0.0018776854514790803,0.0018776854514790803,nan,nan,-2.1705219273391446e-21,4,7.0461547735322683e-12,1.4945722933308501e-16,4096,1.03125,2
227,5.6750000000000007,2.1130736484116281e-15,8.9125755386998406e-15,3.2302632905971391e-16,0.0006668944623214588,11.186397731789853,11.187064626252175,0.0016368882524210519,-7.0330843443591741e-17,-0.001636888252421068,0.001636888252421068,nan,nan,-2.779326858178173e-21,4,7.060762663960329e-12,1.5613623604783001e-16,1536,1.01171875,2
228,5.7000000000000002,2.1190050712446144e-15,9.0049495637956056e-15,3.2415410633503216e-16,0.00048580728334983371,11.186578818968826,11.187064626252177,0.0013960270229923784,-7.5534109526416715e-17,-0.0013960270229924025,0.0013960270229924025,nan,nan,-6.8821426964411903e-22,4,7.0533858033324535e-12,1.5066785385944773e-16,2048,1.015625,2
229,5.7250000000000005,2.1031730743074224e-15,8.5656308435044792e-15,3.2765005307750022e-16,0.00033359169901989952,11.186731034553155,11.187064626252175,0.0011553009597328908,-8.1148724018941275e-17,-0.0011553009597329196,0.0011553009597329196,nan,nan,-6.4586262228140401e-21,4,7.0585048171085393e-12,1.4991762616704747e-16,3072,1.0234375,2
230,5.75,2.1230760483285707e-15,7.976258542541359e-15,3.318665292704134e-16,0.00021028783411114585,11.186854338418064,11.187064626252175,0.00091493519949525362,-8.7347102547367654e-17,-0.00091493519949528701,0.00091493519949528701,nan,nan,-1.0733495628488087e-20,4,7.0625630087057382e-12,1.437672500750927e-16,3072,1.0234375,2
231,5.7750000000000004,2.1094916744669911e-15,7.6542504973131642e-15,3.3744984373665752e-16,0.0001158145822273723,11.186948811669946,11.187064626252173,0.00067509002512334887,-9.2266425152595327e-17,-0.0006750900251233841,0.0006750900251233841,nan,nan,-5.5718886061571944e-21,4,7.0705075162292264e-12,1.4908278451345999e-16,1536,1.01171875,2
232,5.8000000000000007,2.1152123916429865e-15,8.2748478208438669e-15,3.4533337326589984e-16,5.0041338550325826e-05,11.187014584913625,11.187064626252175,0.00043596120260533226,-9.7306232856675395e-17,-0.00043596120260536858,0.00043596120260536858,nan,nan,-3.705769144237564e-21,4,7.0701433973503401e-12,1.4497042113724038e-16,2048,1.015625,2
233,5.8250000000000002,2.0696720750554699e-15,7.8105924505855739e-15,3.5236073230223142e-16,1.2728351188925103e-05,11.187051897900986,11.187064626252175,0.00019775507794952458,-1.0182041618234886e-16,-0.00019775507794956952,0.00019775507794956952,nan,nan,-4.9961708998202872e-21,4,7.0704756806592728e-12,1.4647352135984819e-16,4096,1.03125,2
234,5.8500000000000005,2.049882494866341e-15,6.9974950313300699e-15,3.5872657496217199e-16,3.5418620169912968e-06,11.187061084390157,11.187064626252173,3.9353929410797985e-05,-1.0783996247408482e-16,3.9353929410753878e-05,3.9353929410753878e-05,nan,nan,-3.7322389238392609e-21,4,7.0895128000480134e-12,1.4261278112167507e-16,1024,1.0078125,2
235,5.875,2.050401319445963e-15,7.8540689577022427e-15,3.6365589194158649e-16,2.2074069659979024e-05,11.187042552182515,11.187064626252175,0.00027517005401208206,-1.148094062286898e-16,0.00027517005401203251,0.00027517005401203251,nan,nan,-2.4087499437544166e-21,4,7.0974284689302281e-12,1.4462823434718187e-16,2048,1.015625,2
236,5.9000000000000004,2.0982348197108329e-15,8.3550787816077943e-15,3.6758653096335685e-16,6.7813983541259513e-05,11.186996812268633,11.187064626252175,0.00050949646567411484,-1.1990322985697518e-16,0.00050949646567406345,0.00050949646567406345,nan,nan,-2.5543337315637495e-21,4,7.0750425868141966e-12,1.3747359991652482e-16,4608,1.03515625,2
237,5.9250000000000007,2.1259303274503145e-15,8.1508150923115252e-15,3.7026582218274915e-16,0.00014018612360687161,11.186924440128568,11.187064626252175,0.00074216295405044996,-1.2484056143709791e-16,0.00074216295405039705,0.00074216295405039705,nan,nan,-3.6792993646358671e-21,4,7.1083068580305354e-12,1.369982756059072e-16,1536,1.01171875,2
238,5.9500000000000002,2.1797668508465082e-15,9.0127558194375013e-15,3.7171108944686284e-16,0.00023852520013783603,11.186826101052036,11.187064626252173,0.00097297470822117695,-1.2805772114166003e-16,0.00097297470822112382,0.00097297470822112382,nan,nan,-2.5146290621612041e-21,4,7.0966005991817421e-12,1.3526900086799532e-16,1536,1.01171875,2
239,5.9750000000000005,2.2451381063896984e-15,9.7170535506840849e-15,3.7349878994178342e-16,0.00036206063581767568,11.186702565616356,11.187064626252173,0.0012017326919708578,-1.3223675081283118e-16,0.0012017326919708023,0.0012017326919708023,nan,nan,2.779326858178173e-21,4,7.0975806252285483e-12,1.3195261071344285e-16,4608,1.03515625,2
240,6,2.3035529176470058e-15,9.3995991545803292e-15,3.7674837098234635e-16,0.00050998978266092974,11.186554636469513,11.187064626252173,0.0014282760491204057,-1.3862760166918497e-16,0.0014282760491203493,0.0014282760491203493,nan,nan,9.6085299954159695e-21,4,7.0948161778048068e-12,1.3238318824760655e-16,1536,1.01171875,2
241,6.0250000000000004,2.3527736157834891e-15,9.9282561338842612e-15,3.8158351178809207e-16,0.00068142450709138768,11.186383201745084,11.187064626252175,0.0016524185376996471,-1.4198808481989503e-16,0.0016524185376995855,0.0016524185376995855,nan,nan,6.935082255644584e-21,4,7.1011468150312471e-12,1.3468378977335327e-16,1536,1.01171875,2
242,6.0500000000000007,2.3735819541655578e-15,9.5266676491956304e-15,3.896315114527488e-16,0.00087536074711995926,11.186189265505055,11.187064626252175,0.0018739643186417142,-1.4575111787855026e-16,0.0018739643186416535,0.0018739643186416535,nan,nan,1.7734752333136913e-21,4,7.1149483300919497e-12,1.3466546881674481e-16,3072,1.0234375,2
243,6.0750000000000002,2.3494478383798283e-15,9.6988389541863285e-15,3.9940572553285419e-16,0.0010907665583161303,11.18597385969386,11.187064626252177,0.0020927411723750842,-1.4959803993374413e-16,0.0020927411723750244,0.0020927411723750244,nan,nan,-4.393983413881683e-21,4,7.1272936063101526e-12,1.3919365689962314e-16,3584,1.02734375,2
244,6.1000000000000005,2.3194531826008331e-15,8.3526935368283262e-15,4.1079766499730744e-16,0.0013265831595852015,11.18573804309259,11.187064626252175,0.0023085904137206351,-1.5441962849689326e-16,0.0023085904137205779,0.0023085904137205779,nan,nan,-1.0164395367051604e-20,4,7.1197996471972045e-12,1.3347048823962015e-16,1024,1.0078125,2
245,6.125,2.2620598906842918e-15,8.403867879369642e-15,4.2308468687022765e-16,0.0015816141718350322,11.18548301208034,11.187064626252175,0.0025213249561254233,-1.5806641763488745e-16,0.0025213249561253613,0.0025213249561253613,nan,nan,-1.3923104070492562e-20,4,7.1055800482428678e-12,1.4211381841711249e-16,2560,1.01953125,2
246,6.1500000000000004,2.2349858482683722e-15,8.3336115785925813e-15,4.3344053896657195e-16,0.001854612440778566,11.185210013811396,11.187064626252175,0.0027307584002510083,-1.6342590989817615e-16,0.002730758400250942,0.002730758400250942,nan,nan,-1.9164120431628545e-20,4,7.1454658368190117e-12,1.3906351990709865e-16,4096,1.03125,2
247,6.1750000000000007,2.2420350076227773e-15,8.1211079527854224e-15,4.4064321701922774e-16,0.0021443632034208828,11.184920263048754,11.187064626252175,0.0029367417072053495,-1.6584625935614317e-16,0.0029367417072052801,0.0029367417072052801,nan,nan,-2.5569807095239191e-20,4,7.1279004654735695e-12,1.3900436577718889e-16,1024,1.0078125,2
248,6.2000000000000002,2.2508494316678302e-15,8.6042284408449632e-15,4.4503859600960952e-16,0.0024495490349402699,11.184615077217234,11.187064626252175,0.0031391170272196131,-1.7165870523107991e-16,0.0031391170272195464,0.0031391170272195464,nan,nan,-2.7846208140985124e-20,4,7.1515823645434902e-12,1.3534692144366524e-16,1536,1.01171875,2
249,6.2250000000000005,2.2889596447855751e-15,8.5894832912991603e-15,4.4552602496661737e-16,0.0027687585670296611,11.184295867685146,11.187064626252175,0.0033376981255128666,-1.7674131731384953e-16,0.0033376981255128051,0.0033376981255128051,nan,nan,-2.9646153153900512e-20,4,7.1570208148924614e-12,1.3850658754536419e-16,4096,1.03125,2
250,6.25,2.3186246125124287e-15,8.5261658844260069e-15,4.4596433758210668e-16,0.0031005880266951184,11.183964038225481,11.187064626252177,0.003532310593629801,-1.8152465030398828e-16,0.003532310593629736,0.003532310593629736,nan,nan,-3.186961464044305e-20,4,7.1344872756679704e-12,1.3624934339349666e-16,2560,1.01953125,2
251,6.2750000000000004,2.3486836816089109e-15,8.6085652495349052e-15,4.4554597894457348e-16,0.0034436867534141011,11.183620939498761,11.187064626252175,0.0037228445465784287,-1.8799514433108587e-16,0.0037228445465783619,0.0037228445465783619,nan,nan,-3.0069669627527662e-20,4,7.1417701317375329e-12,1.3444361436916429e-16,1024,1.0078125,2
252,6.3000000000000007,2.3830998451927235e-15,9.6337868238371982e-15,4.4696524982533319e-16,0.0037965456297005145,11.183268080622474,11.187064626252175,0.0039091280286971588,-1.9277036453380518e-16,0.0039091280286970877,0.0039091280286970877,nan,nan,-3.832824086325709e-20,4,7.149917292883009e-12,1.3775985303556854e-16,4096,1.03125,2
253,6.3250000000000002,2.4126054470527206e-15,1.049681175313566e-14,4.4827336940266325e-16,0.0041575839105407377,11.182907042341634,11.187064626252175,0.0040909560570436144,-1.9415384042225102e-16,0.0040909560570435433,0.0040909560570435433,nan,nan,-4.4151592375630405e-20,4,7.1751452438140116e-12,1.3069428254339098e-16,3072,1.0234375,2
254,6.3500000000000005,2.4156218473477231e-15,1.0479464518375892e-14,4.4912706690281159e-16,0.0045254265100052853,11.182539199742168,11.187064626252173,0.0042682455225772431,-2.007369629948528e-16,0.0042682455225771694,0.0042682455225771694,nan,nan,-4.309280119156253e-20,4,7.1726536613559052e-12,1.3847700424682889e-16,1024,1.0078125,2
255,6.375,2.464076603409433e-15,1.0538445116559103e-14,4.506675583071279e-16,0.0048985616506681939,11.182166064601507,11.187064626252175,0.0044408595675012657,-2.0410255025725754e-16,0.0044408595675011903,0.0044408595675011903,nan,nan,-4.8492636230308694e-20,4,7.1660311168624784e-12,1.3480872989338944e-16,3072,1.0234375,2
256,6.4000000000000004,2.4755320889821547e-15,1.0193235144839718e-14,4.5098848111209492e-16,0.0052753140968135525,11.181789312155361,11.187064626252175,0.0046085854712354397,-2.0633764861814853e-16,0.0046085854712353651,0.0046085854712353651,nan,nan,-3.9281152928918178e-20,4,7.196620074166028e-12,1.3801481714609024e-16,3072,1.0234375,2
257,6.4250000000000007,2.4945017673235266e-15,9.7959834688410297e-15,4.5140221278657383e-16,0.0056542085665688829,11.181410417685605,11.187064626252173,0.0047713184354343432,-2.0853856456971389e-16,0.0047713184354342617,0.0047713184354342617,nan,nan,-4.0975218823426779e-20,4,7.1908423163516286e-12,1.3544444940372854e-16,1536,1.01171875,2
258,6.4500000000000002,2.5505044026022892e-15,9.9972113920543393e-15,4.5245227861421196e-16,0.0060338461824045583,11.18103078006977,11.187064626252175,0.0049289796876090912,-2.1398818007988608e-16,0.0049289796876090027,0.0049289796876090027,nan,nan,-3.1975493758849838e-20,4,7.1867862047529977e-12,1.327905641592839e-16,2560,1.01953125,2
259,6.4750000000000005,2.6036733852382432e-15,1.0504618008777555e-14,4.5221946916694472e-16,0.0064125360482424074,11.180652090203932,11.187064626252175,0.0050813652996235551,-2.1824259021501868e-16,0.0050813652996234745,0.0050813652996234745,nan,nan,-3.3034284942917713e-20,4,7.1956121138449939e-12,1.3317819211290803e-16,2560,1.01953125,2
260,6.5,2.6863709588274471e-15,1.130606025467884e-14,4.5343847112682855e-16,0.0067887130294529766,11.180275913222722,11.187064626252175,0.0052283403275806403,-2.227153022931274e-16,0.0052283403275805579,0.0052283403275805579,nan,nan,-3.3669559653358438e-20,4,7.1999505011709918e-12,1.3564650060900297e-16,3072,1.0234375,2
261,6.5250000000000004,2.6971240603811713e-15,1.1558462520433466e-14,4.514073725212989e-16,0.0071610909435091616,11.179903535308666,11.187064626252175,0.0053698644640777938,-2.2707172704672727e-16,0.0053698644640777123,0.0053698644640777123,nan,nan,-4.0022306757765691e-20,4,7.2276453304161217e-12,1.3055113449186983e-16,2560,1.01953125,2
262,6.5500000000000007,2.6691885154122904e-15,1.1723261250651262e-14,4.5251006729003039e-16,0.0075280831294655803,11.179536543122708,11.187064626252173,0.0055057677568477615,-2.2942424757813629e-16,0.0055057677568476782,0.0055057677568476782,nan,nan,-3.6528295850341702e-20,4,7.2229828686956874e-12,1.2655648763859196e-16,2048,1.015625,2
263,6.5750000000000002,2.6364972983557175e-15,1.0730999422392529e-14,4.5433158574723719e-16,0.0078881161810668479,11.179176510071107,11.187064626252173,0.0056359019767103554,-2.3190167927470573e-16,0.0056359019767102704,0.0056359019767102704,nan,nan,-2.8693241088239424e-20,4,7.2194834773446631e-12,1.270018756004841e-16,2048,1.015625,2
264,6.6000000000000005,2.639624374372475e-15,1.0075273948473296e-14,4.5612689610891099e-16,0.0082399181825333258,11.178824708069641,11.187064626252175,0.0057602182266407783,-2.3628785847699849e-16,0.0057602182266406898,0.0057602182266406898,nan,nan,-2.4246318115154347e-20,4,7.2453914194107403e-12,1.2547593450763512e-16,3584,1.02734375,2
265,6.625,2.6561755010939025e-15,9.7456764880377023e-15,4.5255792837686276e-16,0.0085821423992727096,11.178482483852902,11.187064626252175,0.0058786068792281015,-2.3946249709679549e-16,0.0058786068792280131,0.0058786068792280131,nan,nan,-9.1056041829837286e-21,4,7.2365526014197854e-12,1.2537388653667984e-16,1536,1.01171875,2
266,6.6500000000000004,2.6556377230122933e-15,9.4715901788333667e-15,4.488777707805415e-16,0.0089132744600696791,11.178151351792106,11.187064626252177,0.0059909168923463554,-2.4393291907719837e-16,0.0059909168923462635,0.0059909168923462635,nan,nan,-4.8704394467122269e-21,4,7.2583925291562994e-12,1.2529042809105086e-16,2048,1.015625,2
267,6.6750000000000007,2.6851481999719451e-15,1.0273032424734652e-14,4.4726896728639457e-16,0.0092320712701802546,11.177832554981995,11.187064626252175,0.0060970850348752038,-2.4885778336634802e-16,0.0060970850348751188,0.0060970850348751188,nan,nan,-4.0234064994579266e-21,4,7.3036142399911976e-12,1.2656511065341329e-16,4096,1.03125,2
268,6.7000000000000002,2.712300361026623e-15,1.0491607582707729e-14,4.472705813416232e-16,0.0095373939396022709,11.177527232312572,11.187064626252175,0.0061970369060465238,-2.5238301658427825e-16,0.0061970369060464405,0.0061970369060464405,nan,nan,3.8116482626443515e-21,4,7.3272960649973534e-12,1.2352101623058307e-16,2048,1.015625,2
269,6.7250000000000005,2.7404320716697186e-15,1.0552322904366918e-14,4.4772041536300522e-16,0.0098279345121974077,11.177236691739978,11.187064626252175,0.0062906527025490102,-2.5651521025524107e-16,0.006290652702548926,0.006290652702548926,nan,nan,1.3764285392882381e-21,4,7.3158690606157002e-12,1.1943712104759247e-16,2048,1.015625,2
270,6.75,2.7397873074432067e-15,1.1346826256364295e-14,4.5124592551059558e-16,0.010102537861584913,11.176962088390589,11.187064626252173,0.0063778601186256761,-2.5882857365076255e-16,0.0063778601186255911,0.0063778601186255911,nan,nan,-5.2939559203393771e-22,4,7.3381217446484343e-12,1.2867753922299245e-16,3072,1.0234375,2
271,6.7750000000000004,2.7209406251641062e-15,1.1459583282302788e-14,4.6109453030723119e-16,0.010360167457294369,11.17670445879488,11.187064626252175,0.006458582778439307,-2.6015366886607499e-16,0.0064585827784392237,0.0064585827784392237,nan,nan,-2.541098841762901e-21,4,7.375494810854899e-12,1.1937663139967957e-16,3072,1.0234375,2
272,6.8000000000000007,2.7385715579255336e-15,1.0507220093991521e-14,4.6756030778058608e-16,0.010599866054784631,11.176464760197391,11.187064626252175,0.0065327590694494288,-2.657235898647675e-16,0.0065327590694493412,0.0065327590694493412,nan,nan,9.5291206566108788e-22,4,7.3916941222527453e-12,1.2126001368957823e-16,1024,1.0078125,2
273,6.8250000000000002,2.7123752818461982e-15,1.0691100782445062e-14,4.7726641361679533e-16,0.010820604819706968,11.176244021432469,11.187064626252175,0.0066003092453221354,-2.6896968302368873e-16,0.0066003092453220443,0.0066003092453220443,nan,nan,-7.6232965252887031e-21,4,7.4626512071692323e-12,1.1579586259066727e-16,2048,1.015625,2
274,6.8500000000000005,2.6951008155255524e-15,1.1058862159352145e-14,4.8499001378244951e-16,0.011021471017940309,11.176043155234234,11.187064626252175,0.006661156181355106,-2.6985271841156175e-16,0.006661156181355014,0.006661156181355014,nan,nan,1.1329065669526267e-20,4,7.4876742248460868e-12,1.1002370218511311e-16,4608,1.03515625,2
275,6.875,2.661639386538424e-15,1.0694570229397016e-14,4.9289568564348061e-16,0.01120182905554206,11.175862797196633,11.187064626252175,0.0067152761539808047,-2.7338703412664009e-16,0.0067152761539807128,0.0067152761539807128,nan,nan,2.2658131339052534e-20,4,7.5171896107336232e-12,1.1270007418554322e-16,1024,1.0078125,2
276,6.9000000000000004,2.6559230551522594e-15,1.0240072678691092e-14,5.0016118865061517e-16,0.011360856217219063,11.175703770034955,11.187064626252175,0.0067625980457073388,-2.725228046416322e-16,0.0067625980457072486,0.0067625980457072486,nan,nan,1.9693516023662483e-20,4,7.6143112182936073e-12,1.0880808480673814e-16,2048,1.015625,2
277,6.9250000000000007,2.6649454017312891e-15,9.7716973401773544e-15,5.0601759954000951e-16,0.011497883838999584,11.175566742413174,11.187064626252173,0.0068030685573828081,-2.7394563454189954e-16,0.0068030685573827188,0.0068030685573827188,nan,nan,1.4611318340136681e-20,4,7.6583115643105061e-12,1.0860713238659104e-16,3584,1.02734375,2
278,6.9500000000000002,2.6812223316568956e-15,1.0194969868315695e-14,5.1119806324733661e-16,0.011612396736143669,11.175452229516031,11.187064626252175,0.0068366427350118695,-2.7574173994880766e-16,0.006836642735011781,0.006836642735011781,nan,nan,1.334076891925523e-20,4,7.7627346911834367e-12,1.0337926795075346e-16,2048,1.015625,2
279,6.9750000000000005,2.7226318670005034e-15,1.049681175313566e-14,5.1812051289496149e-16,0.011703985197685793,11.175360641054489,11.187064626252175,0.0068633076135526973,-2.7762191199922293e-16,0.0068633076135526105,0.0068633076135526105,nan,nan,1.3234889800848443e-20,4,7.8996453438974818e-12,9.7438150162538158e-17,2560,1.01953125,2
280,7,2.7595420834664507e-15,1.0822939766619299e-14,5.1942506452159249e-16,0.011772220199469314,11.175292406052705,11.187064626252175,0.0068830241671045062,-2.7926907138330898e-16,0.0068830241671044186,0.0068830241671044186,nan,nan,2.2446373102238959e-20,4,8.2409352665075014e-12,9.1851845579590828e-17,2048,1.015625,2
281,7.0250000000000004,2.8108401981640222e-15,1.1539380562197721e-14,5.2750572452451621e-16,0.011816681683777691,11.175247944568397,11.187064626252175,0.0068957190535840658,-2.8101215944032746e-16,0.0068957190535839791,0.0068957190535839791,nan,nan,1.7364175418713157e-20,4,8.5533758467397315e-12,8.1533352916637408e-17,3072,1.0234375,2
282,7.0500000000000007,2.8577632932085043e-15,1.2300924168151539e-14,5.3448947358706495e-16,0.011837393640085497,11.175227232612089,11.187064626252175,0.0069014370782678868,-2.8048311524362707e-16,0.0069014370782678001,0.0069014370782678001,nan,nan,1.2705494208814505e-20,4,8.2603659337579213e-12,7.4875750309401696e-17,2048,1.015625,2
283,7.0750000000000002,2.9000780705605176e-15,1.1600095883856909e-14,5.3239734647487882e-16,0.011834180520989654,11.175230445731184,11.187064626252175,0.0069001525653365186,-2.7945680300283374e-16,0.0069001525653364327,0.0069001525653364327,nan,nan,4.8704394467122269e-21,4,5.9189323868251162e-12,5.297341833567158e-17,2560,1.01953125,2
284,7.1000000000000005,2.931187704742236e-15,1.0970391262077328e-14,5.3946244779962155e-16,0.011806817203970012,11.175257809048205,11.187064626252175,0.0068917883489385302,-2.7904023684292832e-16,0.0068917883489384435,0.0068917883489384435,nan,nan,1.0693790959085542e-20,4,4.7053381699257498e-12,6.307512340733705e-17,3072,1.0234375,2
285,7.125,2.960969109616488e-15,1.0635589631213804e-14,5.3507430375575469e-16,0.011755614156337016,11.175309012095839,11.187064626252177,0.0068764078136618863,-2.7902455756941617e-16,0.0068764078136617935,0.0068764078136617935,nan,nan,2.4458076351967922e-20,4,5.2811922961411105e-12,6.4992135956477067e-17,2048,1.015625,2
286,7.1500000000000004,3.0183064600515274e-15,1.0125580929276623e-14,5.3740199729755645e-16,0.011680705902449217,11.175383920349725,11.187064626252175,0.0068540100606004056,-2.7854697857489892e-16,0.0068540100606003136,0.0068540100606003136,nan,nan,2.7210933430544398e-20,4,5.8087259744574359e-12,9.110276804755422e-17,2560,1.01953125,2
287,7.1750000000000007,3.0648166555375797e-15,1.0795184191003671e-14,5.4071216152099962e-16,0.011582208177190269,11.175482418074985,11.187064626252175,0.006824550615090832,-2.7936485142386729e-16,0.0068245506150907409,0.0068245506150907409,nan,nan,2.0964065444543933e-20,4,6.1284193598488392e-12,8.937902049870761e-17,3072,1.0234375,2
288,7.2000000000000002,3.1246304551799245e-15,1.1846426617445616e-14,5.4490415476812349e-16,0.011460515163838763,11.175604111088337,11.187064626252175,0.0067880607684302156,-2.7866853265379387e-16,0.0067880607684301254,0.0067880607684301254,nan,nan,1.5775988642611344e-20,4,6.2644010689490749e-12,1.1527762390750375e-16,2560,1.01953125,2
289,7.2250000000000005,3.2011193777229593e-15,1.2356435319382797e-14,5.4147587851772812e-16,0.011316186219306983,11.175748440032867,11.187064626252175,0.0067445938926143228,-2.7820320298429471e-16,0.0067445938926142318,0.0067445938926142318,nan,nan,1.291725244562808e-20,4,6.3719764282649199e-12,1.0601805413449088e-16,2048,1.015625,2
290,7.25,3.3015581763732833e-15,1.2153472672693511e-14,5.4200828578734256e-16,0.011149639415221922,11.175914986836952,11.187064626252175,0.0066941287786881354,-2.7818234062579694e-16,0.0066941287786880469,0.0066941287786880469,nan,nan,1.3552527156068805e-20,4,6.4995843706485164e-12,1.1640775521697946e-16,3072,1.0234375,2
291,7.2750000000000004,3.4267836845138244e-15,1.2165615737025348e-14,5.4151115404170399e-16,0.010961387579373772,11.176103238672802,11.187064626252175,0.0066366748267808438,-2.7624672604533073e-16,0.0066366748267807588,0.0066366748267807588,nan,nan,1.7152417181899582e-20,4,6.6037404301807034e-12,1.2468411858430022e-16,1536,1.01171875,2
292,7.3000000000000007,3.5483718114480273e-15,1.4046055984984207e-14,5.3428390167140256e-16,0.010752348539501837,11.176312277712674,11.187064626252175,0.0065723261899867918,-2.7553816542171555e-16,0.0065723261899867051,0.0065723261899867051,nan,nan,7.6232965252887031e-21,4,6.6107511417302991e-12,1.2460655079683927e-16,3584,1.02734375,2
293,7.3250000000000002,3.6473669002982057e-15,1.5243015183408204e-14,5.23740586512909e-16,0.010523207524164815,11.176541418728011,11.187064626252175,0.0065010794600624758,-2.732283677727066e-16,0.0065010794600623891,0.0065010794600623891,nan,nan,1.6940658945086007e-20,4,6.6969598902982406e-12,1.2596096395461768e-16,1536,1.01171875,2
294,7.3500000000000005,3.7191462367473841e-15,1.5650675200262754e-14,5.2456669919159079e-16,0.010274740091260686,11.176789886160915,11.187064626252175,0.0064229607238587864,-2.7073999501730927e-16,0.0064229607238587005,0.0064229607238587005,nan,nan,2.6046263128069735e-20,4,6.7092543548057453e-12,1.2797007810291623e-16,2048,1.015625,2
295,7.375,3.76473769855255e-15,1.5380058338010372e-14,5.219859880599921e-16,0.010007984842153926,11.177056641410021,11.187064626252175,0.0063380488303958361,-2.6888139203949603e-16,0.0063380488303957502,0.0063380488303957502,nan,nan,2.7105054312137611e-20,4,6.7188935026233474e-12,1.2402853653686748e-16,4096,1.03125,2
296,7.4000000000000004,3.7774630695178284e-15,1.4493614641786223e-14,5.2748538850035398e-16,0.0097239940201044994,11.17734063223207,11.187064626252175,0.0062463909593269314,-2.6617984258964659e-16,0.0062463909593268464,0.0062463909593268464,nan,nan,3.4940109074239889e-20,4,6.7675791654996978e-12,1.2626363151551558e-16,1024,1.0078125,2
297,7.4250000000000007,3.7657405524328252e-15,1.2998283005494216e-14,5.3087518195564539e-16,0.0094238053043927787,11.177640820947783,11.187064626252175,0.0061480315355661869,-2.6256157249985316e-16,0.0061480315355661036,0.0061480315355661036,nan,nan,3.6316537613528127e-20,4,6.7580884666567787e-12,1.2878620442724671e-16,2560,1.01953125,2
298,7.4500000000000002,3.7159379823316659e-15,1.1405806854547507e-14,5.2906874008894226e-16,0.0091085157513313645,11.177956110500842,11.187064626252173,0.0060430243639660059,-2.5925549178745865e-16,0.0060430243639659226,0.0060430243639659226,nan,nan,3.9281152928918178e-20,4,6.7783857844329271e-12,1.2493091212001071e-16,3072,1.0234375,2
299,7.4750000000000005,3.6523728770261026e-15,1.1463052729254741e-14,5.3516622430092682e-16,0.0087795312275562986,11.17828509502462,11.187064626252177,0.0059314733666644553,-2.5545950400443861e-16,0.0059314733666643738,0.0059314733666643738,nan,nan,4.6904449454206881e-20,4,6.812567766585184e-12,1.2724619264080057e-16,2560,1.01953125,2
300,7.5,3.5709549534638836e-15,1.1126516374915241e-14,5.3653704548530829e-16,0.0084380535618738799,11.1786265726903,11.187064626252173,0.0058134204103184204,-2.5222580548365834e-16,0.0058134204103183398,0.0058134204103183398,nan,nan,5.7598240413292423e-20,4,6.8149971830868443e-12,1.243516556922647e-16,2560,1.01953125,2
301,7.5250000000000004,3.4838673565672138e-15,1.1268330019076345e-14,5.4114704181532846e-16,0.0080853726445228296,11.178979253607652,11.187064626252175,0.0056889362915580489,-2.4786712983454564e-16,0.0056889362915579691,0.0056889362915579691,nan,nan,5.7068844821258485e-20,4,6.8779079682144756e-12,1.3466938879723498e-16,2560,1.01953125,2
302,7.5500000000000007,3.4068246682013253e-15,1.1939668004279369e-14,5.4979919888098308e-16,0.0077230191598517302,11.179341607092322,11.187064626252173,0.0055581324190460864,-2.4259930119832997e-16,0.0055581324190460057,0.0055581324190460057,nan,nan,5.6115932755597397e-20,4,6.8784814028778433e-12,1.350733484029694e-16,3072,1.0234375,2
303,7.5750000000000002,3.3442084078185959e-15,1.221332063261471e-14,5.4243160741759276e-16,0.0073524170708150491,11.179712209181361,11.187064626252175,0.005421069678974294,-2.382216651348008e-16,0.005421069678974216,0.005421069678974216,nan,nan,5.7704119531699211e-20,4,6.8754264110354927e-12,1.3807503248541586e-16,1536,1.01171875,2
304,7.6000000000000005,3.3305107134135171e-15,1.2084083733654438e-14,5.3551414202694432e-16,0.0069750789647558559,11.18008954728742,11.187064626252175,0.005277855966935311,-2.3387330200758177e-16,0.0052778559669352321,0.0052778559669352321,nan,nan,6.7021481951496514e-20,4,6.9083666697730417e-12,1.3678128809478682e-16,2560,1.01953125,2
305,7.625,3.3267633992749688e-15,1.1386291215442768e-14,5.3346397372369639e-16,0.0065924882181768703,11.180472138033998,11.187064626252175,0.0051285679419263742,-2.2867183288169133e-16,0.0051285679419262962,0.0051285679419262962,nan,nan,6.7339119306716877e-20,4,6.9144605507235794e-12,1.3905376950193773e-16,3584,1.02734375,2
306,7.6500000000000004,3.3563830962963215e-15,1.1358969320696133e-14,5.2970916918558546e-16,0.0062063717474206848,11.180858254504754,11.187064626252175,0.0049733243169352882,-2.2171826007155636e-16,0.0049733243169352102,0.0049733243169352102,nan,nan,6.28921963336318e-20,4,6.9337717303802849e-12,1.3937266151772134e-16,1024,1.0078125,2
307,7.6750000000000007,3.3707518366337269e-15,1.2106635138842137e-14,5.3231627488908411e-16,0.0058182951976447775,11.181246331054529,11.187064626252175,0.0048122319046796438,-2.1571521581361574e-16,0.0048122319046795658,0.0048122319046795658,nan,nan,6.6915602833089727e-20,4,6.9384721498391538e-12,1.3785778538036656e-16,2560,1.01953125,2
308,7.7000000000000002,3.4137032113060145e-15,1.2771034230141254e-14,5.3485596478942267e-16,0.005429811089587783,11.181634815162587,11.187064626252175,0.0046453693936362866,-2.0903304969918057e-16,0.0046453693936362103,0.0046453693936362103,nan,nan,7.3691866411124129e-20,4,6.9236231371529979e-12,1.3932382715418578e-16,3584,1.02734375,2
309,7.7250000000000005,3.4545796307974255e-15,1.354472090042691e-14,5.328367595944887e-16,0.0050427668554187677,11.182021859396755,11.187064626252175,0.0044728884094326687,-2.0138322723068463e-16,0.0044728884094325941,0.0044728884094325941,nan,nan,7.0091976385293353e-20,4,6.930569834646993e-12,1.4093940862938799e-16,2048,1.015625,2
310,7.75,3.463918043235517e-15,1.4004422621560764e-14,5.3694599936240446e-16,0.0046587688124471423,11.182405857439727,11.187064626252175,0.0042948884439153664,-1.959973280007636e-16,0.004294888443915291,0.004294888443915291,nan,nan,7.2633075227056254e-20,4,6.9345169936758929e-12,1.5999105914864176e-16,1536,1.01171875,2
311,7.7750000000000004,3.4400070595677498e-15,1.3525638942191165e-14,5.3828549565641228e-16,0.0042795001690414738,11.182785126083132,11.187064626252173,0.0041114885762823109,-1.9053099820916202e-16,0.0041114885762822389,0.0041114885762822389,nan,nan,6.9562580793259415e-20,4,6.9579069934031163e-12,1.4101870736107633e-16,3584,1.02734375,2
312,7.8000000000000007,3.408005898500266e-15,1.312058101055058e-14,5.4257076124545303e-16,0.0039067101482152342,11.18315791610396,11.187064626252175,0.0039228175612442597,-1.8242978167327673e-16,0.0039228175612441912,0.0039228175612441912,nan,nan,6.0456976610275687e-20,4,6.9479801725382545e-12,1.5997915049009677e-16,2560,1.01953125,2
313,7.8250000000000002,3.3460294395595338e-15,1.3705182821954764e-14,5.4256181168934627e-16,0.0035421436987835165,11.183522482553391,11.187064626252175,0.0037290114207446079,-1.7429502241889714e-16,0.0037290114207445416,0.0037290114207445416,nan,nan,5.7386482176478848e-20,4,6.9567573804198894e-12,1.3662099686577423e-16,1536,1.01171875,2
314,7.8500000000000005,3.2803453667901165e-15,1.3863910020006642e-14,5.4826741479278439e-16,0.0031874619626414157,11.183877164289534,11.187064626252175,0.0035302038124086534,-1.6667875119716489e-16,0.0035302038124085909,0.0035302038124085909,nan,nan,6.2256921623191075e-20,4,6.9601157593382188e-12,1.6176403656677925e-16,3584,1.02734375,2
315,7.875,3.1969364079060371e-15,1.3241144292130969e-14,5.5659199039040842e-16,0.0028443536998830673,11.184220272552292,11.187064626252175,0.0033265095851755227,-1.6050884045662408e-16,0.003326509585175462,0.003326509585175462,nan,nan,6.3633350162479313e-20,4,6.9663408937042465e-12,1.3619050644966019e-16,2560,1.01953125,2
316,7.9000000000000004,3.1592606664219209e-15,1.2669552906796611e-14,5.6234274125383621e-16,0.0025145937775231382,11.184550032474652,11.187064626252175,0.0031181008414092482,-1.5415068880592681e-16,0.0031181008414091858,0.0031181008414091858,nan,nan,5.1510191104902139e-20,4,6.9925984717975127e-12,1.3839405268957045e-16,2048,1.015625,2
317,7.9250000000000007,3.1345452748178209e-15,1.2261025528204073e-14,5.4880780701749632e-16,0.0021997714584508143,11.184864854793723,11.187064626252173,0.0029051120399183569,-1.4652776872597748e-16,0.0029051120399182975,0.0029051120399182975,nan,nan,5.2410163611359833e-20,4,6.9813886897055346e-12,1.5651885005763017e-16,2560,1.01953125,2
318,7.9500000000000002,3.1346643118213496e-15,1.1374581831979924e-14,5.4009067217214846e-16,0.0019015576160598272,11.185163068636115,11.187064626252175,0.0026876731059493333,-1.3955654440154522e-16,0.0026876731059492743,0.0026876731059492743,nan,nan,5.6221811874004185e-20,4,6.9894097643858479e-12,1.6208714804783553e-16,2560,1.01953125,2
319,7.9750000000000005,3.1677139643604441e-15,1.1780940806227491e-14,5.3239180581268552e-16,0.0016215803893949107,11.18544304586278,11.187064626252175,0.0024659565351949813,-1.3106362820581813e-16,0.0024659565351949266,0.0024659565351949266,nan,nan,5.4315987742682009e-20,4,7.0042307914784592e-12,1.5534034651086727e-16,2560,1.01953125,2
320,8,3.2471840469728055e-15,1.2841290530918315e-14,5.2025547480284564e-16,0.0013614081378171777,11.185703218114357,11.187064626252175,0.002240118287369198,-1.2286234349610801e-16,0.0022401182873691503,0.0022401182873691503,nan,nan,4.5633900033325431e-20,4,6.9991226330184312e-12,1.5745449242585652e-16,2560,1.01953125,2
321,8.0250000000000004,3.2998599867679631e-15,1.3544937740861407e-14,5.1755179909950834e-16,0.0011225782727750165,11.185942047979401,11.187064626252175,0.0020102890006260567,-1.1387236165985671e-16,0.0020102890006260098,0.0020102890006260098,nan,nan,3.8539999100070665e-20,4,7.0019842197990615e-12,1.5856961059547531e-16,2560,1.01953125,2
322,8.0500000000000007,3.4041138279088186e-15,1.3161563852670533e-14,5.1160836510743107e-16,0.00090658886732281866,11.186158037384851,11.187064626252175,0.0017766561697660926,-1.0577022731263567e-16,0.0017766561697660499,0.0017766561697660499,nan,nan,3.14460981668159e-20,4,6.9953303541724945e-12,1.5621630499035186e-16,2048,1.015625,2
323,8.0750000000000011,3.4797779919485337e-15,1.2071181727801861e-14,5.0285576043170642e-16,0.00071488766710830706,11.186349738585065,11.187064626252173,0.0015393781955430957,-9.7801346615555319e-17,0.0015393781955430584,0.0015393781955430584,nan,nan,3.3801908551366923e-20,4,7.0233210255668988e-12,1.5888100506077833e-16,2048,1.015625,2
324,8.0999999999999996,3.5563953549005389e-15,1.2424956896683881e-14,4.9777780701377579e-16,0.00054885456578936771,11.186515771686384,11.187064626252173,0.0012986018899436426,-9.076012897351338e-17,0.0012986018899436118,0.0012986018899436118,nan,nan,3.4331304143400861e-20,4,7.0080713071566495e-12,1.564181413355121e-16,3072,1.0234375,2
325,8.125,3.6364662052127136e-15,1.2986139941162378e-14,4.9528821872600456e-16,0.00040984586282303355,11.186654780389352,11.187064626252175,0.00105452552441248,-8.1163155220272689e-17,0.0010545255244124446,0.0010545255244124446,nan,nan,2.6416840042493492e-20,4,7.0213547655998611e-12,1.5435813947979386e-16,3072,1.0234375,2
326,8.1500000000000004,3.6925697497821821e-15,1.3432614395791909e-14,4.9436817661622909e-16,0.00029908782680216543,11.186765538425373,11.187064626252175,0.00080729593798080531,-7.2260432818258892e-17,0.00080729593798077928,0.00080729593798077928,nan,nan,2.4934532384798466e-20,4,7.019139513775641e-12,1.5461550000929895e-16,1536,1.01171875,2
327,8.1750000000000007,3.7820075646867778e-15,1.3340674051565138e-14,4.9946856316658842e-16,0.00021782279932663928,11.186846803452848,11.187064626252175,0.00055709352386269784,-6.3675639376709144e-17,0.00055709352386267865,0.00055709352386267865,nan,nan,2.0858186326137146e-20,4,7.0278028615189461e-12,1.5489285082318305e-16,3072,1.0234375,2
328,8.2000000000000011,3.7767022787520887e-15,1.3431096512750429e-14,5.0307841809542489e-16,0.00016715739433730562,11.186897468857836,11.187064626252173,0.00030410158836898725,-5.3673869544182498e-17,0.00030410158836897451,0.00030410158836897451,nan,nan,1.9031771533620061e-20,4,7.0336757528561565e-12,1.5800877042311378e-16,2560,1.01953125,2
329,8.2249999999999996,3.7762395021665521e-15,1.5211356479971627e-14,5.0989381353808513e-16,0.0001481211754631612,11.186916505076711,11.187064626252175,4.8481173550739384e-05,-4.2919793248958746e-17,4.8481173550727214e-05,4.8481173550727214e-05,nan,nan,1.3499587596865412e-20,4,7.0340848461957808e-12,1.5626112108454621e-16,2048,1.015625,2
330,8.25,3.734315166489634e-15,1.5955552851165677e-14,5.1828582865746351e-16,0.00016174404380550497,11.186902882208368,11.187064626252173,0.00020957800602208447,-3.2691532557750574e-17,-0.00020957800602209784,0.00020957800602209784,nan,nan,1.393633896029341e-20,4,7.0442523700129682e-12,1.693891165589849e-16,3072,1.0234375,2
331,8.2750000000000004,3.7028880146979042e-15,1.5643736306358846e-14,5.3188878377737138e-16,0.00020886336536110047,11.186855762886813,11.187064626252173,0.00046988935820475842,-2.2451947309578562e-17,-0.00046988935820476731,0.00046988935820476731,nan,nan,2.1096414342552418e-20,4,7.0335335253590915e-12,1.665194000267364e-16,1536,1.01171875,2
332,8.3000000000000007,3.684332597373938e-15,1.5749554438393432e-14,5.3279746849912395e-16,0.00029028104799782591,11.186774345204176,11.187064626252173,0.00073227904722522564,-1.309521275373534e-17,-0.00073227904722523128,0.00073227904722523128,nan,nan,2.4299257674357741e-20,4,7.0390837311528312e-12,1.5747588014205664e-16,3584,1.02734375,2
333,8.3250000000000011,3.714913707944684e-15,1.5027042110649091e-14,5.4945269501989773e-16,0.0004067788348067321,11.186657847417367,11.187064626252173,0.00099657349344278679,-3.4332550708635666e-18,-0.00099657349344278723,0.00099657349344278723,nan,nan,1.8475906161984426e-20,4,7.0396573425481035e-12,1.6987269323105431e-16,2560,1.01953125,2
334,8.3499999999999996,3.7192880072434787e-15,1.535924165629865e-14,5.5086220299684022e-16,0.00055890324085187449,11.186505723011322,11.187064626252175,0.0012625522729950564,7.4315438280676203e-18,-0.0012625522729950555,0.0012625522729950555,nan,nan,1.2970192004831474e-20,4,7.050768390531708e-12,1.721759566785905e-16,2048,1.015625,2
335,8.375,3.7607399929554702e-15,1.5648073115048788e-14,5.544819588395248e-16,0.0007471794422160041,11.186317446809959,11.187064626252175,0.0015300614407649854,1.7677118983398772e-17,-0.001530061440764988,0.001530061440764988,nan,nan,8.099752558119247e-21,4,7.0345339769051123e-12,1.6715519114421596e-16,2048,1.015625,2
336,8.4000000000000004,3.811482912868458e-15,1.6138132497012236e-14,5.5195973109871871e-16,0.00097215972621086434,11.186092466525963,11.187064626252173,0.0017989208419911197,2.9361882259563902e-17,-0.001798920841991113,0.001798920841991113,nan,nan,5.9821701899834961e-21,4,7.0415469473204093e-12,1.5439837664250065e-16,3072,1.0234375,2
337,8.4250000000000007,3.8315825833298238e-15,1.4227334588223783e-14,5.5476514042791841e-16,0.0012340353065135974,11.185830590945661,11.187064626252175,0.0020688925594379943,3.909537474413965e-17,-0.0020688925594379935,0.0020688925594379935,nan,nan,2.6469779601696886e-21,4,7.0295689717299932e-12,1.6432315122661202e-16,2560,1.01953125,2
338,8.4500000000000011,3.8789069375065869e-15,1.3195174120017583e-14,5.6757708612122258e-16,0.0015330579697202917,11.185531568282453,11.187064626252173,0.0023398262300621964,4.6125121287465482e-17,-0.0023398262300621912,0.0023398262300621912,nan,nan,-7.1997800516615529e-21,4,7.0518318239201772e-12,1.6461618165124231e-16,1536,1.01171875,2
339,8.4749999999999996,3.9072287419733644e-15,1.3679161969815112e-14,5.7069817444654408e-16,0.0018695144452709285,11.185195111806904,11.187064626252175,0.0026115480559686117,5.5893231990749429e-17,-0.0026115480559686065,0.0026115480559686065,nan,nan,-1.6411263353052069e-20,4,7.0419007871769155e-12,1.6284738303908316e-16,4096,1.03125,2
340,8.5,3.8927190873492341e-15,1.4297590889000844e-14,5.8525094769124594e-16,0.0022432664199386371,11.184821359832236,11.187064626252175,0.0028838142803626348,6.5065030694593455e-17,-0.0028838142803626204,0.0028838142803626204,nan,nan,-2.2552252220645747e-20,4,7.0700991868438235e-12,1.66859641372602e-16,2048,1.015625,2
341,8.5250000000000004,3.9097317533040266e-15,1.4080750454503743e-14,5.9405857578013984e-16,0.0026542435647283883,11.184410382687446,11.187064626252175,0.0031564573955742102,7.7705827182008193e-17,-0.0031564573955741998,0.0031564573955741998,nan,nan,-2.3399285167900047e-20,4,7.071731054124764e-12,1.6182287928477796e-16,1536,1.01171875,2
342,8.5500000000000007,3.8715943255184546e-15,1.3558598688234724e-14,6.0172190005460169e-16,0.0031024429695622677,11.183962183282613,11.187064626252175,0.0034293284989149438,8.7658365734498604e-17,-0.0034293284989149256,0.0034293284989149256,nan,nan,-2.0805246766933752e-20,4,7.0686522861632914e-12,1.6151730591639065e-16,4096,1.03125,2
343,8.5750000000000011,3.9162635163542072e-15,1.4552595239969435e-14,6.0994029017611749e-16,0.0035874499168000056,11.183477176335375,11.187064626252175,0.0037021679342790093,9.7923919847276609e-17,-0.0037021679342790006,0.0037021679342790006,nan,nan,-1.768181277393352e-20,4,7.0733948052696021e-12,1.6017705151209404e-16,1536,1.01171875,2
344,8.5999999999999996,3.8537384087702491e-15,1.4550860516493458e-14,6.2171519075063108e-16,0.0041088256339020315,11.182955800618272,11.187064626252173,0.0039748078006124794,1.0856148088513333e-16,-0.0039748078006124621,0.0039748078006124621,nan,nan,-1.4081922748102743e-20,4,7.0700528424230532e-12,1.6257844724770089e-16,2048,1.015625,2
345,8.625,3.8124311006667083e-15,1.6231807564714984e-14,6.3076948119845394e-16,0.0046662766318231793,11.182398349620351,11.187064626252175,0.0042470987411185532,1.21475757268225e-16,-0.0042470987411185462,0.0042470987411185462,nan,nan,-1.7046538063492794e-20,4,7.0900698126743479e-12,1.5728461789146756e-16,3584,1.02734375,2
346,8.6500000000000004,3.844523736978709e-15,1.6443443828784154e-14,6.4186686756641645e-16,0.0052591155599979299,11.181805510692175,11.187064626252173,0.0045187897687798797,1.3537717387222582e-16,-0.0045187897687798684,0.0045187897687798684,nan,nan,-1.9269999550035333e-20,4,7.0830076045108994e-12,1.6643618140022209e-16,2560,1.01953125,2
347,8.6750000000000007,3.8961888537551902e-15,1.7115649175725167e-14,6.5007417908880784e-16,0.0058865826305342945,11.181178043621641,11.187064626252175,0.0047897159480999362,1.4791150862391532e-16,-0.0047897159480999249,0.0047897159480999249,nan,nan,-1.4928955695357043e-20,4,7.0825311825318668e-12,1.5975255526803521e-16,1024,1.0078125,2
348,8.7000000000000011,3.9166658280286285e-15,1.7675964858465676e-14,6.5400775931101683e-16,0.0065480422276783315,11.180516584024495,11.187064626252173,0.0050597088959546477,1.607299317898373e-16,-0.0050597088959546295,0.0050597088959546295,nan,nan,-1.2705494208814505e-20,4,7.0898629824600212e-12,1.6209720914969291e-16,4096,1.03125,2
349,8.7249999999999996,3.9273535334941406e-15,1.8392405654044097e-14,6.5785647325608487e-16,0.0072425401607448545,11.179822086091429,11.187064626252173,0.0053285435534115768,1.7436163963104735e-16,-0.0053285435534115577,0.0053285435534115577,nan,nan,-8.6820877093565785e-21,4,7.0834590218051195e-12,1.5554956234432899e-16,2048,1.015625,2
350,8.75,3.9062681423541327e-15,1.7695914178439409e-14,6.6257734594822135e-16,0.0079690518388726983,11.179095574413301,11.187064626252173,0.0055960482247082921,1.8684577677533698e-16,-0.0055960482247082756,0.0055960482247082756,nan,nan,-4.8704394467122269e-21,4,7.1065907158315252e-12,1.5676811700447007e-16,1536,1.01171875,2
351,8.7750000000000004,3.873694442288252e-15,1.659263004771816e-14,6.6222351539049551e-16,0.0087266266163037419,11.17833799963587,11.187064626252173,0.0058620562180986442,1.9800555646551667e-16,-0.0058620562180986338,0.0058620562180986338,nan,nan,-1.207021949837378e-20,4,7.1137735970892693e-12,1.5800970031025829e-16,3584,1.02734375,2
352,8.8000000000000007,3.8673843804001672e-15,1.6655080092853325e-14,6.5888179223089819e-16,0.0095139720102484816,11.177550654241927,11.187064626252175,0.0061263362698000361,2.1006308971991756e-16,-0.0061263362698000152,0.0061263362698000152,nan,nan,-2.5622746654442585e-20,4,7.0897013354021431e-12,1.5390901115857514e-16,2048,1.015625,2
353,8.8250000000000011,3.8482342769947837e-15,1.5504958428280702e-14,6.5634658832654423e-16,0.010329887910743,11.176734738341432,11.187064626252175,0.0063887390472955651,2.2086406968199798e-16,-0.0063887390472955469,0.0063887390472955469,nan,nan,-2.1599340154984659e-20,4,7.1037401362509785e-12,1.4799020486787413e-16,2560,1.01953125,2
354,8.8499999999999996,3.8430092888788703e-15,1.6287318715946242e-14,6.5347574406451716e-16,0.011173179987172975,11.175891446265002,11.187064626252175,0.0066491060270039747,2.3371531942250859e-16,-0.0066491060270039565,0.0066491060270039565,nan,nan,3.5998900258307764e-21,4,7.1061654559189636e-12,1.540093957796528e-16,2560,1.01953125,2
355,8.875,3.8840257749997445e-15,1.4021769856320532e-14,6.4679054621607652e-16,0.012042137643515388,11.175022488608658,11.187064626252173,0.0069071763213601426,2.4281275234459311e-16,-0.0069071763213601235,0.0069071763213601235,nan,nan,8.1526921173226408e-21,4,7.109691569818236e-12,1.4782072563016856e-16,3072,1.0234375,2
356,8.9000000000000004,3.908976695026432e-15,1.4328815911568427e-14,6.410896057196714e-16,0.012935432347012832,11.174129193905161,11.187064626252173,0.0071628347284140078,2.5437407706471822e-16,-0.0071628347284139748,0.0071628347284139748,nan,nan,-2.7528570785764761e-21,4,7.1068560459777087e-12,1.4516546951338622e-16,2048,1.015625,2
357,8.9250000000000007,3.9686802286065344e-15,1.523434156602832e-14,6.3458135916235663e-16,0.013851698868157469,11.173212927384018,11.187064626252175,0.007415933473127051,2.6794533632312799e-16,-0.0074159334731270163,0.0074159334731270163,nan,nan,2.1175823681357508e-22,4,7.115690571717286e-12,1.4161071267357084e-16,2048,1.015625,2
358,8.9500000000000011,4.0144965122478945e-15,1.4458920172266687e-14,6.2723599475685359e-16,0.014788898263896287,11.172275727988279,11.187064626252175,0.0076662013143628015,2.7998428300760486e-16,-0.007666201314362759,0.007666201314362759,nan,nan,1.3234889800848443e-20,4,7.1301155901459914e-12,1.4011219579944584e-16,3072,1.0234375,2
359,8.9749999999999996,4.0916983633505062e-15,1.4935969128160309e-14,6.2074533961775176e-16,0.01574540397668385,11.171319222275491,11.187064626252175,0.0079135104461354484,2.9346944842594202e-16,-0.0079135104461353981,0.0079135104461353981,nan,nan,2.7422691667357973e-20,4,7.1061435864425343e-12,1.4465060197430078e-16,3072,1.0234375,2
360,9,4.1757030097167073e-15,1.5640266859406893e-14,6.1795877795252622e-16,0.016719858509445632,11.170344767742728,11.187064626252173,0.0081577648293267076,3.0337895488523494e-16,-0.0081577648293266539,0.0081577648293266539,nan,nan,3.3034284942917713e-20,4,7.1191134164059472e-12,1.4425847519636686e-16,1536,1.01171875,2
361,9.0250000000000004,4.162341650773005e-15,1.7322948631104396e-14,6.1632068274668361e-16,0.017710029686127837,11.169354596566047,11.187064626252175,0.0083986921537048051,3.1498578383792623e-16,-0.0083986921537047531,0.0083986921537047531,nan,nan,3.0281427864341237e-20,4,7.1289160047287064e-12,1.4690795099818158e-16,2560,1.01953125,2
362,9.0500000000000007,4.112993466403961e-15,1.816255479347717e-14,6.1934364590719611e-16,0.018713837533979698,11.168350788718193,11.187064626252173,0.00863612272561139,3.2472290845208939e-16,-0.0086361227256113414,0.0086361227256113414,nan,nan,2.9328515798680149e-20,4,7.1167951922048383e-12,1.437192637651115e-16,2048,1.015625,2
363,9.0750000000000011,4.0279888650147032e-15,1.6205786712575332e-14,6.2629668731773077e-16,0.019730005776672874,11.167334620475501,11.187064626252173,0.0088700175813958768,3.3394496972709559e-16,-0.0088700175813958282,0.0088700175813958282,nan,nan,3.663417496874849e-20,4,7.124193662633159e-12,1.4645309087387026e-16,3072,1.0234375,2
364,9.0999999999999996,4.0214055894004176e-15,1.7350704206720025e-14,6.329565393206726e-16,0.020756256654925052,11.16630836959725,11.187064626252175,0.0091001206744739244,3.4327770772809977e-16,-0.0091001206744738689,0.0091001206744738689,nan,nan,2.7316812548951186e-20,4,7.1471426664667427e-12,1.4420127515990292e-16,2048,1.015625,2
365,9.125,3.9714424826324944e-15,1.6750489884032049e-14,6.4362591424539451e-16,0.021790120781928504,11.165274505470245,11.187064626252173,0.0093262310860342534,3.5743351219967615e-16,-0.009326231086034184,0.009326231086034184,nan,nan,1.7152417181899582e-20,4,7.1579875054029419e-12,1.48267069867561e-16,2560,1.01953125,2
366,9.1500000000000004,3.9494908225973585e-15,1.5595164049031496e-14,6.5462640617516619e-16,0.02283020604656413,11.164234420205609,11.187064626252173,0.0095483169749965742,3.6789300494539337e-16,-0.0095483169749965083,0.0095483169749965083,nan,nan,3.0281427864341237e-20,4,7.1435027773789924e-12,1.4182617873965476e-16,3584,1.02734375,2
367,9.1750000000000007,4.0038818397998048e-15,1.7267437479873138e-14,6.632388267267272e-16,0.023874450007438278,11.163190176244735,11.187064626252173,0.0097661878037078494,3.7918138119721572e-16,-0.0097661878037077834,0.0097661878037077834,nan,nan,3.8751757336884241e-20,4,7.167309313450488e-12,1.4959972439361089e-16,2048,1.015625,2
368,9.2000000000000011,4.1537458831037457e-15,1.758662659945287e-14,6.6972592077741629e-16,0.024920148627792228,11.162144477624381,11.187064626252173,0.0099796205709000111,3.9294907137759478e-16,-0.00997962057089994,0.00997962057089994,nan,nan,1.5246593050577406e-20,4,7.1590026881022231e-12,1.452047378475136e-16,1536,1.01171875,2
369,9.2249999999999996,4.2063544037707435e-15,1.6448647999212085e-14,6.7243052990944278e-16,0.025965509167161237,11.161099117085014,11.187064626252175,0.010188543982481722,4.0761238902929048e-16,-0.010188543982481653,0.010188543982481653,nan,nan,2.1599340154984659e-20,4,7.1743838193339519e-12,1.4853774891125538e-16,4096,1.03125,2
370,9.25,4.2930616523764483e-15,1.71355984956989e-14,6.752503395066819e-16,0.02700890061261749,11.160055725639555,11.187064626252173,0.010392857108848918,4.1812824546026156e-16,-0.010392857108848836,0.010392857108848836,nan,nan,2.4352197233561135e-20,4,7.1626342946032812e-12,1.4122595622594006e-16,1536,1.01171875,2
371,9.2750000000000004,4.350387277025677e-15,1.7857243461705252e-14,6.8218185233430404e-16,0.028047521125046732,11.159017105127127,11.187064626252173,0.010592328555513376,4.2844301525649819e-16,-0.01059232855551329,0.01059232855551329,nan,nan,2.9857911390714087e-20,4,7.1742262971644981e-12,1.4502612371897341e-16,2048,1.015625,2
372,9.3000000000000007,4.4522352812509969e-15,1.8905016441195244e-14,6.9252001980847735e-16,0.02907920494636624,11.157985421305808,11.187064626252175,0.010786849129756151,4.3976612663968935e-16,-0.01078684912975607,0.01078684912975607,nan,nan,2.2869889575866109e-20,4,7.1905230338953376e-12,1.405370222254435e-16,2560,1.01953125,2
373,9.3250000000000011,4.5043662060063871e-15,1.8506030041720578e-14,7.0483905758748093e-16,0.030102567418130909,11.156962058834043,11.187064626252175,0.010976368811323306,4.4853304615553436e-16,-0.010976368811323214,0.010976368811323214,nan,nan,2.7952087259391911e-20,4,7.1866570876725345e-12,1.4686595347477515e-16,3584,1.02734375,2
374,9.3499999999999996,4.4508850442730017e-15,1.7937040741600185e-14,7.1968382084915965e-16,0.031115004307827359,11.155949621944346,11.187064626252173,0.011160689132314668,4.5515213863506861e-16,-0.011160689132314581,0.011160689132314581,nan,nan,2.2446373102238959e-20,4,7.1944514488883314e-12,1.4361185105400432e-16,2048,1.015625,2
375,9.375,4.378601942345331e-15,1.8384599398402202e-14,7.4086225241724855e-16,0.032114141718780083,11.154950484533394,11.187064626252175,0.011339678104199585,4.6453867474197631e-16,-0.011339678104199485,0.011339678104199485,nan,nan,1.1858461261560205e-20,4,7.2049607517040745e-12,1.4353274318281513e-16,1536,1.01171875,2
376,9.4000000000000004,4.2898648720958651e-15,1.7295193055488767e-14,7.622893579297041e-16,0.033098484050397094,11.153966142201776,11.187064626252173,0.011513281687626203,4.7381112737736368e-16,-0.011513281687626102,0.011513281687626102,nan,nan,-8.6820877093565785e-21,4,7.1925978186891138e-12,1.4460146351016502e-16,4096,1.03125,2
377,9.4250000000000007,4.2504948811271687e-15,1.6070478281449141e-14,7.7876787479282631e-16,0.034065922215285968,11.152998704036888,11.187064626252173,0.011681365656108358,4.8320675904289292e-16,-0.011681365656108252,0.011681365656108252,nan,nan,-3.3457801416544863e-20,4,7.1975716358596267e-12,1.3587101146171251e-16,1536,1.01171875,2
378,9.4500000000000011,4.197306479246171e-15,1.56472057533108e-14,7.9581224684918038e-16,0.035014033255181196,11.152050592996993,11.187064626252175,0.011843792516700133,4.9263527860870408e-16,-0.011843792516700036,0.011843792516700036,nan,nan,-4.2986922073155742e-20,4,7.2234914789449645e-12,1.3468918697209615e-16,1024,1.0078125,2
379,9.4749999999999996,4.183316365618516e-15,1.6615181452905858e-14,8.0878923103573563e-16,0.035941059227128383,11.151123567025046,11.187064626252175,0.012000482536968071,4.9948436792380525e-16,-0.012000482536967977,0.012000482536967977,nan,nan,-3.3881317890172014e-20,4,7.241371661963556e-12,1.3288400109529012e-16,5120,1.0390625,2
380,9.5,4.2059483309747323e-15,1.7676832220203664e-14,8.121011440565271e-16,0.036845396833618246,11.150219229418555,11.187064626252173,0.012151353515326951,5.0901034413898287e-16,-0.012151353515326847,0.012151353515326847,nan,nan,-2.5199230180815435e-20,4,7.2220656962465174e-12,1.3927411848627721e-16,2048,1.015625,2
381,9.5250000000000004,4.2666324514038451e-15,1.7888468484272835e-14,8.050708810951556e-16,0.037724797906980828,11.149339828345193,11.187064626252173,0.012296293386496408,5.1716896932704827e-16,-0.0122962933864963,0.0122962933864963,nan,nan,-1.3129010682441655e-20,4,7.2378112049516103e-12,1.3106866997718784e-16,1024,1.0078125,2
382,9.5500000000000007,4.3180975261576464e-15,1.7937040741600185e-14,7.9948107141710039e-16,0.038577385756693179,11.148487240495481,11.187064626252173,0.012435207649025681,5.2665165284442948e-16,-0.01243520764902557,0.01243520764902557,nan,nan,-5.2939559203393771e-21,4,7.286950126584955e-12,1.2764770092357395e-16,4096,1.03125,2
383,9.5750000000000011,4.3529069292556243e-15,1.7343765312816117e-14,7.9258458197100764e-16,0.03940170119810299,11.147662925054071,11.187064626252175,0.012568015006464189,5.3264747000684391e-16,-0.012568015006464081,0.012568015006464081,nan,nan,3.8116482626443515e-21,4,7.2503654518320089e-12,1.228833862143648e-16,2560,1.01953125,2
384,9.6000000000000014,4.4264634046159477e-15,1.927624726505428e-14,7.9129829801928097e-16,0.040196006930540769,11.146868619321634,11.187064626252175,0.01269466473359547,5.3906418402651198e-16,-0.01269466473359537,0.01269466473359537,nan,nan,-6.5645053412208276e-21,4,7.2676161839049684e-12,1.2835992934325867e-16,1024,1.0078125,2
385,9.625,4.4977784372225049e-15,2.1774249070460883e-14,7.942141787200494e-16,0.040958452347264335,11.14610617390491,11.187064626252173,0.012815059018261462,5.4616557721772917e-16,-0.012815059018261361,0.012815059018261361,nan,nan,-1.334076891925523e-20,4,7.3239858951883637e-12,1.3263906607628015e-16,3072,1.0234375,2
386,9.6500000000000004,4.5768977393954299e-15,2.3814283878209608e-14,7.9993938641233066e-16,0.041687433430984959,11.14537719282119,11.187064626252175,0.012929088239365956,5.5294911445016277e-16,-0.012929088239365845,0.012929088239365845,nan,nan,-3.4516592600612739e-20,4,7.3147436556080811e-12,1.2639586273272242e-16,3072,1.0234375,2
387,9.6750000000000007,4.6698796411421989e-15,2.4862056857699599e-14,8.0404319506926077e-16,0.042381907472330935,11.144682718779842,11.187064626252173,0.01303676542393576,5.5895871400331088e-16,-0.013036765423935639,0.013036765423935639,nan,nan,-3.8751757336884241e-20,4,7.2915336062747205e-12,1.2043229345203451e-16,1536,1.01171875,2
388,9.7000000000000011,4.7299845358155705e-15,2.4803076259516388e-14,8.0951418094636916e-16,0.043040191821208766,11.144024434430964,11.187064626252173,0.013138012365299819,5.6504324272268559e-16,-0.013138012365299705,0.013138012365299705,nan,nan,-4.8916152703935845e-20,4,7.3523235914237522e-12,1.2949148999180219e-16,2560,1.01953125,2
389,9.7250000000000014,4.8435376535969425e-15,2.3803875537353747e-14,8.1560786358827547e-16,0.043660609191337164,11.143404017060837,11.187064626252173,0.013232700063264231,5.705966130190869e-16,-0.013232700063264121,0.013232700063264121,nan,nan,-4.4680987967664343e-20,4,7.4200104103327749e-12,1.2913490657541039e-16,3584,1.02734375,2
390,9.75,4.9499425912866981e-15,2.1257301474619794e-14,8.2440548722709697e-16,0.044242536486793528,11.14282208976538,11.187064626252173,0.013320857315322706,5.7845656406929418e-16,-0.0133208573153226,0.0133208573153226,nan,nan,-4.0234064994579266e-20,4,7.4015873784392307e-12,1.2959944423376373e-16,2048,1.015625,2
391,9.7750000000000004,5.0436128740423175e-15,1.7909285165984556e-14,8.2291832678778627e-16,0.04478469622507808,11.142279930027096,11.187064626252173,0.013402454464333885,5.8522492015897349e-16,-0.013402454464333784,0.013402454464333784,nan,nan,-3.7692966152816365e-20,4,7.4222384235056619e-12,1.428507059812e-16,1024,1.0078125,2
392,9.8000000000000007,5.0977179920101784e-15,1.9626661407201595e-14,8.2112965460330005e-16,0.045285593241960118,11.141779033010213,11.187064626252173,0.013477376040254882,5.8946680284838965e-16,-0.013477376040254785,0.013477376040254785,nan,nan,-2.5199230180815435e-20,4,7.4342024197888386e-12,1.3226275498880451e-16,4608,1.03515625,2
393,9.8250000000000011,5.1368727760462785e-15,2.0396878630535298e-14,8.2908205104681663e-16,0.045744603882504321,11.141320022369669,11.187064626252173,0.013545610997732936,5.9347525847045146e-16,-0.013545610997732833,0.013545610997732833,nan,nan,-1.0164395367051604e-20,4,7.4432045400240037e-12,1.3482894267525342e-16,2560,1.01953125,2
394,9.8500000000000014,5.1801975531341023e-15,2.0882601203808804e-14,8.2518581901810815e-16,0.046161093614414603,11.140903532637758,11.187064626252173,0.013607198130819145,5.9942461223949421e-16,-0.013607198130819039,0.013607198130819039,nan,nan,-1.7575933655526732e-20,4,7.5188681578429239e-12,1.2895076555659042e-16,512,1.00390625,2
395,9.875,5.201508063056324e-15,1.9446250165700008e-14,8.2295261241939243e-16,0.046533915875830084,11.140530710376343,11.187064626252173,0.013662055735293006,6.0234935272427477e-16,-0.013662055735292904,0.013662055735292904,nan,nan,-7.411538288475128e-21,4,7.7207835203674567e-12,1.3262400979006073e-16,3584,1.02734375,2
396,9.9000000000000004,5.150446854726859e-15,1.7381929229287607e-14,8.1985439663847337e-16,0.046862210081842423,11.140202416170332,11.187064626252175,0.013710111197462311,6.0543784126828839e-16,-0.013710111197462212,0.013710111197462212,nan,nan,-3.4093076126985589e-20,4,7.687830405940237e-12,1.1825573627005349e-16,3584,1.02734375,2
397,9.9250000000000007,5.1001067824632645e-15,1.9692580899288714e-14,8.1421516638264512e-16,0.04714606801734128,11.139918558234832,11.187064626252173,0.013751465320221923,6.0742733849526052e-16,-0.013751465320221829,0.013751465320221829,nan,nan,-2.6046263128069735e-20,4,7.67322728654634e-12,1.2582197375796676e-16,1024,1.0078125,2
398,9.9500000000000011,5.0286716177312694e-15,2.1104645808733835e-14,8.1700347027909793e-16,0.047384795165388578,11.139679831086784,11.187064626252173,0.013786087600633889,6.0801117970074372e-16,-0.013786087600633797,0.013786087600633797,nan,nan,-3.0916702574781962e-20,4,7.8688712785649882e-12,1.1449338622190321e-16,2560,1.01953125,2
399,9.9750000000000014,4.9448791956793435e-15,2.1611185063719063e-14,8.2659300956743388e-16,0.047577386393014162,11.139487239859159,11.187064626252173,0.013813861653092112,6.1096002656064077e-16,-0.01381386165309202,0.01381386165309202,nan,nan,-4.9763185651190145e-20,4,8.0572910853016299e-12,1.1166342712633375e-16,3584,1.02734375,2
400,10,4.8745551997406369e-15,2.1597307275911248e-14,8.306177606448351e-16,0.047724413160785552,11.139340213091389,11.187064626252175,0.013834906528287522,6.1296308803335955e-16,-0.013834906528287436,0.013834906528287436,nan,nan,-5.6115932755597397e-20,4,8.2245638984823155e-12,1.1415074252305636e-16,1536,1.01171875,2
401,10.025,4.8215864165390678e-15,2.1559143359439759e-14,8.3820715025637071e-16,0.047825702449065782,11.139238923803108,11.187064626252173,0.013849252969164824,6.1344244372849774e-16,-0.013849252969164741,0.013849252969164741,nan,nan,-6.2680438096818225e-20,4,8.9215766382141082e-12,9.6207453720394313e-17,2560,1.01953125,2
402,10.050000000000001,4.7968440592284168e-15,2.2763041451767663e-14,8.4093779558107456e-16,0.047880442168176711,11.139184184083998,11.187064626252175,0.013856788833335909,6.1334722081616487e-16,-0.013856788833335822,0.013856788833335822,nan,nan,-5.8657031597360298e-20,4,9.3926882681634438e-12,7.9684214395020538e-17,3584,1.02734375,2
403,10.075000000000001,4.7721394779115842e-15,2.2828960943854781e-14,8.4891424939678769e-16,0.047889289180783029,11.139175337071391,11.187064626252175,0.013857599656164225,6.1200711568721656e-16,-0.01385759965616414,0.01385759965616414,nan,nan,-6.0774613965496049e-20,4,7.2057653429823855e-12,6.9741082414205352e-17,2048,1.015625,2
404,10.100000000000001,4.7681900267531367e-15,2.190608805463512e-14,8.5343591215391387e-16,0.047852623524296263,11.139212002727877,11.187064626252173,0.013851772794864315,6.1146104761205196e-16,-0.013851772794864232,0.013851772794864232,nan,nan,-5.5904174518783822e-20,4,4.5140198635453682e-12,6.7643195558827924e-17,512,1.00390625,2
405,10.125,4.7871522833530975e-15,2.1833229668644094e-14,8.5617539861312127e-16,0.047770147658896658,11.139294478593277,11.187064626252173,0.013839250450680338,6.1029923797303711e-16,-0.013839250450680254,0.013839250450680254,nan,nan,-3.4304834363799164e-20,4,4.8902831359062243e-12,7.0957439691195632e-17,4096,1.03125,2
406,10.15,4.8075844543790236e-15,2.1201790323388536e-14,8.5907465653107274e-16,0.047642273371423544,11.13942235288075,11.187064626252173,0.013820046121220755,6.0942294011058559e-16,-0.013820046121220675,0.013820046121220675,nan,nan,-2.4775713707188285e-20,4,5.5907807981833839e-12,8.5622966826916766e-17,3072,1.0234375,2
407,10.175000000000001,4.794941344359906e-15,2.0625862129364236e-14,8.6609363151810145e-16,0.047469990467204938,11.139594635784968,11.187064626252173,0.013794299740697045,6.072241588058671e-16,-0.013794299740696968,0.013794299740696968,nan,nan,-3.0704944337968387e-20,4,5.9438949773949412e-12,9.729089322051487e-17,1024,1.0078125,2
408,10.200000000000001,4.7684724504563374e-15,1.9970136655445003e-14,8.7089030648172955e-16,0.047253558392110317,11.139811067860064,11.187064626252175,0.0137620198094039,6.06392492652135e-16,-0.013762019809403819,0.013762019809403819,nan,nan,-1.8422966602781032e-20,4,6.187235247474008e-12,1.1893797278979344e-16,4096,1.03125,2
409,10.225000000000001,4.7058965437743595e-15,1.8349904928882665e-14,8.7460122140666889e-16,0.046993215456721735,11.140071410795452,11.187064626252173,0.013723167561524831,6.0363030455039795e-16,-0.01372316756152475,0.01372316756152475,nan,nan,-1.0376153603865179e-20,4,6.3273608645712436e-12,1.2708811887160604e-16,2560,1.01953125,2
410,10.25,4.6428438471449014e-15,1.6920492784677776e-14,8.7720726606091311e-16,0.046690384196392834,11.140374242055781,11.187064626252175,0.013677901395122727,6.0196270051986676e-16,-0.013677901395122649,0.013677901395122649,nan,nan,3.8116482626443515e-21,4,6.5170004499442033e-12,1.274678673071941e-16,1024,1.0078125,2
411,10.275,4.5754610255651504e-15,1.7392337570143468e-14,8.8319139539262554e-16,0.046345819500034732,11.140718806752139,11.187064626252173,0.013626291532449115,5.9918612944256395e-16,-0.013626291532449037,0.013626291532449037,nan,nan,1.8846483076408183e-20,4,6.4464687740142937e-12,1.3663854580422757e-16,2560,1.01953125,2
412,10.300000000000001,4.5204155394191564e-15,1.832561880021899e-14,8.803277276776829e-16,0.045959890340718984,11.141104735911455,11.187064626252173,0.013568300237227687,5.9540013637714786e-16,-0.013568300237227611,0.013568300237227611,nan,nan,2.5622746654442585e-20,4,6.5593625786577603e-12,1.3449809992009711e-16,4608,1.03515625,2
413,10.325000000000001,4.4899855416579066e-15,1.9425433483988286e-14,8.8336050458707365e-16,0.045534160054841982,11.141530466197333,11.187064626252175,0.013504060587586486,5.9029046985512381e-16,-0.013504060587586415,0.013504060587586415,nan,nan,3.0704944337968387e-20,4,6.6284227468102208e-12,1.3433648221344083e-16,1024,1.0078125,2
414,10.350000000000001,4.4885963098346251e-15,2.0237284070745432e-14,8.7529774855777211e-16,0.045069756304752698,11.141994869947421,11.187064626252173,0.013433685851140352,5.8636602328089373e-16,-0.013433685851140279,0.013433685851140279,nan,nan,2.2446373102238959e-20,4,6.6333299000279887e-12,1.3446449033074914e-16,512,1.00390625,2
415,10.375,4.5269690259031066e-15,1.9956258867637189e-14,8.7854053118105748e-16,0.044567477507650326,11.142497148744523,11.187064626252173,0.013357190736440521,5.8098808236203705e-16,-0.013357190736440452,0.013357190736440452,nan,nan,3.0916702574781962e-20,4,6.6279032954672493e-12,1.4046002933996966e-16,5120,1.0390625,2
416,10.4,4.5963214763272098e-15,1.8516438382576439e-14,8.8092156777943794e-16,0.044028834328800642,11.143035791923372,11.187064626252173,0.013274662940104664,5.7600230020061105e-16,-0.013274662940104593,0.013274662940104593,nan,nan,1.6305384234645282e-20,4,6.7059756115748122e-12,1.3567197457098594e-16,2560,1.01953125,2
417,10.425000000000001,4.6796545683430507e-15,2.1396079352697939e-14,8.8037367037321027e-16,0.043455226622019553,11.143609399630154,11.187064626252173,0.013186237934652144,5.6971082682713773e-16,-0.013186237934652074,0.013186237934652074,nan,nan,3.3881317890172014e-20,4,6.7894314989256779e-12,1.5543333837961667e-16,512,1.00390625,2
418,10.450000000000001,4.7735190750977979e-15,2.3529789228149411e-14,8.7680888787767381e-16,0.042847866804562755,11.144216759447611,11.187064626252173,0.013091987772472162,5.6363139052528867e-16,-0.013091987772472093,0.013091987772472093,nan,nan,3.9387032047324966e-20,4,6.7662926930322645e-12,1.4831397838401369e-16,4608,1.03515625,2
419,10.475000000000001,4.8761299955659373e-15,2.4490826033840563e-14,8.6940970630126877e-16,0.042208310614223393,11.14485631563795,11.187064626252173,0.012991985177886783,5.5831544956051809e-16,-0.012991985177886717,0.012991985177886717,nan,nan,5.0186702124817295e-20,4,6.7950943702139608e-12,1.5250789215416335e-16,2560,1.01953125,2
420,10.5,4.9441217707930064e-15,2.4490826033840563e-14,8.6903781808979512e-16,0.041538104632908704,11.145526521619265,11.187064626252175,0.012886358872433017,5.4930915767482755e-16,-0.012886358872432953,0.012886358872432953,nan,nan,7.1997800516615529e-20,4,6.8269037470403317e-12,1.4298491940152736e-16,512,1.00390625,2
421,10.525,4.995017514850096e-15,2.3217539002473586e-14,8.7460880413447014e-16,0.040838704963254556,11.14622592128892,11.187064626252175,0.01277521944752967,5.3945678606592925e-16,-0.012775219447529601,0.012775219447529601,nan,nan,5.7386482176478848e-20,4,6.8357428192484368e-12,1.5251654629428324e-16,3584,1.02734375,2
422,10.550000000000001,5.0460820502951552e-15,2.1090768020926021e-14,8.8475244602236973e-16,0.040111956509419053,11.146952669742754,11.187064626252173,0.012658680919450917,5.3183415889686672e-16,-0.012658680919450851,0.012658680919450851,nan,nan,6.4162745754513251e-20,4,6.8464808021396135e-12,1.4117971263344998e-16,3584,1.02734375,2
423,10.575000000000001,5.1146628128679508e-15,1.8551132852095975e-14,8.7953555127408245e-16,0.03935938320902,11.147705243043154,11.187064626252173,0.01253683254152607,5.2319592378832784e-16,-0.012536832541526008,0.012536832541526008,nan,nan,6.331571280725895e-20,4,6.8639212552500665e-12,1.5465997092385486e-16,1024,1.0078125,2
424,10.600000000000001,5.2247660174133904e-15,1.9251961136390605e-14,8.7529684211813878e-16,0.038582524535142215,11.148482101717033,11.187064626252175,0.012409803516341206,5.1457494098832902e-16,-0.012409803516341146,0.012409803516341146,nan,nan,7.6232965252887031e-20,4,6.8417774052942411e-12,1.5661736932924237e-16,2560,1.01953125,2
425,10.625,5.3382280723486317e-15,2.0327489691496226e-14,8.7739784410187615e-16,0.037783553143915183,11.149281073108259,11.187064626252175,0.012277763171235693,5.0392700776234391e-16,-0.012277763171235636,0.012277763171235636,nan,nan,8.3009228830921433e-20,4,6.8886766415017768e-12,1.5614513858537439e-16,4096,1.03125,2
426,10.65,5.4451948626741544e-15,2.0219936835985663e-14,8.7093387558971388e-16,0.036964082396147561,11.150100543856027,11.187064626252175,0.012140794130807859,4.9409727213126519e-16,-0.012140794130807802,0.012140794130807802,nan,nan,7.9409338805090657e-20,4,6.909575931474006e-12,1.5527536402882789e-16,1536,1.01171875,2
427,10.675000000000001,5.5652539368404736e-15,2.2086499296136708e-14,8.5943859178142106e-16,0.036125541546858132,11.150939084705316,11.187064626252173,0.011999006066285305,4.8228548657339345e-16,-0.011999006066285248,0.011999006066285248,nan,nan,8.6820877093565785e-20,4,6.8850474731573249e-12,1.5700533873432042e-16,512,1.00390625,2
428,10.700000000000001,5.676728998849319e-15,2.3016311079260277e-14,8.4413346231400764e-16,0.0352701819763847,11.151794444275788,11.187064626252173,0.011852591270516452,4.7080793755316146e-16,-0.011852591270516395,0.011852591270516395,nan,nan,7.0939009332547653e-20,4,6.8854576870712558e-12,1.5748822686463352e-16,4608,1.03515625,2
429,10.725000000000001,5.778272965654978e-15,2.2714469194440312e-14,8.3830022883069208e-16,0.034400083864984714,11.152664542387189,11.187064626252173,0.011701710618438402,4.6030764249237153e-16,-0.011701710618438346,0.011701710618438346,nan,nan,8.8726701224887961e-20,4,6.9146509966154088e-12,1.5674654514640466e-16,2560,1.01953125,2
430,10.75,5.8178821651247435e-15,2.141689603440966e-14,8.3725461434917753e-16,0.033516329945655864,11.153548296306518,11.187064626252173,0.011546403809844384,4.4645077358087872e-16,-0.011546403809844331,0.011546403809844331,nan,nan,7.7927031147395631e-20,4,6.9158875611833911e-12,1.5119663992572185e-16,512,1.00390625,2
431,10.775,5.7867024317397715e-15,2.0063811723147751e-14,8.3810820086617021e-16,0.032621073803705991,11.154443552448468,11.187064626252173,0.01138686585906431,4.3446845196677649e-16,-0.01138686585906426,0.01138686585906426,nan,nan,7.411538288475128e-20,4,6.9232564727808373e-12,1.5165585064535236e-16,4608,1.03515625,2
432,10.800000000000001,5.784390066813316e-15,2.0861784522097082e-14,8.4579088906482011e-16,0.031716907688602802,11.155347718563572,11.187064626252175,0.011223356594037089,4.2339012004249657e-16,-0.011223356594037039,0.011223356594037039,nan,nan,7.6444723489700606e-20,4,6.9408914342842194e-12,1.5717840593153014e-16,2560,1.01953125,2
433,10.825000000000001,5.7821702066866057e-15,2.0563412084229071e-14,8.591521694838043e-16,0.0308046747829109,11.156259951469263,11.187064626252173,0.011055872383618985,4.0929322133677372e-16,-0.011055872383618935,0.011055872383618935,nan,nan,8.3644503541362158e-20,4,6.9560705397888142e-12,1.4978447726637583e-16,1024,1.0078125,2
434,10.850000000000001,5.7358033591127839e-15,1.9668294770625039e-14,8.6481762411205398e-16,0.029886256703403172,11.15717836954877,11.187064626252173,0.010884578159659838,3.9566394116669169e-16,-0.010884578159659791,0.010884578159659791,nan,nan,8.8514942988074385e-20,4,6.9377699132238167e-12,1.5272710751660922e-16,2560,1.01953125,2
435,10.875,5.6480737705230104e-15,1.9304002840669909e-14,8.7795021427584399e-16,0.028964485663491354,11.158100140588681,11.187064626252173,0.010709792990426195,3.8237733488438376e-16,-0.010709792990426152,0.010709792990426152,nan,nan,8.4279778251802884e-20,4,6.9590533981306177e-12,1.5348356055328143e-16,3072,1.0234375,2
436,10.9,5.5931826657610056e-15,1.9781051796563531e-14,9.0159051536125572e-16,0.028040350533057385,11.159024275719116,11.187064626252173,0.010531561442771505,3.6837114958037219e-16,-0.010531561442771464,0.010531561442771464,nan,nan,7.496241583200558e-20,4,6.9672676726633173e-12,1.7063295495680208e-16,2560,1.01953125,2
437,10.925000000000001,5.5637812284460012e-15,1.934737092756933e-14,9.0976475952724882e-16,0.027115259297288988,11.159949366954885,11.187064626252175,0.010349971563578112,3.552660689204698e-16,-0.010349971563578085,0.010349971563578085,nan,nan,7.6656481726514181e-20,4,6.9581461775496813e-12,1.5236704987202915e-16,2560,1.01953125,2
438,10.950000000000001,5.4919835220878292e-15,1.9245022242486698e-14,9.1898263864473905e-16,0.026191986388371422,11.160872639863802,11.187064626252173,0.010165357934733252,3.4065322452294005e-16,-0.010165357934733228,0.010165357934733228,nan,nan,9.7408788934244539e-20,4,6.9729177179910269e-12,1.6887356611637862e-16,2048,1.015625,2
439,10.975000000000001,5.4819120324877908e-15,1.8856444183867893e-14,9.2259583206321896e-16,0.025271911804629382,11.161792714447545,11.187064626252175,0.0099778649215636062,3.2660430139808229e-16,-0.0099778649215635819,0.0099778649215635819,nan,nan,8.9785492408955836e-20,4,6.9537239066846737e-12,1.7325852594441653e-16,3072,1.0234375,2
440,11,5.4289501778682351e-15,2.0376061948823576e-14,9.2640674874650337e-16,0.024355949997009609,11.162708676255164,11.187064626252173,0.0097875174627577669,3.1135462987031213e-16,-0.0097875174627577478,0.0097875174627577478,nan,nan,7.9197580568277082e-20,4,6.9719587453503437e-12,1.4696349383784744e-16,2560,1.01953125,2
441,11.025,5.3888582787541828e-15,2.009156729876338e-14,9.1795020011797989e-16,0.023446597949132966,11.163618028303041,11.187064626252175,0.0095946151975771915,2.9533103714262853e-16,-0.0095946151975771846,0.0095946151975771846,nan,nan,8.7244393567192935e-20,4,6.9804283175840897e-12,1.648389449619858e-16,1536,1.01171875,2
442,11.050000000000001,5.3513993655096091e-15,1.9900747716405931e-14,8.9949267836687004e-16,0.022545563265391502,11.164519062986782,11.187064626252173,0.0093993957469377717,2.7778504451855723e-16,-0.009399395746937763,0.009399395746937763,nan,nan,7.8774064094649932e-20,4,6.9966713093080844e-12,1.6229992576731273e-16,2560,1.01953125,2
443,11.075000000000001,5.3504114158522221e-15,2.0223406282937617e-14,8.941535721038089e-16,0.021653466599790876,11.165411159652383,11.187064626252173,0.0092018891891365619,2.6226155868987634e-16,-0.0092018891891365584,0.0092018891891365584,nan,nan,7.1362525806174804e-20,4,6.9916919700788287e-12,1.4535270969807521e-16,3584,1.02734375,2
444,11.100000000000001,5.2961742655762631e-15,2.2166296576031641e-14,8.8094477033196332e-16,0.02077239323797048,11.166292233014202,11.187064626252173,0.009002315534343398,2.4348685802919567e-16,-0.0090023155343433893,0.0090023155343433893,nan,nan,6.20451633863775e-20,4,6.9941252574735913e-12,1.445534875351766e-16,2048,1.015625,2
445,11.125,5.3563668208072261e-15,2.2343238370581275e-14,8.6787491679890938e-16,0.019904136622008649,11.167160489630165,11.187064626252173,0.008800975897024492,2.2486775417196816e-16,-0.0088009758970244954,0.0088009758970244954,nan,nan,5.2939559203393771e-20,4,6.9947261330550325e-12,1.4832701496717866e-16,2048,1.015625,2
446,11.15,5.3334865166180559e-15,2.0233814623793478e-14,8.5182398341135609e-16,0.019049219892876005,11.168015406359297,11.187064626252173,0.0085979305683940074,2.0501142641349731e-16,-0.0085979305683940126,0.0085979305683940126,nan,nan,4.2986922073155742e-20,4,7.0078354182121215e-12,1.4705564421365446e-16,3072,1.0234375,2
447,11.175000000000001,5.3513352028146218e-15,1.8509499488672532e-14,8.4073339096193367e-16,0.018209333202319052,11.168855293049855,11.187064626252175,0.0083933604718221116,1.8726852568095896e-16,-0.0083933604718221255,0.0083933604718221255,nan,nan,3.4940109074239889e-20,4,7.0071309269451871e-12,1.6514574023718541e-16,3072,1.0234375,2
448,11.200000000000001,5.3832982837451795e-15,1.8832158055204218e-14,8.327318831295947e-16,0.017386096744641588,11.169678529507532,11.187064626252173,0.0081875635662900549,1.710198033076428e-16,-0.0081875635662900619,0.0081875635662900619,nan,nan,1.7787691892340307e-20,4,7.0098939569131301e-12,1.6323402799080927e-16,1024,1.0078125,2
449,11.225000000000001,5.4143960194644507e-15,1.9172163856495672e-14,8.260186018229985e-16,0.016580046202000494,11.170484580050173,11.187064626252173,0.0079806417200155126,1.5427193382941543e-16,-0.0079806417200155196,0.0079806417200155196,nan,nan,5.8233515123733148e-21,4,7.0096991490331642e-12,1.4634261578497002e-16,2560,1.01953125,2
450,11.25,5.4302982936262463e-15,2.0188711813418081e-14,8.3004620636341507e-16,0.015792503706219985,11.171272122545954,11.187064626252173,0.007772775139619487,1.3401380397990157e-16,-0.0077727751396195026,0.0077727751396195026,nan,nan,-1.7364175418713157e-20,4,7.0092218727113756e-12,1.4640612727415586e-16,4608,1.03515625,2
451,11.275,5.387096363681711e-15,2.0919030396804317e-14,8.3467682611235547e-16,0.015024779966265436,11.172039846285909,11.187064626252175,0.0075642282740740526,1.1419552212282487e-16,-0.0075642282740740752,0.0075642282740740752,nan,nan,-2.3293406049493259e-20,4,7.0185009254387662e-12,1.6101155374314674e-16,0,1,1
452,11.300000000000001,5.3755804486361853e-15,2.3146415339958537e-14,8.4824771242947815e-16,0.014277450300484981,11.172787175951688,11.187064626252173,0.0073551394573786568,9.4759125529842367e-17,-0.0073551394573786733,0.0073551394573786733,nan,nan,-2.4669834588781497e-20,4,7.0092537445300864e-12,1.4324800862684407e-16,3072,1.0234375,2
453,11.325000000000001,5.3570028798259974e-15,2.2985086056692694e-14,8.6343961179595698e-16,0.013551473717261276,11.173513152534913,11.187064626252173,0.0071456802453700227,7.3491506747283382e-17,-0.0071456802453700417,0.0071456802453700417,nan,nan,-3.0810823456375175e-20,4,7.0219114435147953e-12,1.3995652075497363e-16,4096,1.03125,2
454,11.350000000000001,5.3348044517288887e-15,2.190088388420719e-14,8.7043664103567341e-16,0.012847834466994076,11.174216791785179,11.187064626252173,0.0069361227743034125,5.5213862277054112e-17,-0.0069361227743034402,0.0069361227743034402,nan,nan,-3.3457801416544863e-20,4,7.0289034654270089e-12,1.6175380673923218e-16,1024,1.0078125,2
455,11.375,5.3536749060541375e-15,1.9927635930283571e-14,8.7462755492469792e-16,0.012167050044741157,11.174897576207432,11.187064626252173,0.0067265999201425357,3.5740058692291674e-17,-0.0067265999201425591,0.0067265999201425591,nan,nan,-3.663417496874849e-20,4,7.0169421912549151e-12,1.5084360652840057e-16,2560,1.01953125,2
456,11.4,5.4282600790467361e-15,2.0067281170099704e-14,8.7375026619168139e-16,0.011509803701716018,11.175554822550456,11.187064626252171,0.0065172809713649167,1.5698174060048932e-17,-0.006517280971364954,0.006517280971364954,nan,nan,-2.8057966377798699e-20,4,7.0397527378096294e-12,1.5904746224701697e-16,3072,1.0234375,2
457,11.425000000000001,5.487421408997279e-15,1.9331758416285538e-14,8.6765323577442684e-16,0.010876743454661095,11.176187882797512,11.187064626252173,0.0063084379160476631,-6.3204211279610439e-18,-0.0063084379160477065,0.0063084379160477065,nan,nan,-1.7470054537119944e-20,4,7.0376505483489805e-12,1.4609550787284642e-16,2560,1.01953125,2
458,11.450000000000001,5.5431667654940087e-15,1.9359513991901167e-14,8.5579502341026397e-16,0.010268207709916528,11.176796418542256,11.187064626252173,0.0061002291266633183,-2.7028096353365643e-17,-0.0061002291266633625,0.0061002291266633625,nan,nan,-1.9481757786848908e-20,4,7.0418536369075117e-12,1.5581057363778301e-16,1536,1.01171875,2
459,11.475000000000001,5.626362825158485e-15,2.1828025498216164e-14,8.4363704278301438e-16,0.0096847523551967327,11.177379873896976,11.187064626252173,0.0058927951269686042,-4.2793637986827745e-17,-0.005892795126968664,0.005892795126968664,nan,nan,-1.1011428314305904e-20,4,7.0354329046313973e-12,1.5336446870027447e-16,3072,1.0234375,2
460,11.5,5.6842815308030902e-15,2.248722041908735e-14,8.3416291869091678e-16,0.0091266415482929887,11.177937984703879,11.187064626252173,0.0056863871885326593,-6.2620025978855752e-17,-0.0056863871885327218,0.0056863871885327218,nan,nan,8.1526921173226408e-21,4,7.0318904686384178e-12,1.443678990640317e-16,2560,1.01953125,2
461,11.525,5.7439885537989498e-15,2.1191381982532675e-14,8.2765011083055618e-16,0.008593960450665114,11.178470665801507,11.187064626252173,0.0054812307616165382,-8.7269683945973849e-17,-0.0054812307616166102,0.0054812307616166102,nan,nan,-4.1292856178647142e-21,4,7.0368962223530696e-12,1.4253416976719956e-16,2560,1.01953125,2
462,11.550000000000001,5.8127298578818502e-15,1.9675233664528946e-14,8.3191517637298391e-16,0.0080871970821695411,11.178977429170004,11.187064626252173,0.0052774222174995864,-1.0888824066797586e-16,-0.0052774222174996679,0.0052774222174996679,nan,nan,-1.7999450129153882e-20,4,7.0443905078325719e-12,1.4522936414955828e-16,2560,1.01953125,2
463,11.575000000000001,5.8321360343017635e-15,2.1545265571631944e-14,8.3951623101948239e-16,0.0076062603539688448,11.179458365898205,11.187064626252173,0.005075181136964077,-1.3218769440423159e-16,-0.0050751811369641638,0.0050751811369641638,nan,nan,-1.8422966602781032e-20,4,7.06458196240517e-12,1.4236859812467136e-16,2048,1.015625,2
464,11.600000000000001,5.8434141783082768e-15,2.2743959493531918e-14,8.4846184409633878e-16,0.0071509968979516008,11.179913629354221,11.187064626252173,0.0048747721956072599,-1.5210971926963922e-16,-0.0048747721956073388,0.0048747721956073388,nan,nan,-1.3976043629695956e-20,4,7.0506455939993761e-12,1.4352244856305872e-16,2560,1.01953125,2
465,11.625,5.9353814760036673e-15,2.3248330344172174e-14,8.5484603155840833e-16,0.0067217214103769849,11.180342904841796,11.187064626252173,0.0046763158665628262,-1.6936077568745817e-16,-0.0046763158665628912,0.0046763158665628912,nan,nan,-8.787966827763366e-21,4,7.0327536909054622e-12,1.4592185073739944e-16,3584,1.02734375,2
466,11.65,5.9648958790460947e-15,2.4686849786625942e-14,8.5809216868953964e-16,0.0063181676587468032,11.180746458593426,11.187064626252173,0.00447995782318666,-1.8938900526611201e-16,-0.0044799578231867337,0.0044799578231867337,nan,nan,-3.5998900258307764e-21,4,7.0534285763923107e-12,1.4532016901507349e-16,1024,1.0078125,2
467,11.675000000000001,5.9567764855281767e-15,2.1684043449710089e-14,8.6593295491932301e-16,0.0059398720107640812,11.181124754241409,11.187064626252173,0.0042859792830143868,-2.0854627285238627e-16,-0.0042859792830144648,0.0042859792830144648,nan,nan,-8.0468129989158532e-21,4,7.0341118013499612e-12,1.4121757130044977e-16,3072,1.0234375,2
468,11.700000000000001,5.9915333019539942e-15,2.1190514620794687e-14,8.7468253502764246e-16,0.0055869820137967032,11.181477644238377,11.187064626252175,0.0040945469122840184,-2.2689226706089306e-16,-0.004094546912284093,0.004094546912284093,nan,nan,-7.5174174068819155e-21,4,7.0622359760771621e-12,1.4082890987653495e-16,3072,1.0234375,2
469,11.725000000000001,5.9954315085911838e-15,2.3149884786910491e-14,8.8674905583148457e-16,0.0052590957650135058,11.181805530487161,11.187064626252175,0.0039057608469531451,-2.4828071987952648e-16,-0.0039057608469532314,0.0039057608469532314,nan,nan,-7.411538288475128e-21,4,7.0519840239287202e-12,1.4162343302199722e-16,2048,1.015625,2
470,11.75,5.9890747980202621e-15,2.6683516507475247e-14,9.0131102576070632e-16,0.0049554823016299682,11.182109143950544,11.187064626252175,0.0037198661326058361,-2.7099509122501654e-16,-0.003719866132605935,0.003719866132605935,nan,nan,-1.3870164511289168e-20,4,7.0465004934724514e-12,1.4362116598778277e-16,2048,1.015625,2
471,11.775,6.0256482349535652e-15,2.6777191575177994e-14,9.137386021005088e-16,0.0046761752661794624,11.182388450985995,11.187064626252175,0.003537080741726247,-2.9663571922476026e-16,-0.0035370807417263415,0.0035370807417263415,nan,nan,-1.5246593050577406e-20,4,7.0459474449125598e-12,1.358826457546039e-16,2560,1.01953125,2
472,11.800000000000001,5.9768769118820651e-15,2.5181245977279332e-14,9.2961157867629144e-16,0.0044204993467922143,11.18264412690538,11.187064626252173,0.0033575032348488925,-3.1797375387560168e-16,-0.0033575032348489853,0.0033575032348489853,nan,nan,-2.0222911615696421e-20,4,7.0674441673827385e-12,1.3517815293360274e-16,3072,1.0234375,2
473,11.825000000000001,5.9687112828890024e-15,2.6861542504197367e-14,9.4405994335160632e-16,0.0041876780973719597,11.182876948154801,11.187064626252173,0.0031813088377787456,-3.4105625234714163e-16,-0.0031813088377788401,0.0031813088377788401,nan,nan,-2.5305109299222223e-20,4,7.0744858223426767e-12,1.3107522036367777e-16,1024,1.0078125,2
474,11.850000000000001,5.9954707277070167e-15,2.7758611381711873e-14,9.5809600549874652e-16,0.0039775615851131187,11.18308706466706,11.187064626252173,0.0030087559794022187,-3.6085635781837945e-16,-0.003008755979402318,0.003008755979402318,nan,nan,-2.2764010457459322e-20,4,7.0519728714661171e-12,1.2464305911372969e-16,4096,1.03125,2
475,11.875,5.9914415396936308e-15,2.6127320792990183e-14,9.7200769875225458e-16,0.0037892907762970985,11.183275335475876,11.187064626252173,0.002839934879045795,-3.8304718541985415e-16,-0.0028399348790458939,0.0028399348790458939,nan,nan,-2.821678505540888e-20,4,7.0513791061172354e-12,1.243641478323956e-16,1536,1.01171875,2
476,11.9,5.9855346175404918e-15,2.4433146478264334e-14,9.8119368427078408e-16,0.0036219883506625797,11.183442637901511,11.187064626252173,0.0026750085142330368,-4.0616356147569101e-16,-0.0026750085142331357,0.0026750085142331357,nan,nan,-3.0228488305137843e-20,4,7.041245877719728e-12,1.1817099694563337e-16,2560,1.01953125,2
477,11.925000000000001,6.0389626411455516e-15,2.4085334421330984e-14,9.8811518505248711e-16,0.0034754316798855851,11.183589194572287,11.187064626252173,0.0025142073797753215,-4.2824294066251615e-16,-0.0025142073797754204,0.0025142073797754204,nan,nan,-4.0869339705019991e-20,4,7.0372006199561615e-12,1.1480588054257354e-16,2560,1.01953125,2
478,11.950000000000001,6.0391620516815459e-15,2.3352847433599777e-14,9.9607172482761724e-16,0.0033485670619765443,11.183716059190196,11.187064626252173,0.0023576470954459589,-4.5135238189247859e-16,-0.0023576470954460552,0.0023576470954460552,nan,nan,-3.467541127822292e-20,4,7.0451334630848044e-12,1.0967890025704047e-16,2048,1.015625,2
479,11.975000000000001,6.0275884655149803e-15,2.2042263847499299e-14,1.0040701798557301e-15,0.0032405339979672087,11.183824092254206,11.187064626252173,0.0022054596913016894,-4.715508826886752e-16,-0.0022054596913017761,0.0022054596913017761,nan,nan,-3.1340219048409113e-20,4,7.0466440927111194e-12,1.0817606770909312e-16,3584,1.02734375,2
480,12,6.0393608202020646e-15,2.1780754283495796e-14,1.0121969682699433e-15,0.003150941144897969,11.183913685107276,11.187064626252175,0.0020578744135497599,-4.9155793753256578e-16,-0.0020578744135498483,0.0020578744135498483,nan,nan,-1.9746455582865877e-20,4,7.0164820893462332e-12,1.0581188056466637e-16,2048,1.015625,2
481,12.025,6.0046063461269795e-15,2.3156823680814398e-14,1.0190890805684026e-15,0.0030786920897250122,11.183985934162447,11.187064626252171,0.0019149947080251751,-5.1410553750478602e-16,-0.0019149947080252805,0.0019149947080252805,nan,nan,-1.0376153603865179e-20,4,7.0491577986191506e-12,1.0679892918279733e-16,2048,1.015625,2
482,12.050000000000001,6.0505613016387158e-15,2.2521914888606887e-14,1.0246612422179268e-15,0.0030229492648896693,11.184041676987283,11.187064626252173,0.0017769383148510485,-5.398082980489403e-16,-0.0017769383148511617,0.0017769383148511617,nan,nan,-1.6940658945086007e-20,4,7.0389379258715817e-12,1.1215410955359558e-16,2560,1.01953125,2
483,12.075000000000001,6.091785308729816e-15,2.3741425492218582e-14,1.0295825062231251e-15,0.002983184078727788,11.184081442173445,11.187064626252173,0.001643938417199305,-5.5821600824932986e-16,-0.0016439384171994254,0.0016439384171994254,nan,nan,-1.0270274485458392e-20,4,7.0258800955326427e-12,1.0745807313041834e-16,3584,1.02734375,2
484,12.100000000000001,6.1928434095389779e-15,2.6280193299310639e-14,1.0308668156857514e-15,0.0029582859752724684,11.1841063402769,11.187064626252173,0.0015160742678213212,-5.7651946013404664e-16,-0.0015160742678214517,0.0015160742678214517,nan,nan,-2.0328790734103208e-20,4,7.0161948470273199e-12,1.0458237093296427e-16,1024,1.0078125,2
485,12.125,6.3060470947222923e-15,2.6634076888409908e-14,1.0250112634102148e-15,0.0029473992967190168,11.184117226955454,11.187064626252173,0.0013934744926569107,-5.9700045948425216e-16,-0.0013934744926570458,0.0013934744926570458,nan,nan,-2.6681537838510461e-20,4,6.9986866500373124e-12,1.0173553536091394e-16,3072,1.0234375,2
486,12.15,6.4001962018494931e-15,2.6881274983736603e-14,1.0139849852273401e-15,0.0029502382219664613,11.184114388030206,11.187064626252173,0.0012763099688546202,-6.1853880148929761e-16,-0.0012763099688547497,0.0012763099688547497,nan,nan,-2.0964065444543933e-20,4,6.9722160477183217e-12,1.0342344593550566e-16,3072,1.0234375,2
487,12.175000000000001,6.5173390692316855e-15,2.5830899919032646e-14,1.0050046093190605e-15,0.0029652700817663297,11.184099356170407,11.187064626252173,0.0011647182071737082,-6.4026453990925846e-16,-0.0011647182071738392,0.0011647182071738392,nan,nan,-2.0646428089323571e-20,4,6.9453335145674417e-12,1.045744701705141e-16,1536,1.01171875,2
488,12.200000000000001,6.6291093141327432e-15,2.746414207166481e-14,9.9901622620652873e-16,0.0029919275638927525,11.184072698688281,11.187064626252173,0.0010587757480345975,-6.6290564378031844e-16,-0.0010587757480347293,0.0010587757480347293,nan,nan,-2.4881592825595072e-20,4,6.956780900691367e-12,1.008025125915656e-16,2048,1.015625,2
489,12.225000000000001,6.6655436697177069e-15,2.9519789390697326e-14,9.9658086563906722e-16,0.0030301100314933916,11.184034516220679,11.187064626252173,0.00095863278193179986,-6.8374582764429832e-16,-0.00095863278193191945,0.00095863278193191945,nan,nan,-2.5940384009662948e-20,4,6.9352048260679493e-12,1.0205300153948532e-16,4608,1.03515625,2
490,12.25,6.6038352105608396e-15,2.898549456009647e-14,9.9879181614838512e-16,0.0030781142259524463,11.183986512026221,11.187064626252173,0.00086443039249395239,-7.055698817097836e-16,-0.00086443039249407794,0.00086443039249407794,nan,nan,-2.0487609411713389e-20,4,6.9136724446763994e-12,9.7576608190394591e-17,1536,1.01171875,2
491,12.275,6.4853393383445114e-15,2.5651356039269047e-14,1.0090589564061841e-15,0.0031353543615977144,11.183929271890575,11.187064626252173,0.00077625014050584028,-7.2558420632459713e-16,-0.00077625014050597754,0.00077625014050597754,nan,nan,-1.2705494208814505e-20,4,6.8482048708685118e-12,9.9595231015617039e-17,1024,1.0078125,2
492,12.300000000000001,6.4112154654132772e-15,2.2655488596257101e-14,1.0196027255404848e-15,0.0032020638074085768,11.183862562444764,11.187064626252173,0.00069421091876604763,-7.4514808462645734e-16,-0.00069421091876619594,0.00069421091876619594,nan,nan,-1.2599615090407718e-20,4,6.7922370872220844e-12,9.7904785716038394e-17,4096,1.03125,2
493,12.325000000000001,6.2620624319431097e-15,2.3463869736062293e-14,1.0308467293808905e-15,0.0032767511097272569,11.183787875142446,11.187064626252173,0.00061840036242683156,-7.664919967006006e-16,-0.00061840036242698216,0.00061840036242698216,nan,nan,-6.9880218148479778e-21,4,6.8022974613935663e-12,1.006892813899738e-16,2048,1.015625,2
494,12.350000000000001,6.1749875191709808e-15,2.2128132659560151e-14,1.0424766872963024e-15,0.0033584185291183847,11.183706207723054,11.187064626252171,0.00054896645206692894,-7.8583412991260539e-16,-0.00054896645206708289,0.00054896645206708289,nan,nan,-6.9880218148479778e-21,4,6.7184476850308002e-12,1.0054989162955974e-16,1536,1.01171875,2
495,12.375,6.1920787710780909e-15,2.3201926491189795e-14,1.0509933944178691e-15,0.0034477683920557138,11.183616857860118,11.187064626252173,0.00048597824628288067,-8.0285546234805535e-16,-0.00048597824628303019,0.00048597824628303019,nan,nan,-9.952637130238029e-21,4,6.645302017197063e-12,1.0658677162877321e-16,4096,1.03125,2
496,12.4,6.2430563310006306e-15,2.4317353686242882e-14,1.060481443254178e-15,0.0035436073000653726,11.183521018952108,11.187064626252173,0.00042948199117268457,-8.2105026406316442e-16,-0.00042948199117283056,0.00042948199117283056,nan,nan,-9.6349997750176664e-21,4,6.5404916044471841e-12,1.0508327431071378e-16,2048,1.015625,2
497,12.425000000000001,6.2710781061590415e-15,2.7223015508504034e-14,1.069883551944333e-15,0.003644847121141743,11.183419779131031,11.187064626252173,0.0003796246752103726,-8.3878902400850641e-16,-0.00037962467521051799,0.00037962467521051799,nan,nan,-1.6093625997831706e-20,4,6.4613699898153585e-12,1.0626324742837623e-16,2048,1.015625,2
498,12.450000000000001,6.3747386630956836e-15,2.8595181778001688e-14,1.0808207914058518e-15,0.003752111289725859,11.183312514962447,11.187064626252173,0.00033651334866248613,-8.569657915189263e-16,-0.00033651334866263705,0.00033651334866263705,nan,nan,-1.0482032722271967e-20,4,6.2600088186505501e-12,1.079216162993195e-16,3072,1.0234375,2
499,12.475000000000001,6.5189574400382915e-15,2.8206603719382883e-14,1.0904766906447381e-15,0.0038648113810265932,11.183199814871147,11.187064626252173,0.00030012991718099467,-8.7765172259714502e-16,-0.00030012991718115362,0.00030012991718115362,nan,nan,-5.2939559203393771e-22,4,6.2100209299394625e-12,1.107645077267941e-16,1536,1.01171875,2
500,12.5,6.5582507724909485e-15,2.6629740079719966e-14,1.1016055973192463e-15,0.0039820516969682786,11.183082574555204,11.187064626252173,0.0002705738689024698,-8.9434766539253803e-16,-0.0002705738689026404,0.0002705738689026404,nan,nan,1.5034834813763831e-20,4,6.0418188747998352e-12,1.1450134248531219e-16,3072,1.0234375,2
501,12.525,6.5672008991407937e-15,2.466603310491422e-14,1.1119864224312715e-15,0.0041041771952592824,11.182960449056914,11.187064626252173,0.00024801225114136647,-9.129915341489374e-16,-0.0002480122511415439,0.0002480122511415439,nan,nan,2.0858186326137146e-20,4,5.9376307716693089e-12,1.1802299944218691e-16,2560,1.01953125,2
502,12.550000000000001,6.5794065682933586e-15,2.5390713837003531e-14,1.1289456632514061e-15,0.0042309796076662846,11.182833646644507,11.187064626252173,0.00023240273670366741,-9.3305089384837143e-16,-0.00023240273670385036,0.00023240273670385036,nan,nan,1.5458351287390981e-20,4,5.7728426800979789e-12,1.154045544444581e-16,2048,1.015625,2
503,12.575000000000001,6.4857392229766551e-15,2.5417168370012178e-14,1.141603943307277e-15,0.0043621979077782588,11.182702428344395,11.187064626252173,0.0002237575933640323,-9.4933081272420436e-16,-0.00022375759336422407,0.00022375759336422407,nan,nan,1.5670109524204556e-20,4,5.6503979654107196e-12,1.1615062144209829e-16,2560,1.01953125,2
504,12.600000000000001,6.4071451856461158e-15,2.5742862702626823e-14,1.1523602320403939e-15,0.0044979123604300276,11.182566713891744,11.187064626252173,0.00022227600494528689,-9.6696660693158098e-16,-0.00022227600494547522,0.00022227600494547522,nan,nan,1.6834779826679219e-20,4,5.6004772713417877e-12,1.1564144052747762e-16,2560,1.01953125,2
505,12.625,6.3741095119121845e-15,2.5883808985049939e-14,1.1690222213903867e-15,0.0046379880778754969,11.182426638174297,11.187064626252173,0.00022794475284808693,-9.796761284576642e-16,-0.00022794475284827433,0.00022794475284827433,nan,nan,2.1916977510205021e-20,4,5.5276225261446484e-12,1.1883495198395098e-16,2560,1.01953125,2
506,12.65,6.3832684626469687e-15,2.7970681326650038e-14,1.1834939141529017e-15,0.0047828370801189287,11.182281789172054,11.187064626252173,0.00024070591432704809,-9.9846586559310841e-16,-0.00024070591432723975,0.00024070591432723975,nan,nan,1.5140713932170619e-20,4,5.5830983727907171e-12,1.1844339519145392e-16,3072,1.0234375,2
507,12.675000000000001,6.374930521461067e-15,2.8794674977739021e-14,1.1993855952279555e-15,0.0049326994614986809,11.182131926790674,11.187064626252173,0.0002607084095922101,-1.0104854618299287e-15,-0.00026070840959240016,0.00026070840959240016,nan,nan,1.4823076576950256e-20,4,5.612138882055589e-12,1.2185473540914365e-16,2560,1.01953125,2
508,12.700000000000001,6.3822348379342087e-15,2.7844046512903731e-14,1.224408126857292e-15,0.0050873649586760678,11.181977261293497,11.187064626252173,0.00028799794321060143,-1.0258731060906807e-15,-0.00028799794321079215,0.00028799794321079215,nan,nan,8.787966827763366e-21,4,5.6215858834486783e-12,1.2059812195514526e-16,1536,1.01171875,2
509,12.725000000000001,6.3836888556058732e-15,2.4919302732406834e-14,1.2492047623014656e-15,0.0052474965764984019,11.181817129675675,11.187064626252173,0.00032251457964641819,-1.0430885929541526e-15,-0.00032251457964661861,0.00032251457964661861,nan,nan,1.6093625997831706e-20,4,5.7507297792313479e-12,1.2774782437420762e-16,3584,1.02734375,2
510,12.75,6.4519860182242813e-15,2.6541269182445149e-14,1.2793040915866515e-15,0.0054139720774664512,11.181650654174707,11.187064626252173,0.00036428070337277097,-1.0545431633472782e-15,-0.00036428070337296233,0.00036428070337296233,nan,nan,2.8799120206646212e-20,4,5.8571995748474986e-12,1.2734898187138413e-16,2048,1.015625,2
511,12.775,6.5224480784407964e-15,2.7438121219525158e-14,1.3020273921496214e-15,0.005586538007925604,11.181478088244248,11.187064626252173,0.0004134050720889605,-1.0668680535150716e-15,-0.00041340507208914579,0.00041340507208914579,nan,nan,3.748120791600279e-20,4,5.9480382607506552e-12,1.2707939236213144e-16,1536,1.01171875,2
512,12.800000000000001,6.6134913165907213e-15,2.5413698923060224e-14,1.3182817733234482e-15,0.0057659956582884718,11.181298630593885,11.187064626252173,0.00046983888431277387,-1.0785557648213016e-15,-0.00046983888431295661,0.00046983888431295661,nan,nan,2.9646153153900512e-20,4,6.0277808031124957e-12,1.2416001477284859e-16,3072,1.0234375,2
513,12.825000000000001,6.7018122711561422e-15,2.3925306180672123e-14,1.3354043070338445e-15,0.0059533892216912755,11.181111237030482,11.187064626252173,0.00053353646561150186,-1.0921339013587507e-15,-0.00053353646561167512,0.00053353646561167512,nan,nan,9.7408788934244539e-21,4,6.1070985275236918e-12,1.2466364190594906e-16,3072,1.0234375,2
514,12.850000000000001,6.8127611440534905e-15,2.4357252326190348e-14,1.3504947398205309e-15,0.0061492557235391758,11.180915370528634,11.187064626252173,0.00060456433805491417,-1.1032951791319052e-15,-0.00060456433805509274,0.00060456433805509274,nan,nan,3.0916702574781962e-20,4,6.2055743394334946e-12,1.2288565014866829e-16,1536,1.01171875,2
515,12.875,6.957356750092029e-15,2.5365126665732873e-14,1.3465750444657913e-15,0.0063542041548083038,11.180710422097365,11.187064626252173,0.00068292918596521738,-1.112924050586253e-15,-0.00068292918596539486,0.00068292918596539486,nan,nan,2.8799120206646212e-20,4,6.2391509463993025e-12,1.2130729321101183e-16,3584,1.02734375,2
516,12.9,7.099293403311446e-15,2.7329701002276607e-14,1.3428221032012615e-15,0.0065691162620968345,11.180495509990076,11.187064626252173,0.00076856267892617394,-1.1209888971416835e-15,-0.00076856267892634622,0.00076856267892634622,nan,nan,3.3034284942917713e-20,4,6.3474909748130202e-12,1.267319742444007e-16,2048,1.015625,2
517,12.925000000000001,7.2129075468058883e-15,2.9701501674805897e-14,1.3309224376545553e-15,0.0067954809151846932,11.180269145336988,11.187064626252173,0.00086144884102096046,-1.1269176513095089e-15,-0.00086144884102113534,0.00086144884102113534,nan,nan,4.4469229730850768e-20,4,6.3502053398736396e-12,1.2825015932822014e-16,2560,1.01953125,2
518,12.950000000000001,7.2727844786444189e-15,3.0463912642497704e-14,1.3209145525686386e-15,0.0070341209072708622,11.180030505344902,11.187064626252173,0.00096161680907757468,-1.133686606958398e-15,-0.00096161680907774815,0.00096161680907774815,nan,nan,3.3669559653358438e-20,4,6.4166042753546044e-12,1.3148153360885601e-16,2048,1.015625,2
519,12.975000000000001,7.2607453815491969e-15,2.994132719535969e-14,1.3224491823534105e-15,0.007285475229744179,11.179779151022428,11.187064626252173,0.0010690121104289234,-1.1361963490303756e-15,-0.0010690121104290941,0.0010690121104290941,nan,nan,4.0551702349799629e-20,4,6.4978601288351526e-12,1.3629067267625235e-16,3072,1.0234375,2
520,13,7.1897397510843729e-15,2.7776392297340635e-14,1.324765076429096e-15,0.0075513458948690618,11.179513280357304,11.187064626252173,0.0011835845020659766,-1.1411949791868278e-15,-0.001183584502066154,0.001183584502066154,nan,nan,2.7105054312137611e-20,4,6.5110117139699273e-12,1.4990925693362485e-16,2560,1.01953125,2
521,13.025,7.1579713571120895e-15,2.614922167687439e-14,1.3425656886029453e-15,0.0078336030608099506,11.179231023191363,11.187064626252173,0.0013053027773448579,-1.1448333340711051e-15,-0.001305302777345037,0.001305302777345037,nan,nan,3.4834229955833101e-20,4,6.5346803987248401e-12,1.4886527797861444e-16,1536,1.01171875,2
522,13.050000000000001,7.1211905804204999e-15,2.7276791936259315e-14,1.3582333226200049e-15,0.0081322121379168808,11.178932414114255,11.187064626252173,0.0014341459354944293,-1.1479581605713056e-15,-0.0014341459354946049,0.0014341459354946049,nan,nan,2.9116757561866574e-20,4,6.5962022546283803e-12,1.4306695610543084e-16,3584,1.02734375,2
523,13.075000000000001,7.0843712541106612e-15,2.7174443251176683e-14,1.3725538795316873e-15,0.0084487446620931748,11.17861588159008,11.187064626252173,0.0015700498131243218,-1.1498265223970345e-15,-0.0015700498131244957,0.0015700498131244957,nan,nan,1.334076891925523e-20,4,6.6504026680504776e-12,1.5338774583501035e-16,3072,1.0234375,2
524,13.100000000000001,7.1298129415381692e-15,2.8794674977739021e-14,1.385968598423821e-15,0.0087859563116252284,11.178278669940548,11.187064626252173,0.0017129521946337672,-1.1528550327327827e-15,-0.0017129521946339377,0.0017129521946339377,nan,nan,4.4257471494037193e-20,4,6.6311375314790591e-12,1.4115852075261071e-16,1024,1.0078125,2
525,13.125,7.182902802762962e-15,2.7517918499420091e-14,1.3863855215160272e-15,0.0091442289782461654,11.177920397273926,11.187064626252171,0.0018627925046871608,-1.1543443486251891e-15,-0.0018627925046873289,0.0018627925046873289,nan,nan,3.0387306982748025e-20,4,6.6792575556710753e-12,1.4775447469597105e-16,2048,1.015625,2
526,13.15,7.2941849446402538e-15,2.4730217873525362e-14,1.3866057632674755e-15,0.0095243092578888716,11.177540316994284,11.187064626252173,0.0020195192315474002,-1.1561684230716071e-15,-0.0020195192315475719,0.0020195192315475719,nan,nan,2.0858186326137146e-20,4,6.7058378548310951e-12,1.6149224222380102e-16,4608,1.03515625,2
527,13.175000000000001,7.4121563138852362e-15,2.5819624216438797e-14,1.3862549263965653e-15,0.0099294088679855418,11.177135217384187,11.187064626252173,0.0021830906237501947,-1.1581533280029551e-15,-0.002183090623750366,0.002183090623750366,nan,nan,-4.4469229730850768e-21,4,6.6898094086224837e-12,1.5821990073590581e-16,512,1.00390625,2
528,13.200000000000001,7.5109700440252731e-15,2.5923707624997405e-14,1.3830637294337418e-15,0.010360729698536297,11.176703896553636,11.187064626252173,0.002353367826550188,-1.1566335543115043e-15,-0.0023533678265503545,0.0023533678265503545,nan,nan,-3.0704944337968387e-21,4,6.7344480884683126e-12,1.5571092744793977e-16,2048,1.015625,2
529,13.225000000000001,7.5818007791771551e-15,2.7221280785028057e-14,1.3866444048404081e-15,0.010818598570163237,11.176246027682009,11.187064626252171,0.0025302793112172896,-1.1559736571942914e-15,-0.002530279311217451,0.002530279311217451,nan,nan,8.4703294725430034e-21,4,6.7718645541715696e-12,1.6531418711638718e-16,4608,1.03515625,2
530,13.25,7.560803543593492e-15,2.771394225220547e-14,1.3892331796195236e-15,0.01130605592885617,11.175758570323318,11.187064626252173,0.002713826845804174,-1.1540856219617174e-15,-0.0027138268458043353,0.0027138268458043353,nan,nan,-6.9880218148479778e-21,4,6.7727209767862788e-12,1.6380928091890613e-16,1536,1.01171875,2
531,13.275,7.4897798562336452e-15,2.6896887495020394e-14,1.4022709070913888e-15,0.01182472482014092,11.175239901432032,11.187064626252173,0.0029038545415043682,-1.1500844320352076e-15,-0.0029038545415045278,0.0029038545415045278,nan,nan,-5.2939559203393771e-21,4,6.7774232763866086e-12,1.8279220111128562e-16,1024,1.0078125,2
532,13.300000000000001,7.3936817694508254e-15,2.663841369709985e-14,1.4077943158224182e-15,0.012375316373402914,11.174689309878771,11.187064626252173,0.0031002167115100026,-1.1464482091720793e-15,-0.0031002167115101605,0.0031002167115101605,nan,nan,-1.0270274485458392e-20,4,6.8195643294610571e-12,1.6299474792563626e-16,4096,1.03125,2
533,13.325000000000001,7.2466275577267636e-15,2.7654961654022259e-14,1.4253112257516269e-15,0.012960399021208656,11.174104227230965,11.187064626252173,0.0033029099749494056,-1.1415551665524418e-15,-0.00330290997494956,0.00330290997494956,nan,nan,1.2705494208814505e-21,4,6.8227147677786628e-12,1.8003483957965096e-16,3072,1.0234375,2
534,13.350000000000001,7.1177245954760704e-15,2.7720881146109377e-14,1.4376052573325698e-15,0.013581717309421006,11.173482908942752,11.187064626252173,0.0035118421914861315,-1.1351752546822152e-15,-0.0035118421914862846,0.0035118421914862846,nan,nan,3.1763735522036263e-22,4,6.8197780595747949e-12,1.7720113273221128e-16,512,1.00390625,2
535,13.375,7.059403318748673e-15,2.7609858843646862e-14,1.4360213046428848e-15,0.014240212848750546,11.172824413403422,11.187064626252173,0.0037268081639027801,-1.1286706590272151e-15,-0.0037268081639029319,0.0037268081639029319,nan,nan,4.8704394467122269e-21,4,6.8509691434695728e-12,1.7680680524099544e-16,3584,1.02734375,2
536,13.4,7.0586104004948079e-15,2.8910901450629467e-14,1.4400139947524304e-15,0.014938544062750293,11.172126082189422,11.187064626252171,0.003947714025326737,-1.1190090727338959e-15,-0.0039477140253268862,0.0039477140253268862,nan,nan,1.7999450129153882e-20,4,6.8602620068271639e-12,1.7804722654723459e-16,3072,1.0234375,2
537,13.425000000000001,7.1048941591373216e-15,2.9239631549327072e-14,1.4335407951944032e-15,0.015678320231340716,11.171386306020832,11.187064626252173,0.0041745514174074856,-1.1101630825692317e-15,-0.0041745514174076331,0.0041745514174076331,nan,nan,1.6305384234645282e-20,4,6.868485827572402e-12,1.771094721109873e-16,2048,1.015625,2
538,13.450000000000001,7.1825580455385712e-15,2.9557085945430828e-14,1.4231406078173193e-15,0.016460110835533198,11.17060451541664,11.187064626252173,0.0044071309397261983,-1.1009894582901612e-15,-0.0044071309397263432,0.0044071309397263432,nan,nan,4.5528020914918643e-21,4,6.8980403520343673e-12,1.7146962822457194e-16,2560,1.01953125,2
539,13.475000000000001,7.2447267388198375e-15,2.8302013510561608e-14,1.4158335621625446e-15,0.017286966731810353,11.169777659520362,11.187064626252171,0.0046452506444510924,-1.0902572691125332e-15,-0.0046452506444512338,0.0046452506444512338,nan,nan,-2.5199230180815435e-20,4,6.8787474417470006e-12,1.7539838888618507e-16,2560,1.01953125,2
540,13.5,7.3098705910517177e-15,3.1239767717128331e-14,1.4033625284777163e-15,0.018160718393952335,11.168903907858221,11.187064626252173,0.0048888795543262243,-1.0797076571984954e-15,-0.0048888795543263639,0.0048888795543263639,nan,nan,-1.3129010682441655e-20,4,6.8854631065737713e-12,1.7392921262931121e-16,2048,1.015625,2
541,13.525,7.3162343268896021e-15,3.3506183938492029e-14,1.3995801297869004e-15,0.019081336838587586,11.167983289413586,11.187064626252173,0.0051379261602779464,-1.068649763200047e-15,-0.0051379261602780817,0.0051379261602780817,nan,nan,-1.5670109524204556e-20,4,6.9175043477113189e-12,1.8057494393911122e-16,3072,1.0234375,2
542,13.550000000000001,7.2792112989290519e-15,3.3971957191791802e-14,1.401015755913356e-15,0.020051574562282605,11.16701305168989,11.187064626252173,0.0053921366595755232,-1.0551162691383568e-15,-0.0053921366595756567,0.0053921366595756567,nan,nan,-9.3173624197973037e-21,4,6.9167603651498908e-12,1.7672574511303168e-16,1536,1.01171875,2
543,13.575000000000001,7.2210437842067881e-15,3.2756783396870048e-14,1.402962857914047e-15,0.021073778186657274,11.165990848065515,11.187064626252173,0.0056513892231533393,-1.0419419485196045e-15,-0.0056513892231534676,0.0056513892231534676,nan,nan,-1.164670302474663e-20,4,6.9016083585781953e-12,1.7698632804772983e-16,3072,1.0234375,2
544,13.600000000000001,7.1354281061184726e-15,2.9606525564496167e-14,1.4136961597080037e-15,0.022148036898073962,11.164916589354098,11.187064626252171,0.0059156345752105462,-1.0261172389670992e-15,-0.0059156345752106711,0.0059156345752106711,nan,nan,-2.1175823681357508e-21,4,6.9350943108128671e-12,1.8286947225256064e-16,3072,1.0234375,2
545,13.625,7.0414411724120677e-15,2.5758908894779609e-14,1.4283102690956334e-15,0.023275811312441511,11.163788814939732,11.187064626252173,0.0061846706565060975,-1.0112454620307655e-15,-0.0061846706565062198,0.0061846706565062198,nan,nan,-2.8375603733019061e-20,4,6.9272432013737924e-12,1.7733918291153314e-16,1536,1.01171875,2
546,13.65,6.957451612867634e-15,2.4612256677158939e-14,1.4434907182079636e-15,0.024459953174757996,11.162604673077414,11.187064626252171,0.0064582986060470254,-9.9473791769848731e-16,-0.0064582986060471408,0.0064582986060471408,nan,nan,-2.3716922523120409e-20,4,6.9343395090731525e-12,1.9825323619543513e-16,2560,1.01953125,2
547,13.675000000000001,6.907802051372601e-15,2.5394616964824479e-14,1.448647629582298e-15,0.025701026129470561,11.161363600122701,11.187064626252171,0.0067364105587320675,-9.7802454821943408e-16,-0.0067364105587321785,0.0067364105587321785,nan,nan,-1.7364175418713157e-20,4,6.9497747877565663e-12,1.7811107832198557e-16,2560,1.01953125,2
548,13.700000000000001,6.9169527306390965e-15,2.6365194749633503e-14,1.4509727355468525e-15,0.026999515359239702,11.160065110892933,11.187064626252173,0.0070188763673051553,-9.5807795472282224e-16,-0.0070188763673052629,0.0070188763673052629,nan,nan,-1.291725244562808e-20,4,6.9566404407067595e-12,1.7457378069538913e-16,3584,1.02734375,2
549,13.725000000000001,6.965490614524676e-15,2.7242097466739779e-14,1.4572395977111225e-15,0.028357808346381252,11.158706817905792,11.187064626252173,0.0073055119214333903,-9.3853989551494126e-16,-0.0073055119214334935,0.0073055119214334935,nan,nan,-2.8587361969832636e-20,4,6.9596104884531653e-12,1.9807498386338956e-16,512,1.00390625,2
550,13.75,7.0424832540266665e-15,2.7117631057338443e-14,1.444127531904883e-15,0.029776914173335108,11.157287712078837,11.187064626252171,0.0075961145606881185,-9.2011371846272841e-16,-0.0075961145606882156,0.0075961145606882156,nan,nan,-6.7974394017157602e-20,4,6.9693738755527239e-12,2.0289413989816663e-16,3072,1.0234375,2
551,13.775,7.1654100294873925e-15,2.6045571949184776e-14,1.4330209883677996e-15,0.031257313975563965,11.155807312276607,11.187064626252171,0.0078905412169177694,-8.997937727003037e-16,-0.0078905412169178596,0.0078905412169178596,nan,nan,-6.6915602833089727e-20,4,6.9685461575588011e-12,1.7608056974510081e-16,3072,1.0234375,2
552,13.800000000000001,7.2890508026758874e-15,2.4882873539411321e-14,1.4197496205850184e-15,0.032800357738591093,11.154264268513581,11.187064626252171,0.0081886865652284774,-8.7657395837500968e-16,-0.0081886865652285659,0.0081886865652285659,nan,nan,-9.0632525356210136e-20,4,6.9608092298285283e-12,1.9552441005602516e-16,2048,1.015625,2
553,13.825000000000001,7.4119828019172504e-15,2.548655730905125e-14,1.4013085232213458e-15,0.034406918946531556,11.152657707305641,11.187064626252173,0.0084903175694764632,-8.5374529745409932e-16,-0.0084903175694765465,0.0084903175694765465,nan,nan,-1.300195574035351e-19,4,6.9829687321347569e-12,1.9946972420571951e-16,2560,1.01953125,2
554,13.850000000000001,7.523877553837641e-15,2.6096746291726092e-14,1.3961638673205989e-15,0.036077863101399106,11.150986763150772,11.187064626252171,0.0087952116113398857,-8.3037014214962279e-16,-0.0087952116113399637,0.0087952116113399637,nan,nan,-1.4166626042828173e-19,4,6.9696086756590487e-12,1.9551570184219424e-16,2048,1.015625,2
555,13.875,7.5749172416911799e-15,2.699663409488906e-14,1.3925221301352325e-15,0.037813936822439588,11.149250689429731,11.187064626252171,0.009103285549762228,-8.0508157610905459e-16,-0.0091032855497623008,0.0091032855497623008,nan,nan,-1.5288944697940121e-19,4,6.9894775222550112e-12,1.948341575465771e-16,2560,1.01953125,2
556,13.9,7.625812475792755e-15,2.6878672898522638e-14,1.3851448810795467e-15,0.03961546385816539,11.147449162394006,11.187064626252171,0.0094143696581274368,-7.7885338882581269e-16,-0.0094143696581275096,0.0094143696581275096,nan,nan,-1.5987746879424919e-19,4,6.9890986097413965e-12,1.9267048872028917e-16,3072,1.0234375,2
557,13.925000000000001,7.6638512651605622e-15,2.7949864644938316e-14,1.3862450146881411e-15,0.041482901779099648,11.145581724473072,11.187064626252171,0.0097281862693633474,-7.5482656254748756e-16,-0.0097281862693634133,0.0097281862693634133,nan,nan,-1.3467823861343375e-19,4,6.9942193660943087e-12,1.9543731482345462e-16,2048,1.015625,2
558,13.950000000000001,7.6833282887632748e-15,2.8647223482280992e-14,1.388474051041744e-15,0.043417402061427426,11.143647224190744,11.187064626252171,0.010044584875598776,-7.3201981818246846e-16,-0.010044584875598846,0.010044584875598846,nan,nan,-1.4632494163818038e-19,4,7.0030684163252203e-12,1.9384655248243223e-16,2560,1.01953125,2
559,13.975000000000001,7.6885613282002835e-15,2.9989899452687041e-14,1.3868391183412157e-15,0.045418731816864365,11.141645894435307,11.187064626252171,0.010363464804461143,-7.0398522651635011e-16,-0.010363464804461205,0.010363464804461205,nan,nan,-1.5415999640028266e-19,4,6.9941147303084916e-12,1.9619347265730363e-16,3072,1.0234375,2
560,14,7.7454433477160742e-15,3.0975222387041867e-14,1.3878279531507358e-15,0.047486221477672161,11.1395784047745,11.187064626252173,0.010684562762459318,-6.7410362260462621e-16,-0.010684562762459375,0.010684562762459375,nan,nan,-1.768181277393352e-19,4,7.0046051394413101e-12,1.8741614754772579e-16,2560,1.01953125,2
561,14.025,7.7647255874977595e-15,3.0350721935690217e-14,1.3902525577012865e-15,0.04962151283883879,11.137443113413333,11.187064626252171,0.011007672249061323,-6.4521173166408312e-16,-0.011007672249061372,0.011007672249061372,nan,nan,-1.367958209815695e-19,4,7.0130949187228615e-12,1.8832437965450165e-16,1536,1.01171875,2
562,14.050000000000001,7.7388377090347354e-15,2.8851920852446256e-14,1.3954369245371785e-15,0.051824097168288452,11.135240529083884,11.187064626252173,0.011332655921422758,-6.1702587437935012e-16,-0.011332655921422789,0.011332655921422789,nan,nan,-1.4399560103323106e-19,4,7.0073454524922809e-12,2.1207635449385122e-16,2048,1.015625,2
563,14.075000000000001,7.7111022086960143e-15,2.9788671529473731e-14,1.3964318192192939e-15,0.054092684171568026,11.132971942080603,11.187064626252171,0.011659336452373222,-5.8813484949488129e-16,-0.011659336452373242,0.011659336452373242,nan,nan,-1.215492279309921e-19,4,7.0132166094353188e-12,1.9248089176255045e-16,3584,1.02734375,2
564,14.100000000000001,7.682415092463219e-15,2.8636815141425132e-14,1.3905033829159232e-15,0.056428201176842371,11.130636425075329,11.187064626252171,0.011987477270903379,-5.6094451943696332e-16,-0.011987477270903386,0.011987477270903386,nan,nan,-9.8044063644685264e-20,4,7.0369343040299489e-12,1.8963084876585961e-16,2560,1.01953125,2
565,14.125,7.6482375828495418e-15,2.5777990853015353e-14,1.3760784095608139e-15,0.058830157150075731,11.128234469102095,11.187064626252171,0.012316870255163058,-5.3032308600062721e-16,-0.012316870255163058,0.012316870255163058,nan,nan,-1.0354977780183822e-19,4,7.0107357125618483e-12,1.8623968430665021e-16,1536,1.01171875,2
566,14.15,7.5693768092307357e-15,2.4050206270942454e-14,1.3752566746646651e-15,0.061297419037068958,11.125767207215103,11.187064626252173,0.012647406871321383,-4.9994567993573619e-16,-0.012647406871321385,0.012647406871321385,nan,nan,-1.173140631947206e-19,4,7.0230967345438132e-12,1.8250647543887468e-16,3584,1.02734375,2
567,14.175000000000001,7.4927649588832922e-15,2.7103319588661634e-14,1.3670066913552921e-15,0.063829902825209325,11.123234723426961,11.18706462625217,0.01297883611838164,-4.6768471843175367e-16,-0.012978836118381635,0.012978836118381635,nan,nan,-9.910285482875314e-20,4,7.0440549707028166e-12,1.8285941138694136e-16,2560,1.01953125,2
568,14.200000000000001,7.4320387447396958e-15,3.0891955660194981e-14,1.3664665088645224e-15,0.066425994937815508,11.120638631314357,11.187064626252173,0.013310943375505958,-4.3708284816607453e-16,-0.013310943375505944,0.013310943375505944,nan,nan,-1.2027867851011065e-19,4,7.0389417635476001e-12,1.8527160998321529e-16,1024,1.0078125,2
569,14.225000000000001,7.4062733947522532e-15,3.3695268797373501e-14,1.3641352846888446e-15,0.069086095928723515,11.117978530323448,11.187064626252171,0.013643578709965656,-4.0335454195416279e-16,-0.013643578709965628,0.013643578709965628,nan,nan,-1.1011428314305904e-19,4,7.0297957520779477e-12,1.8459071857714401e-16,2560,1.01953125,2
570,14.25,7.3858193089183667e-15,3.5471625636773751e-14,1.3617755742941338e-15,0.071808827131921785,11.11525579912025,11.187064626252171,0.01397657112750687,-3.6961688518217367e-16,-0.013976571127506839,0.013976571127506839,nan,nan,-1.0376153603865179e-19,4,7.0308668147355328e-12,2.0802745088137838e-16,3584,1.02734375,2
571,14.275,7.4483550167242128e-15,3.5416114485542494e-14,1.3521331179652828e-15,0.074591183427756336,11.112473442824415,11.187064626252171,0.014309621994316131,-3.3616014536595287e-16,-0.014309621994316093,0.014309621994316093,nan,nan,-1.164670302474663e-19,4,7.0622845384164881e-12,1.8425551206510954e-16,2048,1.015625,2
572,14.300000000000001,7.4675491669995516e-15,3.5610403514851896e-14,1.3536973394413916e-15,0.077434560703259006,11.109630065548913,11.187064626252171,0.014642650599885313,-3.0169903348499917e-16,-0.014642650599885263,0.014642650599885263,nan,nan,-1.5839516113655416e-19,4,7.0414362732478515e-12,1.8587727050373916e-16,1536,1.01171875,2
573,14.325000000000001,7.5995822943012293e-15,3.7705949473831879e-14,1.3442926087511528e-15,0.080337431727276046,11.106727194524895,11.187064626252171,0.014975445003261751,-2.6544003482426913e-16,-0.01497544500326169,0.01497544500326169,nan,nan,-1.6008922703106276e-19,4,7.0324842098906882e-12,1.8011982115359847e-16,4096,1.03125,2
574,14.350000000000001,7.7488806910032809e-15,3.8011260805603797e-14,1.3261271563757354e-15,0.083295245005141502,11.10376938124703,11.187064626252171,0.015307707064220705,-2.2938986503567075e-16,-0.015307707064220643,0.015307707064220643,nan,nan,-1.291725244562808e-19,4,7.0652049592008986e-12,1.7964609031930467e-16,2048,1.015625,2
575,14.375,7.7564581779042839e-15,3.5971225997855072e-14,1.3162318625594862e-15,0.086309458994183103,11.100755167257988,11.187064626252171,0.01563936648242794,-1.9544937669250607e-16,-0.015639366482427877,0.015639366482427877,nan,nan,-4.6163295625359368e-20,4,7.0546779641042138e-12,1.7741889008353831e-16,2048,1.015625,2
576,14.4,7.7882947078006796e-15,3.4833247397614286e-14,1.2938075683688893e-15,0.08937884722561551,11.097685779026556,11.187064626252171,0.015970242390482132,-1.6001286069261651e-16,-0.015970242390482059,0.015970242390482059,nan,nan,-5.5480658045156672e-20,4,7.0305353204073731e-12,1.7596459317205579e-16,2560,1.01953125,2
577,14.425000000000001,7.8397526205260834e-15,3.5402236697734679e-14,1.2733809739816159e-15,0.092498445782214903,11.094566180469956,11.187064626252171,0.016300012631637859,-1.2430853113768476e-16,-0.016300012631637779,0.016300012631637779,nan,nan,-9.1903074777091587e-20,4,7.0625391668407396e-12,1.8949944479833542e-16,2048,1.015625,2
578,14.450000000000001,7.8061781013499088e-15,3.2890357104520263e-14,1.2627342778259435e-15,0.095667935954756186,11.091396690297415,11.187064626252171,0.016628555504039987,-8.357050980084827e-17,-0.016628555504039889,0.016628555504039889,nan,nan,-1.223962608782464e-19,4,7.0569795995532472e-12,1.8749121461122735e-16,3584,1.02734375,2
579,14.475000000000001,7.7799309076118222e-15,3.0878077872387166e-14,1.2491994398288262e-15,0.098887385666016347,11.088177240586154,11.18706462625217,0.016955785747220155,-4.4140963029990714e-17,-0.016955785747220054,0.016955785747220054,nan,nan,-8.0468129989158532e-20,4,7.0436227701446314e-12,1.8971982643655455e-16,1536,1.01171875,2
580,14.5,7.7417903404813407e-15,2.8893554215869699e-14,1.2367187150378668e-15,0.102151711279354,11.084912914972817,11.187064626252171,0.01728137866037855,-4.1414689207611072e-18,-0.017281378660378446,0.017281378660378446,nan,nan,-1.0630263488041469e-19,4,7.0586333716874314e-12,1.7149756184588667e-16,2560,1.01953125,2
581,14.525,7.7118859077231762e-15,2.7590776885411117e-14,1.2270710190858351e-15,0.10545852895369291,11.081606097298478,11.187064626252171,0.017605127594276144,3.6348404676706145e-17,-0.017605127594276026,0.017605127594276026,nan,nan,-5.5904174518783822e-20,4,7.0868999591627842e-12,1.8460688605630862e-16,3584,1.02734375,2
582,14.550000000000001,7.8091401349055084e-15,2.8343646873985051e-14,1.2187404936530457e-15,0.10880881918300309,11.078255807069167,11.187064626252171,0.017926997022103576,7.8481742734120533e-17,-0.017926997022103444,0.017926997022103444,nan,nan,-4.955142741437657e-20,4,7.0414521198459794e-12,1.8254603473291541e-16,2048,1.015625,2
583,14.575000000000001,7.6863814358466503e-15,2.7686186676589841e-14,1.2192257746483691e-15,0.1121979484404122,11.074866677811759,11.187064626252171,0.018246742871215943,1.1916140924665814e-16,-0.018246742871215818,0.018246742871215818,nan,nan,-6.5221536938581126e-20,4,7.0620494464074204e-12,1.6897725738730781e-16,1536,1.01171875,2
584,14.600000000000001,7.6135657169958539e-15,2.6048607715267735e-14,1.2276969779582761e-15,0.11562194859771233,11.071442677654458,11.18706462625217,0.01856407904656918,1.6063252216934999e-16,-0.018564079046569051,0.018564079046569051,nan,nan,-2.9646153153900512e-20,4,7.0750050620280229e-12,1.6749834496612748e-16,3584,1.02734375,2
585,14.625,7.5472790223075136e-15,2.7380875344817923e-14,1.2245534441293099e-15,0.11908141390504412,11.067983212347126,11.187064626252171,0.018878942853743575,1.9814991988553519e-16,-0.018878942853743433,0.018878942853743433,nan,nan,-1.1858461261560205e-20,4,7.0605278973571212e-12,1.8430525237189564e-16,2048,1.015625,2
586,14.65,7.5467941315829359e-15,2.9976021664879227e-14,1.2238420625054885e-15,0.12257320476023537,11.064491421491935,11.18706462625217,0.019191177777769273,2.3620317243521277e-16,-0.019191177777769124,0.019191177777769124,nan,nan,-5.039846036163087e-20,4,7.0585019768431803e-12,1.7341426436197496e-16,2560,1.01953125,2
587,14.675000000000001,7.5845740996925882e-15,3.1766256292087292e-14,1.2177188408741855e-15,0.1260917950193754,11.060972831232796,11.187064626252171,0.019500528105670503,2.762857287371377e-16,-0.019500528105670371,0.019500528105670371,nan,nan,-8.0891646462785682e-20,4,7.0775910344350346e-12,1.6934139790306703e-16,2048,1.015625,2
588,14.700000000000001,7.6147962527103238e-15,3.3931191190106347e-14,1.2124179184121331e-15,0.1296372359523652,11.057427390299805,11.187064626252171,0.019806821638038888,3.1604589995874571e-16,-0.019806821638038735,0.019806821638038735,nan,nan,-4.7857361519867969e-20,4,7.0636416058162685e-12,1.6914558494223761e-16,2560,1.01953125,2
589,14.725000000000001,7.7062020357078884e-15,3.5305092183079978e-14,1.2018018645771723e-15,0.1332073672176077,11.053857259034562,11.18706462625217,0.020109968081215318,3.5674274397573778e-16,-0.020109968081215141,0.020109968081215141,nan,nan,-1.2705494208814505e-20,4,7.0482405131835922e-12,1.6461226674150596e-16,2048,1.015625,2
590,14.75,7.7446496093251163e-15,3.4403035975572038e-14,1.1833876564089382e-15,0.13679634997745027,11.05026827627472,11.18706462625217,0.020409758521942524,3.9415999841475608e-16,-0.020409758521942344,0.020409758521942344,nan,nan,1.9481757786848908e-20,4,7.0750235940986951e-12,1.6245046810551023e-16,2560,1.01953125,2
591,14.775,7.9304733062380145e-15,3.3084646133829665e-14,1.1677314153021969e-15,0.14040305946637227,11.046661566785797,11.18706462625217,0.020706015943759936,4.3821751020571486e-16,-0.020706015943759752,0.020706015943759752,nan,nan,-4.912791094074942e-20,4,7.075546135441966e-12,1.6432896865760692e-16,2560,1.01953125,2
592,14.800000000000001,8.1173939415910552e-15,2.9629076969683865e-14,1.1501017083415787e-15,0.14402586153759542,11.043038764714575,11.187064626252171,0.020998572871364349,4.7990122528619385e-16,-0.020998572871364161,0.020998572871364161,nan,nan,-9.3173624197973037e-20,4,7.0479772606768383e-12,1.6866397006973793e-16,3072,1.0234375,2
593,14.825000000000001,8.3100181262376774e-15,3.0739299994309022e-14,1.1350338785374871e-15,0.14765920874047125,11.039405417511698,11.18706462625217,0.021287311968085556,5.2370930289124968e-16,-0.021287311968085362,0.021287311968085362,nan,nan,-1.249373597200093e-19,4,7.0624496445163377e-12,1.6114557493840917e-16,2048,1.015625,2
594,14.850000000000001,8.5132258525440461e-15,3.0371538617401939e-14,1.1257040918415768e-15,0.15130155981380641,11.035763066438363,11.18706462625217,0.021572079498477677,5.674241668516363e-16,-0.021572079498477489,0.021572079498477489,nan,nan,-1.257843926672636e-19,4,7.0716355507084545e-12,1.5985774926611157e-16,2560,1.01953125,2
595,14.875,8.4886751498636113e-15,3.1058489113888754e-14,1.1212088046590612e-15,0.15495072354978681,11.032113902702383,11.18706462625217,0.021852676237380134,6.1336813086842343e-16,-0.02185267623737995,0.02185267623737995,nan,nan,-1.0630263488041469e-19,4,7.0441733402694085e-12,1.5351941336615533e-16,3072,1.0234375,2
596,14.9,8.5367892242709716e-15,2.9401828194330903e-14,1.1221635427134453e-15,0.15860173722627327,11.028462889025898,11.187064626252171,0.022128958174101619,6.566911258980091e-16,-0.022128958174101421,0.022128958174101421,nan,nan,-1.5585406229479126e-19,4,7.0563963769174031e-12,1.5155132235400285e-16,1024,1.0078125,2
597,14.925000000000001,8.5670279320085111e-15,3.1127878052927827e-14,1.1316263305729691e-15,0.16225333114329105,11.024811295108877,11.187064626252168,0.022400860872566292,7.0177240331967827e-16,-0.022400860872566077,0.022400860872566077,nan,nan,-1.5500702934753696e-19,4,7.0739584541291865e-12,1.5393978321398943e-16,3584,1.02734375,2
598,14.950000000000001,8.5343617293986306e-15,3.1183389204159084e-14,1.1521660856874488e-15,0.16590235614778684,11.021162270104384,11.187064626252171,0.022668185381448044,7.4337509761410257e-16,-0.022668185381447822,0.022668185381447822,nan,nan,-1.6008922703106276e-19,4,7.0269798799077655e-12,1.5717142105089026e-16,2048,1.015625,2
599,14.975000000000001,8.2363506231564302e-15,3.0822566721155908e-14,1.1790428960702856e-15,0.16954409661123879,11.017520529640931,11.18706462625217,0.022930740976176867,7.8967185709990368e-16,-0.022930740976176627,0.022930740976176627,nan,nan,-2.1980504981249094e-19,4,7.0431478712481457e-12,1.5730934970953745e-16,2048,1.015625,2
600,15,8.0748631354853102e-15,3.282096816548119e-14,1.2076202780576799e-15,0.17317855141125116,11.013886074840919,11.18706462625217,0.023188498018967545,8.3184026060604168e-16,-0.023188498018967295,0.023188498018967295,nan,nan,-2.8672065264558066e-19,4,7.0255135749685805e-12,1.4923159536060057e-16,3072,1.0234375,2
601,15.025,7.8923977127227824e-15,3.1100122477312198e-14,1.2375062478791648e-15,0.17680058467853146,11.010264041573638,11.18706462625217,0.023441292629982749,8.795175993079118e-16,-0.023441292629982503,0.023441292629982503,nan,nan,-2.6935647722686751e-19,4,7.0142522734046077e-12,1.4928419811163814e-16,2560,1.01953125,2
602,15.050000000000001,7.770915268070868e-15,2.9261315592776782e-14,1.2654380511467628e-15,0.18040723350617158,11.006657392745998,11.18706462625217,0.023688965753832419,9.2142961124016363e-16,-0.023688965753832173,0.023688965753832173,nan,nan,-3.0747295985331102e-19,4,7.0167533922228248e-12,1.5251570170641699e-16,2048,1.015625,2
603,15.075000000000001,7.6280203799229657e-15,2.7117197376469448e-14,1.2876770054655524e-15,0.18399809656395777,11.003066529688212,11.18706462625217,0.023931420111070266,9.6629894883027087e-16,-0.023931420111070023,0.023931420111070023,nan,nan,-3.0577889395880242e-19,4,7.0168604897309775e-12,1.5198234595856118e-16,2560,1.01953125,2
604,15.100000000000001,7.6394834593237074e-15,2.7582103268031233e-14,1.2994407583985991e-15,0.18756735030151764,10.999497275950652,11.18706462625217,0.024168541068796782,1.0034869061771679e-15,-0.02416854106879654,0.02416854106879654,nan,nan,-3.1467273990497258e-19,4,6.9895504159469037e-12,1.4715496791382598e-16,2560,1.01953125,2
605,15.125,7.7521524942428843e-15,2.758904216193514e-14,1.30285754389846e-15,0.19111377277327779,10.995950853478892,11.18706462625217,0.024400243646845399,1.046615963600573e-15,-0.024400243646845142,0.024400243646845142,nan,nan,-3.5194218958416179e-19,4,6.9896978076409225e-12,1.5893819335041267e-16,2560,1.01953125,2
606,15.15,7.9322160845166965e-15,2.9101721032986916e-14,1.3062317159136528e-15,0.19463582616597425,10.992428800086195,11.18706462625217,0.024626365661787261,1.0820573867642402e-15,-0.024626365661786997,0.024626365661786997,nan,nan,-3.1721383874673548e-19,4,6.9765224531195958e-12,1.5007785911666522e-16,3072,1.0234375,2
607,15.175000000000001,8.187166119566076e-15,2.8234359294998512e-14,1.2914704070134045e-15,0.19812795400846003,10.988936672243709,11.187064626252168,0.024846807766509896,1.1246404006967789e-15,-0.024846807766509618,0.024846807766509618,nan,nan,-3.3542504711270293e-19,4,6.942394424291952e-12,1.5329129307043679e-16,1536,1.01171875,2
608,15.200000000000001,8.3458524868925642e-15,2.8244767635854373e-14,1.273017434878817e-15,0.20159001514275654,10.985474611109412,11.187064626252168,0.025061537610219172,1.1602938992460117e-15,-0.02506153761021887,0.02506153761021887,nan,nan,-3.6930636500287495e-19,4,6.9569464042520259e-12,1.4565640116700048e-16,2560,1.01953125,2
609,15.225000000000001,8.4614046260088929e-15,3.0028063369158531e-14,1.2504888584069186e-15,0.20502020143100319,10.982044424821165,11.187064626252168,0.025270421770686037,1.1966152736510246e-15,-0.025270421770685739,0.025270421770685739,nan,nan,-3.5151867311053464e-19,4,6.9082275206548579e-12,1.4682729232901882e-16,2560,1.01953125,2
610,15.25,8.5763021038116352e-15,3.3199137883244134e-14,1.2312857389738662e-15,0.20841290751176039,10.978651718740409,11.18706462625217,0.025473302098186393,1.2351080003293996e-15,-0.025473302098186084,0.025473302098186084,nan,nan,-3.1679032227310833e-19,4,6.9007758977451756e-12,1.580917315462969e-16,1536,1.01171875,2
611,15.275,8.6885376521707324e-15,3.7025937871248971e-14,1.2161321781807967e-15,0.21176832312611418,10.975296303126054,11.187064626252168,0.025670194901102693,1.2749275317991157e-15,-0.025670194901102408,0.025670194901102408,nan,nan,-2.439454888092385e-19,4,6.8984694145497704e-12,1.4852021609458689e-16,2560,1.01953125,2
612,15.300000000000001,8.7363481523894916e-15,4.0217829067046296e-14,1.2123445074299713e-15,0.21508539104932622,10.971979235202843,11.18706462625217,0.025861025591393094,1.3115167678697622e-15,-0.025861025591392806,0.025861025591392806,nan,nan,-2.2361669807513529e-19,4,6.8370060145372682e-12,1.4792111910365627e-16,3584,1.02734375,2
613,15.325000000000001,8.7607023793941423e-15,3.973210649377279e-14,1.2199360202355791e-15,0.21835899632055469,10.968705629931614,11.18706462625217,0.026045607904218018,1.3470491805339995e-15,-0.026045607904217713,0.026045607904217713,nan,nan,-2.1006417091906648e-19,4,6.8360226599397776e-12,1.4663830890757796e-16,1536,1.01171875,2
614,15.350000000000001,8.8262150339775347e-15,3.9426795162000872e-14,1.2374927713208813e-15,0.22158828954226889,10.9654763367099,11.187064626252168,0.026223939526999716,1.3818519819603799e-15,-0.026223939526999411,0.026223939526999411,nan,nan,-2.56650983018053e-19,4,6.834349297380234e-12,1.5930439161217082e-16,2560,1.01953125,2
615,15.375,8.9044917400319119e-15,3.6984304507825527e-14,1.2573086193068498e-15,0.22477342735137365,10.962291198900795,11.187064626252168,0.026396006745317255,1.4155441996683966e-15,-0.026396006745316961,0.026396006745316961,nan,nan,-3.2864878353466853e-19,4,6.7022003761259548e-12,1.3884619475095888e-16,3072,1.0234375,2
616,15.4,8.8038696608072888e-15,3.3487101980256284e-14,1.2918608396247812e-15,0.22791110276545712,10.959153523486712,11.18706462625217,0.026561683252425413,1.4519819534790786e-15,-0.026561683252425115,0.026561683252425115,nan,nan,-3.3288394827094003e-19,4,6.7154449824065117e-12,1.437340288221438e-16,1024,1.0078125,2
617,15.425000000000001,8.7313096729618748e-15,3.294586825575152e-14,1.3390846854709651e-15,0.23099806782342344,10.956066558428745,11.187064626252168,0.02672086877688104,1.4857144694636568e-15,-0.026720868776880749,0.026720868776880749,nan,nan,-3.5998900258307764e-19,4,6.730552036491556e-12,1.6235330516466339e-16,4096,1.03125,2
618,15.450000000000001,8.6005951316045473e-15,3.3289343503994928e-14,1.3656906603334095e-15,0.23403561211561366,10.953029014136556,11.18706462625217,0.026873623276499274,1.5213744459082157e-15,-0.026873623276498997,0.026873623276498997,nan,nan,-4.1504614415460717e-19,4,6.5777222663066727e-12,1.4902612875940533e-16,1536,1.01171875,2
619,15.475000000000001,8.5213613225979705e-15,3.3265057375331253e-14,1.4031530080902249e-15,0.23702354711586707,10.950041079136302,11.18706462625217,0.027019876477230378,1.5553400098474204e-15,-0.027019876477230108,0.027019876477230108,nan,nan,-4.7179735162064529e-19,4,6.5935128798905877e-12,1.485070229681419e-16,2048,1.015625,2
620,15.5,8.4408193431109226e-15,3.2949337702703474e-14,1.4303139169487024e-15,0.23995570933838373,10.947108916913784,11.187064626252168,0.027159494956915775,1.5876098104574173e-15,-0.027159494956915504,0.027159494956915504,nan,nan,-4.2436350657440447e-19,4,6.6135609531281718e-12,1.4925478337289785e-16,3584,1.02734375,2
621,15.525,8.3756541020939583e-15,3.1297880953573554e-14,1.4552615703540033e-15,0.24283394065716249,10.944230685595006,11.187064626252168,0.027292511176017123,1.6174598901136059e-15,-0.027292511176016852,0.027292511176016852,nan,nan,-4.4808042909752488e-19,4,6.4507878154789171e-12,1.4027113250829167e-16,1536,1.01171875,2
622,15.550000000000001,8.3586725217165859e-15,3.2161773244610004e-14,1.4454436382409352e-15,0.24566143963281104,10.941403186619358,11.187064626252168,0.027418978527656505,1.645717674968277e-15,-0.027418978527656228,0.027418978527656228,nan,nan,-3.6591823321385775e-19,4,6.4238931350280016e-12,1.4860013673054829e-16,2048,1.015625,2
623,15.575000000000001,8.3947650143789794e-15,3.3195668436292181e-14,1.4514110867159538e-15,0.24843051697974206,10.938634109272426,11.187064626252168,0.027538724514446292,1.6717577915110751e-15,-0.027538724514446035,0.027538724514446035,nan,nan,-4.3029273720518457e-19,4,6.4155172955271906e-12,1.4435140018885866e-16,3072,1.0234375,2
624,15.600000000000001,8.4240460768860449e-15,3.4101194090752074e-14,1.4463801931623842e-15,0.25114147576981477,10.935923150482354,11.18706462625217,0.027651752812368202,1.7044437731864092e-15,-0.027651752812367945,0.027651752812367945,nan,nan,-4.3452790194145607e-19,4,6.3384688578122725e-12,1.4384606502476868e-16,2048,1.015625,2
625,15.625,8.4764131607351358e-15,3.9468428525424315e-14,1.4426393487063482e-15,0.25380204736399958,10.933262578888169,11.187064626252168,0.027758176524150538,1.7274925247939798e-15,-0.027758176524150295,0.027758176524150295,nan,nan,-4.7603251635691679e-19,4,6.2139232757693936e-12,1.3427081003977204e-16,2560,1.01953125,2
626,15.65,8.5678073758633116e-15,4.2771342023684156e-14,1.4277748439475452e-15,0.25640280868691617,10.930661817565252,11.187064626252168,0.027857878990107346,1.7549195070935526e-15,-0.027857878990107103,0.027857878990107103,nan,nan,-5.1414899898336031e-19,4,6.1690284144828989e-12,1.4728960120407599e-16,2048,1.015625,2
627,15.675000000000001,8.6633433424050463e-15,4.4270143106928117e-14,1.4228180650609419e-15,0.25894387418273918,10.928120752069429,11.187064626252168,0.027950811625745281,1.7812044011142631e-15,-0.027950811625745052,0.027950811625745052,nan,nan,-4.8280877993495119e-19,4,6.1571616385057059e-12,1.3812374787265072e-16,3072,1.0234375,2
628,15.700000000000001,8.7982384183065991e-15,4.3798298321462426e-14,1.4179567909922867e-15,0.26143467375187507,10.925629952500294,11.18706462625217,0.028037114291350768,1.8040228963862013e-15,-0.028037114291350539,0.028037114291350539,nan,nan,-4.5739779151732218e-19,4,5.9920771682101377e-12,1.4537055699195761e-16,2560,1.01953125,2
629,15.725000000000001,9.009355521325023e-15,4.1869285816176216e-14,1.4179256508623273e-15,0.2638664515529055,10.923198174699264,11.18706462625217,0.028116711665291894,1.8279564722419716e-15,-0.028116711665291665,0.028116711665291665,nan,nan,-4.1758724299637007e-19,4,5.9474999673469159e-12,1.4275641993108743e-16,1024,1.0078125,2
630,15.75,9.0802872427919456e-15,3.7719827261639693e-14,1.4252256295391468e-15,0.26623968810867227,10.920824938143497,11.18706462625217,0.028189585250908776,1.84744632670563e-15,-0.028189585250908554,0.028189585250908554,nan,nan,-3.7269449679189215e-19,4,5.9792127492089289e-12,1.5060170660694818e-16,2560,1.01953125,2
631,15.775,9.0823704463918859e-15,3.7470027081099033e-14,1.4413055396265662e-15,0.2685621397390125,10.918502486513157,11.18706462625217,0.028255829770655629,1.8701465563857151e-15,-0.028255829770655418,0.028255829770655418,nan,nan,-3.3415449769182148e-19,4,5.8000999022228094e-12,1.5568001428787768e-16,4096,1.03125,2
632,15.800000000000001,9.0791170346917459e-15,3.883005028626485e-14,1.4618513999961545e-15,0.27082874843288685,10.916235877819283,11.18706462625217,0.028315415637907345,1.8919910890657954e-15,-0.02831541563790712,0.02831541563790712,nan,nan,-3.1424922343134543e-19,4,5.7131502544049127e-12,1.5124111261532495e-16,1536,1.01171875,2
633,15.825000000000001,9.0006031269471191e-15,3.7997383017795983e-14,1.4935428034253422e-15,0.27304017238890538,10.914024453863263,11.187064626252168,0.028368387971841394,1.9130351482748856e-15,-0.028368387971841158,0.028368387971841158,nan,nan,-3.680358155819935e-19,4,5.7864077134112869e-12,1.5706534402151042e-16,2560,1.01953125,2
634,15.850000000000001,8.8594331106846988e-15,3.5416114485542494e-14,1.5328316838928966e-15,0.27520095569043801,10.911863670561731,11.18706462625217,0.028414766613418851,1.9323041767225337e-15,-0.028414766613418616,0.028414766613418616,nan,nan,-3.0281427864341237e-19,4,5.6302202207362591e-12,1.5824782605374815e-16,3072,1.0234375,2
635,15.875,8.5937306025160056e-15,3.0697666630885578e-14,1.5736576477466774e-15,0.27731024550768396,10.909754380744484,11.187064626252168,0.028454614258012521,1.9487758112972479e-15,-0.028454614258012281,0.028454614258012281,nan,nan,-2.8333252085656346e-19,4,5.54829454464088e-12,1.6159419525368619e-16,1024,1.0078125,2
636,15.9,8.3137829575516615e-15,3.1179919757207131e-14,1.6119963740951768e-15,0.27937012939458694,10.907694496857582,11.18706462625217,0.028487941849870774,1.9647694905720065e-15,-0.028487941849870534,0.028487941849870534,nan,nan,-3.1933142111487123e-19,4,5.6059112850703268e-12,1.5677859931640485e-16,2560,1.01953125,2
637,15.925000000000001,8.0709398937479588e-15,3.1408903256036069e-14,1.6378765411943947e-15,0.28138084011129216,10.905683786140877,11.18706462625217,0.028514820422333397,1.979232873136189e-15,-0.028514820422333151,0.028514820422333151,nan,nan,-3.3246043179731288e-19,4,5.4990794373272712e-12,1.7660141874515478e-16,2560,1.01953125,2
638,15.950000000000001,7.9531223736362809e-15,3.0319496913122634e-14,1.6880580345817207e-15,0.28334557493602197,10.903719051316147,11.187064626252168,0.028535288265679408,1.9929742484320929e-15,-0.028535288265679172,0.028535288265679172,nan,nan,-3.9132922163148676e-19,4,5.4433023938572189e-12,1.6992682743160087e-16,2560,1.01953125,2
639,15.975000000000001,7.9212950624698758e-15,2.9747038166050288e-14,1.6919704435032485e-15,0.28526725351563065,10.901797372736539,11.18706462625217,0.028549423333755083,2.0010720512743752e-15,-0.028549423333754854,0.028549423333754854,nan,nan,-3.866705404215881e-19,4,5.4605750506240477e-12,1.6044807097986844e-16,2560,1.01953125,2
640,16,8.0355093704121581e-15,3.0645624926606274e-14,1.6967934914090279e-15,0.2871445703852939,10.899920055866875,11.18706462625217,0.028557244359531241,2.0118833718755894e-15,-0.028557244359531019,0.028557244359531019,nan,nan,-3.2356658585114273e-19,4,5.3986216458099405e-12,1.6125451484165654e-16,2048,1.015625,2
641,16.025000000000002,8.2425388587348141e-15,3.0166841247236675e-14,1.6940312592077198e-15,0.2889822943053339,10.898082331946835,11.18706462625217,0.028558862509845288,2.022941735599372e-15,-0.02855886250984507,0.02855886250984507,nan,nan,-3.4347186011161879e-19,4,5.3944471685279825e-12,1.7128102631517027e-16,3072,1.0234375,2
642,16.050000000000001,8.5024730009763666e-15,2.9830304892897175e-14,1.6912916129182827e-15,0.29078347815807548,10.896281148094094,11.18706462625217,0.028554357466638855,2.032140798657521e-15,-0.02855435746663864,0.02855435746663864,nan,nan,-2.8756768559283497e-19,4,5.381664644777221e-12,1.6627719779009734e-16,2048,1.015625,2
643,16.074999999999999,8.7804330296840336e-15,3.1682989565240405e-14,1.6789443398293189e-15,0.29254780437548072,10.894516821876689,11.18706462625217,0.028543738856971698,2.0403320019077913e-15,-0.028543738856971486,0.028543738856971486,nan,nan,-2.8036790554117341e-19,4,5.3423512695880429e-12,1.7028484665438464e-16,2560,1.01953125,2
644,16.100000000000001,9.0324885103333652e-15,3.5874081483200371e-14,1.6759751980700249e-15,0.29428034755796156,10.892784278694208,11.18706462625217,0.028527147174846383,2.0433569898089847e-15,-0.028527147174846182,0.028527147174846182,nan,nan,-3.2695471764015993e-19,4,5.3348416674749539e-12,1.725891882899225e-16,1024,1.0078125,2
645,16.125,9.2552436899684434e-15,3.8288816561760086e-14,1.6714342522719772e-15,0.2959834312476235,10.891081195004546,11.18706462625217,0.028504663556054397,2.0496293797106106e-15,-0.028504663556054195,0.028504663556054195,nan,nan,-2.574980159653073e-19,4,5.3255188776145619e-12,1.7284874472631986e-16,4096,1.03125,2
646,16.150000000000002,9.376250708648017e-15,3.9121483830228954e-14,1.6800430481920998e-15,0.29765914883722366,10.889405477414945,11.187064626252168,0.028476363747730472,2.0496444230814835e-15,-0.028476363747730278,0.028476363747730278,nan,nan,-3.6253010142484055e-19,4,5.3118250555535282e-12,1.8624800070080545e-16,1536,1.01171875,2
647,16.175000000000001,9.4515329277887174e-15,3.7359004778636518e-14,1.6856437803425958e-15,0.29931121299684399,10.887753413255325,11.18706462625217,0.02844231758870723,2.0497789083182572e-15,-0.028442317588707036,0.028442317588707036,nan,nan,-3.6930636500287495e-19,4,5.3418349797695877e-12,1.6971054568085821e-16,2048,1.015625,2
648,16.199999999999999,9.4555523812888938e-15,3.3834046675451646e-14,1.7053909117041757e-15,0.30094317887276456,10.886121447379406,11.18706462625217,0.028402665901312948,2.0504886247951906e-15,-0.028402665901312751,0.028402665901312751,nan,nan,-3.8709405689521525e-19,4,5.3054227575497604e-12,1.7679533040604309e-16,3072,1.0234375,2
649,16.225000000000001,9.402580815609076e-15,3.4441199892043528e-14,1.7202893251390794e-15,0.3025591433022512,10.884505482949919,11.18706462625217,0.028357507636730374,2.051579902709135e-15,-0.028357507636730186,0.028357507636730186,nan,nan,-3.1848438816761693e-19,4,5.3209328293375167e-12,1.9159896788373726e-16,2048,1.015625,2
650,16.25,9.3885760002685495e-15,3.6118677493313101e-14,1.7492162028324472e-15,0.30415852202643467,10.882906104225736,11.18706462625217,0.028306914043471083,2.0458494108142011e-15,-0.028306914043470896,0.028306914043470896,nan,nan,-3.1848438816761693e-19,4,5.380828576669808e-12,1.7875140340833748e-16,1536,1.01171875,2
651,16.275000000000002,9.3597017096387166e-15,3.6998182295633342e-14,1.7709757617447337e-15,0.30575007693968037,10.881314549312489,11.18706462625217,0.0282510244835847,2.0450938880551151e-15,-0.028251024483584512,0.028251024483584512,nan,nan,-1.9566461081574338e-19,4,5.3058491897363409e-12,1.8506568937339697e-16,3072,1.0234375,2
652,16.300000000000001,9.3826677971221497e-15,3.6748382115092681e-14,1.7870281650437251e-15,0.30733725200625145,10.879727374245919,11.18706462625217,0.028189958752675708,2.0408974217489537e-15,-0.028189958752675527,0.028189958752675527,nan,nan,-1.8804131429045468e-19,4,5.3074706311157406e-12,1.9329432994570186e-16,2048,1.015625,2
653,16.324999999999999,9.4165398055354675e-15,3.4333647036532966e-14,1.8294381610765229e-15,0.30891707118859524,10.878147555063574,11.18706462625217,0.028123798353747238,2.0361753772622447e-15,-0.028123798353747051,0.028123798353747051,nan,nan,-1.5924219408380846e-19,4,5.3946435135976058e-12,1.9277517109502579e-16,2560,1.01953125,2
654,16.350000000000001,9.4308844578466991e-15,3.0711544418693393e-14,1.8675037194288684e-15,0.31050156717402844,10.876563059078141,11.18706462625217,0.028052707391945965,2.0291179000126365e-15,-0.028052707391945784,0.028052707391945784,nan,nan,-1.9481757786848908e-20,4,5.3480105045871695e-12,1.8437599404896153e-16,3072,1.0234375,2
655,16.375,9.4625494882367002e-15,2.9917041066696015e-14,1.8647336402672495e-15,0.31209367273793009,10.874970953514239,11.18706462625217,0.027976806765475027,2.0215108721306623e-15,-0.02797680676547485,0.02797680676547485,nan,nan,-5.1669009782512321e-20,4,5.3170945515909508e-12,1.9404364522702823e-16,2048,1.015625,2
656,16.400000000000002,9.5148616520982507e-15,2.9757446506906149e-14,1.86444631655329e-15,0.31369041516921869,10.87337421108295,11.18706462625217,0.02789618357087148,2.010742924583869e-15,-0.02789618357087131,0.02789618357087131,nan,nan,2.2022856628611809e-20,4,5.4126625554041805e-12,1.8799911623266509e-16,2560,1.01953125,2
657,16.425000000000001,9.5618541211740284e-15,3.0885016766291074e-14,1.8571325853079305e-15,0.31530412795536894,10.871760498296801,11.18706462625217,0.027811018799460574,1.9997934089549832e-15,-0.027811018799460401,0.027811018799460401,nan,nan,2.541098841762901e-20,4,5.3614654056262668e-12,1.9596824041435479e-16,2048,1.015625,2
658,16.449999999999999,9.5974706611729817e-15,3.207156762385921e-14,1.8611844590779399e-15,0.3169383958741559,10.870126230378014,11.18706462625217,0.027721429334362366,1.9813800281307896e-15,-0.02772142933436221,0.02772142933436221,nan,nan,4.5739779151732218e-20,4,5.3387905633074669e-12,1.8300248293972402e-16,2048,1.015625,2
659,16.475000000000001,9.5932588516641906e-15,3.2585045772748344e-14,1.866043493339593e-15,0.31859062870162785,10.868473997550542,11.18706462625217,0.027627554646652876,1.9695403693889613e-15,-0.027627554646652723,0.027627554646652723,nan,nan,1.8634724839594607e-20,4,5.4125091664840688e-12,1.8182730161416998e-16,3072,1.0234375,2
660,16.5,9.5996200872687714e-15,3.307076834602185e-14,1.8728500411280498e-15,0.32027146142592311,10.866793164826246,11.18706462625217,0.027529536766147528,1.952732582012622e-15,-0.027529536766147375,0.027529536766147375,nan,nan,3.0493186101154812e-20,4,5.3790919649494989e-12,1.8079526601263882e-16,2048,1.015625,2
661,16.525000000000002,9.6931005413171654e-15,3.3171382307628505e-14,1.8488751279688404e-15,0.32198782974738843,10.865076796504782,11.187064626252171,0.027427521556478845,1.9363410698775846e-15,-0.027427521556478696,0.027427521556478696,nan,nan,4.7433845046240819e-20,4,5.3509915470720392e-12,1.9219215181419626e-16,1024,1.0078125,2
662,16.550000000000001,9.6477197331960563e-15,3.4788144587238889e-14,1.8611294206516094e-15,0.32373770197948559,10.863326924272684,11.18706462625217,0.027321631474694255,1.9167909564025655e-15,-0.027321631474694109,0.027321631474694109,nan,nan,-1.0164395367051604e-20,4,5.4408348351130786e-12,1.9479311234771362e-16,4096,1.03125,2
663,16.574999999999999,9.7459296004492928e-15,3.5943470422239443e-14,1.8642062577247167e-15,0.32552518303826822,10.861539443213902,11.18706462625217,0.027212077966934475,1.8969653673814872e-15,-0.027212077966934339,0.027212077966934339,nan,nan,-1.1858461261560205e-19,4,5.3957779688593459e-12,1.81064273696519e-16,2048,1.015625,2
664,16.600000000000001,9.8162650890179484e-15,4.06064071256651e-14,1.8708866881799899e-15,0.32736507008004145,10.85969955617213,11.187064626252171,0.027098998829773846,1.8739589545179496e-15,-0.027098998829773714,0.027098998829773714,nan,nan,-1.1689054672109345e-19,4,5.3591598414700306e-12,1.9033268703419269e-16,1536,1.01171875,2
665,16.625,9.8735094171297681e-15,4.0908249010485065e-14,1.8625629336405583e-15,0.32925485274942584,10.857809773502744,11.18706462625217,0.026982467483195577,1.8512052763001528e-15,-0.026982467483195455,0.026982467483195455,nan,nan,-1.1773757966834775e-19,4,5.4110513088749872e-12,1.9070983021768112e-16,3072,1.0234375,2
666,16.650000000000002,9.9653183851195064e-15,4.1682803042508709e-14,1.8865524693962782e-15,0.33119324586723564,10.855871380384935,11.18706462625217,0.026862684372134918,1.8281100125054254e-15,-0.026862684372134807,0.026862684372134807,nan,nan,-1.4738373282224826e-19,4,5.3950747476362529e-12,1.7807684512201324e-16,2048,1.015625,2
667,16.675000000000001,1.0121615313635921e-14,3.959072653048068e-14,1.8851505122599514e-15,0.33319993723075758,10.853864689021414,11.187064626252171,0.026739939967739566,1.800518637604723e-15,-0.026739939967739466,0.026739939967739466,nan,nan,-1.9820570965750628e-19,4,5.4029457572667935e-12,1.9154590675352772e-16,2560,1.01953125,2
668,16.699999999999999,1.0112907966428941e-14,3.6105667067243274e-14,1.8965253148065265e-15,0.33527041238979877,10.851794213862371,11.18706462625217,0.026614245053990536,1.7735114555419179e-15,-0.026614245053990446,0.026614245053990446,nan,nan,-1.5415999640028266e-19,4,5.4014264590085929e-12,1.950149027543697e-16,2560,1.01953125,2
669,16.725000000000001,1.0104990301166623e-14,3.6359804056473877e-14,1.8931959404476096e-15,0.33740604364044602,10.849658582611726,11.187064626252171,0.026485693938826296,1.7459457138769807e-15,-0.026485693938826209,0.026485693938826209,nan,nan,-2.3039296165316969e-19,4,5.4008499229653674e-12,1.9240147441051798e-16,2560,1.01953125,2
670,16.75,1.0030618739147557e-14,3.8274938773952272e-14,1.9154886414492453e-15,0.33962446035007393,10.847440165902096,11.18706462625217,0.026354672983372775,1.7157396485162211e-15,-0.026354672983372691,0.026354672983372691,nan,nan,-2.7613274080490191e-19,4,5.3783847301968186e-12,1.9247287067771395e-16,2048,1.015625,2
671,16.775000000000002,9.9070203801308757e-15,3.602673714908633e-14,1.9459837123463144e-15,0.34191945989118627,10.845145166360986,11.187064626252171,0.026221246539092552,1.6824658598950285e-15,-0.026221246539092469,0.026221246539092469,nan,nan,-2.8036790554117341e-19,4,5.3915209794873314e-12,1.9560940849112294e-16,1536,1.01171875,2
672,16.800000000000001,9.7035737296983642e-15,3.7516214093646916e-14,1.9607770676531116e-15,0.34429803487281324,10.842766591379359,11.187064626252171,0.026085527465310059,1.6504778342912057e-15,-0.026085527465309982,0.026085527465309982,nan,nan,-1.6771252355635147e-19,4,5.4082367029586745e-12,2.000098487862929e-16,2048,1.015625,2
673,16.824999999999999,9.3468906951031465e-15,3.6062705556158536e-14,2.0022354107208098e-15,0.34677118750425739,10.840293438747914,11.187064626252171,0.025947712968989567,1.618502921325936e-15,-0.025947712968989498,0.025947712968989498,nan,nan,-1.7279472123987727e-19,4,5.3769310733914197e-12,2.0019286099502042e-16,4096,1.03125,2
674,16.850000000000001,9.0881430606534928e-15,3.3806291099836017e-14,2.014996114570629e-15,0.34933687916099737,10.837727747091174,11.187064626252171,0.025808045920662076,1.5791062799604142e-15,-0.025808045920662027,0.025808045920662027,nan,nan,-7.1997800516615529e-20,4,5.3689911165135768e-12,1.9747118523904637e-16,1024,1.0078125,2
675,16.875,9.0034239896628392e-15,3.5565300704476499e-14,2.0261646950746591e-15,0.352005481045984,10.835059145206188,11.187064626252171,0.025666639980653209,1.5449274491375641e-15,-0.025666639980653175,0.025666639980653175,nan,nan,-4.4892746204477918e-20,4,5.4027412323957326e-12,1.9905192792907712e-16,1536,1.01171875,2
676,16.900000000000002,9.0972490603714259e-15,3.7862074586669792e-14,1.9937348959158735e-15,0.35477708414743853,10.832287542104734,11.187064626252171,0.025523622659460711,1.5011253441656528e-15,-0.025523622659460673,0.025523622659460673,nan,nan,-3.5575383784680614e-20,4,5.3785439890735949e-12,1.9374844492697172e-16,3584,1.02734375,2
677,16.925000000000001,9.2766392420412819e-15,3.7598396618321317e-14,1.9661037564633372e-15,0.35765910046539318,10.829405525786779,11.187064626252171,0.025379262190892975,1.4622192267373266e-15,-0.025379262190892947,0.025379262190892947,nan,nan,-7.3691866411124129e-20,4,5.359821333560808e-12,2.0020975544838632e-16,2560,1.01953125,2
678,16.949999999999999,9.6315759498536925e-15,3.6571440320543047e-14,1.9581048887966238e-15,0.36066102745348333,10.82640359879869,11.187064626252173,0.025233730613426215,1.4177924555843772e-15,-0.025233730613426208,0.025233730613426208,nan,nan,-6.1833405149563925e-20,4,5.3474554230159218e-12,2.0345418296288664e-16,2048,1.015625,2
679,16.975000000000001,1.0047640212693525e-14,3.9291595151091929e-14,1.9314204219244018e-15,0.36377849324992811,10.823286133002245,11.187064626252173,0.025087076929621095,1.3810693234189832e-15,-0.025087076929621095,0.025087076929621095,nan,nan,-1.1096131609031334e-19,4,5.3557749230859214e-12,2.0250067505501734e-16,1024,1.0078125,2
680,17,1.0473128109196678e-14,3.6871764322321532e-14,1.8951084644180041e-15,0.36702332279936678,10.820041303452806,11.187064626252173,0.024939551824527246,1.3361989672237824e-15,-0.024939551824527263,0.024939551824527263,nan,nan,-1.3467823861343375e-19,4,5.3629032571979346e-12,1.9465175432560821e-16,3072,1.0234375,2
681,17.025000000000002,1.0802036778427694e-14,3.7538548658400117e-14,1.8480088588035028e-15,0.37040078310884827,10.816663843143324,11.187064626252173,0.024791442568771246,1.2901346475241962e-15,-0.024791442568771253,0.024791442568771253,nan,nan,-1.0503208545953324e-19,4,5.3047472160270896e-12,1.9748782258204509e-16,3584,1.02734375,2
682,17.050000000000001,1.1080641407101777e-14,4.0071244933326255e-14,1.8200940728911599e-15,0.37391040667985681,10.813154219572317,11.187064626252173,0.02464278341628217,1.2474537701281933e-15,-0.024642783416282184,0.024642783416282184,nan,nan,-6.0986372202309624e-20,4,5.3364574175419811e-12,2.0932488921476682e-16,1536,1.01171875,2
683,17.074999999999999,1.1266929390020456e-14,4.2175030828817128e-14,1.8109700856445762e-15,0.37755984462081593,10.809504781631357,11.187064626252173,0.024493710138727282,1.1926716244227986e-15,-0.024493710138727302,0.024493710138727302,nan,nan,1.0503208545953324e-19,4,5.3405019216997659e-12,2.0527737315475476e-16,1536,1.01171875,2
684,17.100000000000001,1.1345408854757556e-14,4.090261115918814e-14,1.8137184577356995e-15,0.38135889771212134,10.805705728540051,11.187064626252173,0.024344502211397133,1.1487493001131389e-15,-0.024344502211397161,0.024344502211397161,nan,nan,2.2022856628611809e-19,4,5.2668789897266556e-12,1.9969529565797863e-16,2560,1.01953125,2
685,17.125,1.112699805349703e-14,4.0790287814118642e-14,1.8224624039548244e-15,0.38530731670026758,10.801757309551906,11.187064626252173,0.024195375063249668,1.0974195639066274e-15,-0.024195375063249702,0.024195375063249702,nan,nan,1.2281977735187355e-19,4,5.2868323443804028e-12,1.9734976659615568e-16,1536,1.01171875,2
686,17.150000000000002,1.0936351355153228e-14,3.8539484104038735e-14,1.8401979591721013e-15,0.38940146009688992,10.797663166155283,11.187064626252173,0.024046383049028109,1.0438818406104951e-15,-0.024046383049028158,0.024046383049028158,nan,nan,2.0413494028828638e-19,4,5.334370698131132e-12,1.812944554247299e-16,4608,1.03515625,2
687,17.175000000000001,1.068693540721344e-14,3.5195804604093439e-14,1.857162296009734e-15,0.39366373387365172,10.793400892378521,11.187064626252173,0.023897706384447062,9.9047735758853303e-16,-0.023897706384447118,0.023897706384447118,nan,nan,1.3637230450794235e-19,4,5.2384577554869776e-12,1.9449696256073301e-16,1024,1.0078125,2
688,17.199999999999999,1.0616500681707124e-14,3.7969627442180354e-14,1.8733293996519018e-15,0.39809315929617717,10.788971466955998,11.187064626252175,0.02374958965211104,9.3835312816472317e-16,-0.023749589652111103,0.023749589652111103,nan,nan,1.3637230450794235e-19,4,5.2328488741616274e-12,1.9008885820831821e-16,1536,1.01171875,2
689,17.225000000000001,1.0457946462029962e-14,4.0439873671971327e-14,1.8872245839409399e-15,0.40267756636413399,10.78438705988804,11.187064626252173,0.02360215987545625,8.8133788130020964e-16,-0.023602159875456323,0.023602159875456323,nan,nan,-8.4703294725430034e-21,4,5.299561672033199e-12,1.9060802560681598e-16,3072,1.0234375,2
690,17.25,1.0254134463088268e-14,4.1855408028368402e-14,1.8903569815860028e-15,0.4074441120771255,10.779620514175049,11.187064626252175,0.023455607380748186,8.2620564493801137e-16,-0.023455607380748273,0.023455607380748273,nan,nan,6.9456701674852628e-20,4,5.2187610662731513e-12,1.9357899119259357e-16,2048,1.015625,2
691,17.275000000000002,1.0194418119098745e-14,4.5630166312093934e-14,1.897331235983296e-15,0.41239215439529187,10.774672471856881,11.187064626252173,0.023310071062082851,7.7012867017728722e-16,-0.023310071062082931,0.023310071062082931,nan,nan,7.8774064094649932e-20,4,5.2040802114481186e-12,1.9164435153227371e-16,2560,1.01953125,2
692,17.300000000000001,1.0158397461154698e-14,5.057065877167588e-14,1.8961490911002859e-15,0.41751064146310846,10.769553984789066,11.187064626252175,0.023165706787003821,7.1225086106783558e-16,-0.023165706787003911,0.023165706787003911,nan,nan,1.0503208545953324e-19,4,5.2507991754001863e-12,1.807471679091587e-16,2560,1.01953125,2
693,17.324999999999999,1.0144221047488674e-14,5.3457238635701287e-14,1.8943634945952391e-15,0.42281872445380991,10.764245901798365,11.187064626252175,0.023022736768043985,6.5380216773468129e-16,-0.023022736768044075,0.023022736768044075,nan,nan,4.3198680309969317e-20,4,5.1824564293759725e-12,1.8804615486516008e-16,1536,1.01171875,2
694,17.350000000000001,1.0110945459652571e-14,5.3790305543088834e-14,1.8998032398328688e-15,0.4283251931015491,10.758739433150625,11.187064626252175,0.022881272074077856,5.9255773601074216e-16,-0.02288127207407796,0.02288127207407796,nan,nan,7.3691866411124129e-20,4,5.1562108599076648e-12,1.80957990555162e-16,2560,1.01953125,2
695,17.375,1.0186121892216462e-14,5.057065877167588e-14,1.9004260421898265e-15,0.43401897015624857,10.753045656095926,11.187064626252175,0.022741457687470039,5.3140821842851435e-16,-0.022741457687470143,0.022741457687470143,nan,nan,1.1011428314305904e-19,4,5.1966065677172018e-12,1.9112548232375014e-16,2048,1.015625,2
696,17.400000000000002,1.0255718650846867e-14,4.6806308828806209e-14,1.9073301582127798e-15,0.43990518174273641,10.747159444509437,11.187064626252173,0.022603501670212585,4.7027238920700192e-16,-0.022603501670212703,0.022603501670212703,nan,nan,7.7927031147395631e-20,4,5.1853355825211479e-12,1.7199362549425964e-16,2560,1.01953125,2
697,17.425000000000001,1.0146424774648014e-14,4.2993386628609187e-14,1.915542205731119e-15,0.44600628722991836,10.741058339022256,11.187064626252175,0.022467588046436497,4.0381138923819283e-16,-0.022467588046436622,0.022467588046436622,nan,nan,1.4230153513872246e-19,4,5.1192458396872938e-12,1.8973572588928227e-16,2560,1.01953125,2
698,17.449999999999999,1.0197724190715675e-14,3.998711084474138e-14,1.9223848394496388e-15,0.45230767791918453,10.73475694833299,11.187064626252175,0.022333732503625789,3.3528544321368424e-16,-0.022333732503625921,0.022333732503625921,nan,nan,8.0468129989158532e-20,4,5.1386648622696615e-12,1.8111271141782548e-16,2048,1.015625,2
699,17.475000000000001,1.0288613599607666e-14,4.2077452633293433e-14,1.9069013576459113e-15,0.45881469026603577,10.728249935986138,11.187064626252175,0.022202160261806676,2.7793336630854891e-16,-0.022202160261806832,0.022202160261806832,nan,nan,6.8609668727598327e-20,4,5.1566448365021121e-12,1.8526062832503056e-16,2048,1.015625,2
700,17.5,1.0409426575502315e-14,4.2132963784524691e-14,1.8894589414123868e-15,0.46554462447305495,10.721520001779119,11.187064626252173,0.022073103014530242,2.079346249708907e-16,-0.022073103014530401,0.022073103014530401,nan,nan,5.1669009782512321e-20,4,5.0553758537946533e-12,1.9336543854066936e-16,2048,1.015625,2
701,17.525000000000002,1.0503138278855274e-14,4.0745185003743245e-14,1.8563307224087937e-15,0.47248602140669521,10.71457860484548,11.187064626252175,0.021946615936153296,1.4558014148703055e-16,-0.021946615936153466,0.021946615936153466,nan,nan,-3.0493186101154812e-20,4,5.1104703736309256e-12,1.9066059059295444e-16,2048,1.015625,2
702,17.550000000000001,1.0660502226231342e-14,3.829228600871204e-14,1.8214057784902545e-15,0.47964891005242916,10.707415716199746,11.187064626252175,0.021822804089452329,8.3142585519418397e-17,-0.021822804089452502,0.021822804089452502,nan,nan,5.9292306307801024e-21,4,5.1012848822857857e-12,1.7652271241321089e-16,3584,1.02734375,2
703,17.574999999999999,1.0845355455029352e-14,4.1175396425785493e-14,1.7735517238872341e-15,0.48703748037808037,10.700027145874094,11.187064626252173,0.021701861278401978,1.7785721429519987e-17,-0.021701861278402151,0.021701861278402151,nan,nan,8.4703294725430034e-20,4,5.0471946901415879e-12,1.8114499542851012e-16,1024,1.0078125,2
704,17.600000000000001,1.0909810762138495e-14,4.3583192610441301e-14,1.7304278975573222e-15,0.49465513857893934,10.692409487673237,11.187064626252177,0.021583954629536963,-5.0203837414191267e-17,-0.021583954629537154,0.021583954629537154,nan,nan,1.3298417271892515e-19,4,5.0544804527573189e-12,1.868480919503867e-16,2560,1.01953125,2
705,17.625,1.0931530441316208e-14,4.3132164506687332e-14,1.7027132196317954e-15,0.50250348021695534,10.68456114603522,11.187064626252175,0.02146914442103829,-1.2152737496818547e-16,-0.021469144421038505,0.021469144421038505,nan,nan,2.464865876510014e-19,4,5.0195512885491799e-12,1.8232287287775023e-16,1536,1.01171875,2
706,17.650000000000002,1.0870719775077786e-14,4.3631764867768652e-14,1.6869099162242544e-15,0.51058237339128998,10.676482252860884,11.187064626252175,0.021357568327971758,-1.9538433282445264e-16,-0.021357568327971962,0.021357568327971962,nan,nan,3.2695471764015993e-19,4,5.0722164250386876e-12,1.8607792342417738e-16,3584,1.02734375,2
707,17.675000000000001,1.056379222284151e-14,4.4408920985006262e-14,1.6905150148366319e-15,0.51890468209773633,10.668159944154439,11.187064626252175,0.021249413384607063,-2.6311990010074547e-16,-0.021249413384607285,0.021249413384607285,nan,nan,2.8460307027744491e-19,4,5.0051188560623143e-12,1.823082820884727e-16,1536,1.01171875,2
708,17.699999999999999,1.0468832323617398e-14,4.5848741470067012e-14,1.7067353322247945e-15,0.52746415844555761,10.659600467806618,11.187064626252175,0.021144745555650747,-3.2852904269566108e-16,-0.02114474555565099,0.02114474555565099,nan,nan,3.3373098121819433e-19,4,4.9700559684167167e-12,1.8348066333710934e-16,2048,1.015625,2
709,17.725000000000001,1.0316401326869424e-14,4.8714504652380697e-14,1.7324481255979683e-15,0.53626941760039293,10.650795208651783,11.187064626252175,0.021043659528413545,-4.0289371938136305e-16,-0.021043659528413777,0.021043659528413777,nan,nan,2.6258021364883311e-19,4,5.0091564104123177e-12,1.8365266233886683e-16,2048,1.015625,2
710,17.75,1.0161602597519867e-14,4.7406523151494184e-14,1.7638177973322826e-15,0.54531730725643457,10.641747318995741,11.187064626252175,0.020946288083814931,-4.7355973897697815e-16,-0.020946288083815177,0.020946288083815177,nan,nan,3.2695471764015993e-19,4,4.994636903658527e-12,1.8315367561281563e-16,2048,1.015625,2
711,17.775000000000002,1.0246871607438825e-14,4.4606679461267618e-14,1.7973028837736401e-15,0.55461778266062922,10.632446843591547,11.187064626252177,0.020852794447009299,-5.4013614745762243e-16,-0.020852794447009562,0.020852794447009562,nan,nan,5.116079001415974e-19,4,4.96518798903041e-12,1.8021645529397633e-16,3072,1.0234375,2
712,17.800000000000001,1.0366634433639346e-14,4.2132963784524691e-14,1.8159399827359456e-15,0.56417544269376563,10.62288918355841,11.187064626252175,0.020763246953220196,-6.1009379450767401e-16,-0.020763246953220495,0.020763246953220495,nan,nan,3.1340219048409113e-19,4,4.9153541953774595e-12,1.756653424137798e-16,2048,1.015625,2
713,17.824999999999999,1.0506322845192272e-14,4.5852210917018965e-14,1.8147005218652439e-15,0.57397186875550021,10.613092757496675,11.187064626252175,0.020677647664825737,-6.8141164679629778e-16,-0.020677647664826007,0.020677647664826007,nan,nan,3.8116482626443515e-19,4,5.0234415287629047e-12,1.7967508914784468e-16,1536,1.01171875,2
714,17.850000000000001,1.0706126704153331e-14,4.8239190419963052e-14,1.7987601155935201e-15,0.58403579995483113,10.603028826297345,11.187064626252177,0.020596223027687047,-7.5197458588246954e-16,-0.020596223027687325,0.020596223027687325,nan,nan,3.8709405689521525e-19,4,4.9447372298208908e-12,1.8517996832975554e-16,3072,1.0234375,2
715,17.875,1.0908516013436018e-14,4.7628567756419216e-14,1.7696932543695607e-15,0.59436609058260548,10.592698535669571,11.187064626252177,0.020519045614747624,-8.1882756542368495e-16,-0.020519045614747912,0.020519045614747912,nan,nan,2.9307339974998792e-19,4,4.8537169021875121e-12,1.8189907977836285e-16,1536,1.01171875,2
716,17.900000000000002,1.1215476984503921e-14,4.7906123512575505e-14,1.7346801943230435e-15,0.60494479385886313,10.582119832393314,11.187064626252177,0.020446122461297699,-8.9147260751033545e-16,-0.020446122461297983,0.020446122461297983,nan,nan,2.1684043449710089e-19,4,4.9750372675006309e-12,1.8824009171542868e-16,2560,1.01953125,2
717,17.925000000000001,1.1353836292853749e-14,4.3676867678144049e-14,1.6995949022068348e-15,0.615784603773466,10.571280022478712,11.187064626252178,0.020377556068701789,-9.5821606820192936e-16,-0.020377556068702105,0.020377556068702105,nan,nan,2.7274460901588471e-19,4,4.9346356418835964e-12,1.8859070868096047e-16,2048,1.015625,2
718,17.949999999999999,1.1450761445548559e-14,4.2934406030425976e-14,1.6779111152058569e-15,0.62690436879120659,10.56016025746097,11.187064626252177,0.020313512620088084,-1.0284990167409831e-15,-0.020313512620088424,0.020313512620088424,nan,nan,1.1011428314305904e-19,4,4.8545355687606339e-12,1.8847234123330857e-16,2560,1.01953125,2
719,17.975000000000001,1.1582901213892081e-14,4.377401219279875e-14,1.6712224632540547e-15,0.6382910945688699,10.548773531683308,11.187064626252178,0.02025398952455864,-1.0978384787702633e-15,-0.02025398952455898,0.02025398952455898,nan,nan,7.2844833463869829e-20,4,4.8916433750153988e-12,1.860145043529713e-16,2048,1.015625,2
720,18,1.1738937178395778e-14,4.7052639562394916e-14,1.6863960455739956e-15,0.64992330737669113,10.537141318875486,11.187064626252177,0.020198970489161992,-1.1687381967604745e-15,-0.020198970489162353,0.020198970489162353,nan,nan,2.9137933385547932e-19,4,4.9804845189690863e-12,1.9007931952895195e-16,2560,1.01953125,2
721,18.025000000000002,1.1977391096562412e-14,4.4908521346087582e-14,1.7130436966089487e-15,0.66185018261093376,10.525214443641243,11.187064626252177,0.020148656035621548,-1.2384933099743284e-15,-0.020148656035621909,0.020148656035621909,nan,nan,1.1858461261560205e-19,4,4.8298439569074022e-12,1.9135593723488871e-16,1536,1.01171875,2
722,18.050000000000001,1.1906520770868239e-14,4.4582393332603942e-14,1.7560505310196776e-15,0.67405161354662368,10.513013012705553,11.187064626252177,0.020103075602960964,-1.3069005293555228e-15,-0.020103075602961332,0.020103075602961332,nan,nan,1.2705494208814505e-19,4,4.8355189381284729e-12,1.9156476970989495e-16,2048,1.015625,2
723,18.074999999999999,1.1732036008188599e-14,4.7649384438130937e-14,1.8069778443398331e-15,0.68650698892323658,10.500557637328942,11.187064626252178,0.02006219601994539,-1.3732850175435615e-15,-0.020062196019945779,0.020062196019945779,nan,nan,1.3721933745519665e-19,4,4.9344555799904326e-12,1.9356722544285755e-16,2048,1.015625,2
724,18.100000000000001,1.1656499428926542e-14,4.7559178817380143e-14,1.8605139303899087e-15,0.69924584153231084,10.487818784719867,11.187064626252177,0.020026124280950967,-1.4396898571902519e-15,-0.02002612428095138,0.02002612428095138,nan,nan,1.0503208545953324e-19,4,4.8520162171982922e-12,1.8935126475839338e-16,3584,1.02734375,2
725,18.125,1.1476258063146303e-14,4.3173797870110775e-14,1.9202017516657338e-15,0.71227149357479091,10.474793132677387,11.187064626252178,0.019994898568833623,-1.5036459541939948e-15,-0.019994898568834046,0.019994898568834046,nan,nan,8.3009228830921433e-20,4,4.7916950509431263e-12,1.9325325224695969e-16,1536,1.01171875,2
726,18.150000000000002,1.1453648570798585e-14,3.9648839766925903e-14,1.9704997884884475e-15,0.725564878533001,10.461499747719177,11.187064626252178,0.019968531777608975,-1.5722733802488736e-15,-0.019968531777609405,0.019968531777609405,nan,nan,-3.3881317890172014e-20,4,4.9074888677426916e-12,2.0400126039110462e-16,1536,1.01171875,2
727,18.175000000000001,1.14394390804741e-14,4.2126024890620783e-14,2.0126735614487381e-15,0.73912892491946058,10.447935701332717,11.187064626252178,0.01994703441085479,-1.6395265542965515e-15,-0.019947034410855224,0.019947034410855224,nan,nan,2.0159384144652348e-19,4,4.8971141814788803e-12,2.0351696708006484e-16,2560,1.01953125,2
728,18.199999999999999,1.1447109429882554e-14,4.3048897779840445e-14,2.0348641677788802e-15,0.75298488487974735,10.434079741372431,11.187064626252178,0.019930487612737455,-1.7010823824378949e-15,-0.01993048761273792,0.01993048761273792,nan,nan,2.7274460901588471e-19,4,4.8075579146588123e-12,1.9630429165165454e-16,2048,1.015625,2
729,18.225000000000001,1.151432021071559e-14,4.7017945092875379e-14,2.0595110766568848e-15,0.76711990029200083,10.419944725960177,11.187064626252177,0.019918855446826436,-1.7732995394487968e-15,-0.019918855446826894,0.019918855446826894,nan,nan,1.8973538018496328e-19,4,4.8116277049026721e-12,1.9912205144478329e-16,2048,1.015625,2
730,18.25,1.1506688791917113e-14,4.7163661864857431e-14,2.0738065939051059e-15,0.78152560614162037,10.405539020110558,11.187064626252178,0.019912166578219453,-1.8346906862580992e-15,-0.019912166578219908,0.019912166578219908,nan,nan,1.1519648082658485e-19,4,4.8279057992269155e-12,2.0491722257511893e-16,2560,1.01953125,2
731,18.275000000000002,1.1424976337856892e-14,4.5408121707168903e-14,2.0810625413363433e-15,0.79621375115512727,10.390850875097049,11.187064626252177,0.019910408738913858,-1.8979557591297742e-15,-0.019910408738914316,0.019910408738914316,nan,nan,-1.6940658945086007e-20,4,4.9127539058032672e-12,2.0298167787933332e-16,2048,1.015625,2
732,18.300000000000001,1.145172228221423e-14,4.7017945092875379e-14,2.0883699601309009e-15,0.81118733803077214,10.375877288221405,11.187064626252177,0.019913614649983691,-1.9588900513482549e-15,-0.01991361464998417,0.01991361464998417,nan,nan,-9.994988777600744e-20,4,4.7815365946164261e-12,2.0266573939544994e-16,1024,1.0078125,2
733,18.324999999999999,1.1488739580300944e-14,4.5987519348145156e-14,2.0987945742260899e-15,0.82644022322787125,10.360624403024305,11.187064626252177,0.019921737344949637,-2.0216329964065673e-15,-0.019921737344950119,0.019921737344950119,nan,nan,-2.6427427954334171e-19,4,4.8213608547150285e-12,2.1017077516989338e-16,3584,1.02734375,2
734,18.350000000000001,1.1643889215814222e-14,4.5963233219481481e-14,2.1018225159050884e-15,0.84197380458836601,10.345090821663812,11.187064626252177,0.01993480840814793,-2.0794618598069639e-15,-0.019934808408148416,0.019934808408148416,nan,nan,-2.473336205982557e-19,4,4.8010216212309271e-12,2.1035942549815544e-16,1024,1.0078125,2
735,18.375,1.1793352793897038e-14,4.9904524956900786e-14,2.1051758603700389e-15,0.85777514312737269,10.329289483124805,11.187064626252178,0.01995275022332502,-2.1446414276336613e-15,-0.019952750223325523,0.019952750223325523,nan,nan,-3.9132922163148676e-19,4,4.8903728590276415e-12,2.1368698138838442e-16,2560,1.01953125,2
736,18.400000000000002,1.2091958301002746e-14,4.9737991503207013e-14,2.1091807726082029e-15,0.87386821643845614,10.313196409813722,11.187064626252178,0.019975593376264186,-2.1972194043313898e-15,-0.019975593376264703,0.019975593376264703,nan,nan,-3.7777669447541795e-19,4,4.8231850773146947e-12,2.1460355173881199e-16,2048,1.015625,2
737,18.425000000000001,1.239126198748141e-14,4.7011006198971472e-14,2.1140052365176555e-15,0.89024780880391419,10.296816817448263,11.187064626252178,0.02000329871077813,-2.253735577087396e-15,-0.020003298710778657,0.020003298710778657,nan,nan,-3.8285889215894375e-19,4,4.6923216476870395e-12,2.1916890189377604e-16,3584,1.02734375,2
738,18.449999999999999,1.2621987493340336e-14,4.6476711368370616e-14,2.1141586644862037e-15,0.90689046730508449,10.280174158947093,11.187064626252177,0.020035811303917378,-2.3105803889866795e-15,-0.020035811303917905,0.020035811303917905,nan,nan,-3.6422416731934915e-19,4,4.9292639181719409e-12,2.2071700744871656e-16,1536,1.01171875,2
739,18.475000000000001,1.2939823182366957e-14,4.6879167214797235e-14,2.1097405958576004e-15,0.92380342134951376,10.263261204902664,11.187064626252177,0.020073073802446766,-2.3701781809918704e-15,-0.020073073802447286,0.020073073802447286,nan,nan,-3.4389537658524594e-19,4,4.8401220605604781e-12,2.1703000503465421e-16,1536,1.01171875,2
740,18.5,1.302635174129033e-14,4.5574655160862676e-14,2.1086011560671164e-15,0.94101193317707177,10.246052693075105,11.187064626252177,0.020115084781508225,-2.432848955388422e-15,-0.020115084781508766,0.020115084781508766,nan,nan,-1.9651164376299768e-19,4,4.7193086360237585e-12,2.2302004824813203e-16,1536,1.01171875,2
741,18.525000000000002,1.3250956354330569e-14,4.9127368839663177e-14,2.102220734985703e-15,0.95850658036594016,10.228558045886237,11.187064626252177,0.02016178092862439,-2.4809198029841142e-15,-0.020161780928624938,0.020161780928624938,nan,nan,-2.405573570202213e-19,4,4.7343328857918326e-12,2.1745561947818992e-16,3072,1.0234375,2
742,18.550000000000001,1.3059823775818835e-14,5.1514348342607263e-14,2.1009344803831935e-15,0.97623387608635381,10.210830750165822,11.187064626252177,0.020213049160447218,-2.5400840042662546e-15,-0.020213049160447763,0.020213049160447763,nan,nan,-1.1180834903756764e-19,4,4.9145199820257538e-12,2.3580638797787797e-16,3072,1.0234375,2
743,18.574999999999999,1.2904841652862438e-14,5.3235194030776256e-14,2.1158764316698507e-15,0.99425231164349748,10.192812314608679,11.187064626252177,0.020268926602272839,-2.5919759531787607e-15,-0.020268926602273384,0.020268926602273384,nan,nan,-3.1848438816761693e-19,4,4.8105405186654623e-12,2.2878014061875574e-16,1024,1.0078125,2
744,18.600000000000001,1.2911798982288372e-14,5.2902127123388709e-14,2.1369784915622339e-15,1.0125591252282782,10.174505501023898,11.187064626252177,0.020329287507657424,-2.6496638044952235e-15,-0.020329287507657976,0.020329287507657976,nan,nan,-3.9641141931501256e-19,4,4.6526623473977991e-12,2.2346773715523862e-16,1536,1.01171875,2
745,18.625,1.2801685246787545e-14,5.6846888307759968e-14,2.1699557034579069e-15,1.0311267833637181,10.155937842888457,11.187064626252175,0.020393996176518381,-2.7047500504696349e-15,-0.020393996176518908,0.020393996176518908,nan,nan,-1.9481757786848908e-19,4,4.821542787986959e-12,2.2732769433681505e-16,1024,1.0078125,2
746,18.650000000000002,1.2602008782546755e-14,5.5573601276392992e-14,2.2259427737510363e-15,1.0499356672868658,10.13712895896531,11.187064626252175,0.020462986422462665,-2.7545993347666861e-15,-0.020462986422463199,0.020462986422463199,nan,nan,-1.1858461261560205e-20,4,4.9001444299072521e-12,2.350869928549767e-16,4096,1.03125,2
747,18.675000000000001,1.2523572185290258e-14,5.127148705597051e-14,2.2799063495855355e-15,1.0690284403112362,10.118036185940939,11.187064626252175,0.020536338178844985,-2.8017236151335232e-15,-0.020536338178845516,0.020536338178845516,nan,nan,-7.6232965252887031e-20,4,4.7101101877510042e-12,2.3662615470459823e-16,2048,1.015625,2
748,18.699999999999999,1.2283944365213085e-14,5.4029697382773634e-14,2.3392151600872092e-15,1.0883979180764454,10.098666708175731,11.187064626252177,0.020613857271282364,-2.8443485157902075e-15,-0.020613857271282895,0.020613857271282895,nan,nan,6.4374503991326826e-20,4,4.7263156301807343e-12,2.3798213446138227e-16,1536,1.01171875,2
749,18.725000000000001,1.2239543273121263e-14,5.4130311344380289e-14,2.3884785907772686e-15,1.1080031853141326,10.079061440938043,11.187064626252175,0.020695321752917648,-2.8919370420925632e-15,-0.020695321752918192,0.020695321752918192,nan,nan,-7.7927031147395631e-20,4,4.8277046136509988e-12,2.3683073295757893e-16,1536,1.01171875,2
750,18.75,1.2145331580797548e-14,5.1778026310955738e-14,2.4240675431406249e-15,1.1278611238494536,10.059203502402722,11.187064626252177,0.02078067868943307,-2.9339136438880522e-15,-0.020780678689433601,0.020780678689433601,nan,nan,-1.0503208545953324e-19,4,4.8743123623141746e-12,2.5036207539977426e-16,3072,1.0234375,2
751,18.775000000000002,1.219752685728992e-14,4.9515946898281982e-14,2.4529407404012567e-15,1.1479986972807401,10.039065928971436,11.187064626252177,0.020869998609591756,-2.9767108053964563e-15,-0.020869998609592301,0.020869998609592301,nan,nan,-5.082197683525802e-20,4,4.6877893357732736e-12,2.4442677917116978e-16,1536,1.01171875,2
752,18.800000000000001,1.2248772989420378e-14,5.0293103015519591e-14,2.4636504680006364e-15,1.1683757501962393,10.018688876055936,11.187064626252175,0.02096306522903181,-3.0122387767613837e-15,-0.020963065229032334,0.020963065229032334,nan,nan,2.8799120206646212e-20,4,4.6973111352942039e-12,2.6023439960933758e-16,512,1.00390625,2
753,18.824999999999999,1.2456653721027189e-14,5.0431880893597736e-14,2.4716091310389575e-15,1.1889914041889444,9.9980732220632316,11.187064626252177,0.021059696308189657,-3.0598752188949609e-15,-0.021059696308190178,0.021059696308190178,nan,nan,3.3881317890172014e-20,4,4.7919472181359293e-12,2.5036451446216495e-16,3584,1.02734375,2
754,18.850000000000001,1.2666801755964086e-14,5.0626169922907138e-14,2.4696528473348453e-15,1.2098489896924802,9.9772156365596949,11.187064626252175,0.021159753590463612,-3.0991488416668983e-15,-0.021159753590464132,0.021159753590464132,nan,nan,3.8963515573697816e-20,4,4.7780135242988212e-12,2.4379620227960225e-16,2560,1.01953125,2
755,18.875,1.3084649240902102e-14,5.1895987507322161e-14,2.4609568594411096e-15,1.2309629324377183,9.9561016938144586,11.187064626252177,0.021263192795755045,-3.1378537470086746e-15,-0.021263192795755559,0.021263192795755559,nan,nan,1.2197274440461925e-19,4,4.6932156161009086e-12,2.551258963944684e-16,1536,1.01171875,2
756,18.900000000000002,1.3248706861008167e-14,5.4480725486527604e-14,2.4472725575629376e-15,1.2523109596242854,9.9347536666278913,11.187064626252177,0.021369927976242552,-3.1709650670036697e-15,-0.021369927976243062,0.021369927976243062,nan,nan,0,4,4.6855887760785104e-12,2.569668518200188e-16,2560,1.01953125,2
757,18.925000000000001,1.3318260893975727e-14,5.5209309346437863e-14,2.4493428807383146e-15,1.2738825176362913,9.9131821086158851,11.187064626252177,0.02147974024540469,-3.2016374879167873e-15,-0.021479740245405186,0.021479740245405186,nan,nan,3.3881317890172014e-21,4,4.6392731113769033e-12,2.5142393310151875e-16,1024,1.0078125,2
758,18.949999999999999,1.3390315148077008e-14,5.6121773894801663e-14,2.4572378284669136e-15,1.2956794833976168,9.8913851428545598,11.187064626252177,0.021592459146040719,-3.2369070712169163e-15,-0.021592459146041198,0.021592459146041198,nan,nan,-1.3213713977167085e-19,4,4.8441548649438487e-12,2.8571325898637277e-16,2048,1.015625,2
759,18.975000000000001,1.3393384440120181e-14,5.6687293747970102e-14,2.4872429548710256e-15,1.3177055342521977,9.8693590919999785,11.187064626252177,0.021707925260506692,-3.2669331719695658e-15,-0.021707925260507185,0.021707925260507185,nan,nan,6.9456701674852628e-20,4,4.6071555307846858e-12,2.4995425120761029e-16,2048,1.015625,2
760,19,1.3250665414508713e-14,5.3457238635701287e-14,2.5263783703577726e-15,1.3399586655514824,9.847105960700695,11.187064626252177,0.021826098905905918,-3.292081549477508e-15,-0.021826098905906401,0.021826098905906401,nan,nan,1.1689054672109345e-19,4,4.6225454493258092e-12,2.6066408009450828e-16,2560,1.01953125,2
761,19.025000000000002,1.2955495489059983e-14,5.9729998724833422e-14,2.57751681635295e-15,1.3624339137838339,9.824630712468343,11.187064626252177,0.021946847593118459,-3.3245659899198772e-15,-0.021946847593118921,0.021946847593118921,nan,nan,-1.4399560103323106e-19,4,4.5689547930071138e-12,2.4466971368536739e-16,1536,1.01171875,2
762,19.050000000000001,1.2737673373177054e-14,5.978550987606468e-14,2.6354882574788077e-15,1.3850835231747083,9.8019811030774679,11.187064626252177,0.02206985062078529,-3.3529809842061213e-15,-0.022069850620785734,0.022069850620785734,nan,nan,-1.6940658945086007e-19,4,4.7625151444980148e-12,2.5657697512916919e-16,2560,1.01953125,2
763,19.074999999999999,1.2519038066581307e-14,5.7454041524351851e-14,2.6764982943311827e-15,1.4079412797642539,9.779123346487923,11.187064626252177,0.022194989889689255,-3.3784493900703313e-15,-0.022194989889689685,0.022194989889689685,nan,nan,-2.541098841762901e-19,4,4.7263203151922598e-12,2.5962947976657841e-16,2048,1.015625,2
764,19.100000000000001,1.2481845393283506e-14,5.3790305543088834e-14,2.7191705941920004e-15,1.4310375755373839,9.7560270507147919,11.187064626252177,0.022322146099087826,-3.4013592337013861e-15,-0.022322146099088239,0.022322146099088239,nan,nan,-2.405573570202213e-19,4,4.4439565872279461e-12,2.5517217927937622e-16,2560,1.01953125,2
765,19.125,1.2527615871741385e-14,5.6177285046032921e-14,2.7490955486244728e-15,1.4543234768108761,9.7327411494412992,11.187064626252175,0.022451182096464802,-3.4239171368641493e-15,-0.022451182096465197,0.022451182096465197,nan,nan,-3.4558944247975454e-19,4,4.5199780696312315e-12,2.5889044086722736e-16,1024,1.0078125,2
766,19.150000000000002,1.263142636206521e-14,5.6343818499726694e-14,2.7857616252340482e-15,1.4777643158836771,9.7093003103684978,11.187064626252175,0.022581868490864829,-3.4439328263895771e-15,-0.022581868490865221,0.022581868490865221,nan,nan,-4.7603251635691679e-19,4,4.7138861020119706e-12,2.8825013756711025e-16,2048,1.015625,2
767,19.175000000000001,1.2768457971077278e-14,5.5622173533720343e-14,2.810844109053343e-15,1.5013631976825743,9.6857014285695993,11.187064626252173,0.022713984370850954,-3.4666978767109992e-15,-0.022713984370851321,0.022713984370851321,nan,nan,-2.405573570202213e-19,4,4.6482139522581953e-12,2.650014716952009e-16,1536,1.01171875,2
768,19.200000000000003,1.2935829324027753e-14,5.6515556123848398e-14,2.8400675005445792e-15,1.5251883116756468,9.6618763145765278,11.187064626252175,0.022847455837762907,-3.4801652159991929e-15,-0.022847455837763278,0.022847455837763278,nan,nan,-1.9481757786848908e-19,4,4.4668507343210239e-12,2.5940995032952728e-16,1536,1.01171875,2
769,19.225000000000001,1.3035108845575472e-14,5.3955104273306631e-14,2.8393110088865992e-15,1.5492022789055016,9.6378623473466725,11.187064626252173,0.022982020498893523,-3.4909793709639966e-15,-0.02298202049889389,0.02298202049889389,nan,nan,-1.0672615135404184e-19,4,4.3564812563783876e-12,2.6320411165965484e-16,3584,1.02734375,2
770,19.25,1.3117906458635187e-14,4.920196194913018e-14,2.8435562097178472e-15,1.5733270910888235,9.6137375351633505,11.187064626252173,0.023117456703790416,-3.5052695362195063e-15,-0.023117456703790777,0.023117456703790777,nan,nan,-7.1150767569361228e-20,4,4.5909498744276664e-12,2.9097945217061063e-16,1024,1.0078125,2
771,19.275000000000002,1.3145956514528549e-14,4.4797499043625066e-14,2.8530415147726606e-15,1.5975943874157335,9.5894702388364408,11.187064626252175,0.023253641558793326,-3.513622104537782e-15,-0.02325364155879368,0.02325364155879368,nan,nan,-6.9456701674852628e-20,4,4.7025502867003108e-12,2.7404184554268599e-16,2560,1.01953125,2
772,19.300000000000001,1.3251508599806392e-14,4.8072656966269278e-14,2.8683760366976446e-15,1.6220430950152718,9.5650215312369031,11.187064626252175,0.023390417129193621,-3.5279562568775183e-15,-0.023390417129193965,0.023390417129193965,nan,nan,-1.7279472123987727e-19,4,4.2718472121637008e-12,2.6355275227856902e-16,1536,1.01171875,2
773,19.325000000000003,1.3333848994403167e-14,5.2735593669694936e-14,2.8768943908519498e-15,1.6466448947769901,9.5404197314751844,11.187064626252175,0.023527542159077475,-3.5359272451223645e-15,-0.023527542159077812,0.023527542159077812,nan,nan,-4.1335207826009857e-19,4,4.3383680295459006e-12,2.6785582110690033e-16,2048,1.015625,2
774,19.350000000000001,1.3461778247049853e-14,5.6510351953420468e-14,2.8699130238289131e-15,1.6713639274132035,9.5157006988389696,11.187064626252173,0.023664733086583473,-3.5407900079734665e-15,-0.023664733086583793,0.023664733086583793,nan,nan,-2.574980159653073e-19,4,4.3963604497382918e-12,2.7457134939195104e-16,2048,1.015625,2
775,19.375,1.3636382436157069e-14,5.4956039718945249e-14,2.8655429742562449e-15,1.6961838041720694,9.4908808220801042,11.187064626252173,0.02380182565135789,-3.5430913209930906e-15,-0.023801825651358195,0.023801825651358195,nan,nan,-2.7105054312137611e-19,4,4.3635806094668517e-12,2.7770625274394854e-16,2560,1.01953125,2
776,19.400000000000002,1.3780677856224386e-14,5.2402526762307389e-14,2.8587940332915976e-15,1.7211400679001605,9.4659245583520111,11.187064626252171,0.02393871953172335,-3.5488765340926822e-15,-0.023938719531723655,0.023938719531723655,nan,nan,-3.4220131069073734e-19,4,4.3999238840810015e-12,2.7278039318887579e-16,0,1,1
777,19.425000000000001,1.3875422658307581e-14,4.8022349985465951e-14,2.8499458899138726e-15,1.7462258379141467,9.4408387883380254,11.187064626252171,0.024075176875338042,-3.5477056476983668e-15,-0.024075176875338326,0.024075176875338326,nan,nan,-3.9302328752599536e-19,4,4.1707509460742742e-12,2.73750968365086e-16,3072,1.0234375,2
778,19.450000000000003,1.3978422806040889e-14,4.7462034302725442e-14,2.8479555036329102e-15,1.771382318529868,9.4156823077223031,11.187064626252171,0.024210892809118284,-3.5505719142694328e-15,-0.024210892809118548,0.024210892809118548,nan,nan,-6.4374503991326826e-19,4,4.2443987525934068e-12,3.0144499794470373e-16,1536,1.01171875,2
779,19.475000000000001,1.4064075162179522e-14,4.6573855883025317e-14,2.8787484307996501e-15,1.7966494674547058,9.3904151587974649,11.187064626252171,0.024345725763902652,-3.5442754051542859e-15,-0.024345725763902901,0.024345725763902901,nan,nan,-3.2864878353466853e-19,4,4.1874606401045425e-12,2.7401180534262247e-16,2048,1.015625,2
780,19.5,1.411116793539858e-14,4.8988590961585032e-14,2.9077011842423414e-15,1.8219798263449964,9.3650847999071747,11.187064626252171,0.02447938812959382,-3.5393040154554648e-15,-0.024479388129594042,0.024479388129594042,nan,nan,6.7762635780344027e-21,4,4.3234535363945351e-12,2.8156274702642524e-16,2048,1.015625,2
781,19.525000000000002,1.4129163524078193e-14,5.09731146181025e-14,2.9284305806816275e-15,1.8473947273440201,9.3396698989081521,11.187064626252173,0.024611777485866827,-3.5322723133352381e-15,-0.024611777485867063,0.024611777485867063,nan,nan,-2.7105054312137611e-19,4,4.1533355900739995e-12,2.8610909251386063e-16,1536,1.01171875,2
782,19.550000000000001,1.4094830045306777e-14,5.1333937101105676e-14,2.9632671961514902e-15,1.8728793042203327,9.3141853220318378,11.18706462625217,0.024742662965537936,-3.5300875068875708e-15,-0.024742662965538155,0.024742662965538155,nan,nan,-7.1828393927164669e-19,4,4.0685228753387084e-12,2.7768494018961244e-16,3072,1.0234375,2
783,19.575000000000003,1.4034982782445038e-14,5.1514348342607263e-14,2.9858822314948673e-15,1.8984239868082049,9.2886406394439671,11.187064626252171,0.024871804141296389,-3.5216924251643258e-15,-0.024871804141296597,0.024871804141296597,nan,nan,-5.6242987697685543e-19,4,4.0092357771367182e-12,2.7661531161165496e-16,1024,1.0078125,2
784,19.600000000000001,1.3941040579798123e-14,5.0082550953622906e-14,3.006578421330146e-15,1.9239903699730336,9.2630742562791379,11.187064626252171,0.024998926742346092,-3.5053924236846233e-15,-0.02499892674234629,0.02499892674234629,nan,nan,-3.4558944247975454e-19,4,4.0799640688110725e-12,2.9299719728325908e-16,2048,1.015625,2
785,19.625,1.3855267641494998e-14,5.0458443846823631e-14,3.0238943209527136e-15,1.9495935590465148,9.2374710672056572,11.187064626252171,0.025123797571252798,-3.4933506194545715e-15,-0.025123797571252968,0.025123797571252968,nan,nan,-8.8091426514447235e-20,4,4.1959390760005007e-12,2.9108287735954224e-16,1024,1.0078125,2
786,19.650000000000002,1.3826148650764771e-14,4.8627768478581856e-14,3.0092869737643904e-15,1.9752273376460787,9.2118372886060929,11.187064626252171,0.025246268646964214,-3.4777310176326746e-15,-0.025246268646964384,0.025246268646964384,nan,nan,4.2012834183813297e-19,4,3.809097669149023e-12,2.8353929418646569e-16,2560,1.01953125,2
787,19.675000000000001,1.3726088917646778e-14,4.5852210917018965e-14,3.0129955913274796e-15,2.0009022826834788,9.186162343568693,11.187064626252171,0.02536620785954561,-3.4727992295484746e-15,-0.02536620785954577,0.02536620785954577,nan,nan,4.3706900078321897e-19,4,3.903592253096003e-12,2.9459979404319306e-16,1536,1.01171875,2
788,19.700000000000003,1.367879536468523e-14,4.9404924595819466e-14,3.0057250010785111e-15,2.0265778659561269,9.1604867602960454,11.187064626252173,0.025483301849825394,-3.4557232308676396e-15,-0.025483301849825529,0.025483301849825529,nan,nan,4.0657581468206416e-19,4,3.8005270362943762e-12,3.2333005751146403e-16,3072,1.0234375,2
789,19.725000000000001,1.3613036092632753e-14,5.4289905904170155e-14,2.9877156815110512e-15,2.052171735692538,9.1348928905596338,11.187064626252171,0.02559720079738572,-3.4361797422763471e-15,-0.025597200797385825,0.025597200797385825,nan,nan,1.1519648082658485e-19,4,3.9731027431568694e-12,3.003902675550005e-16,512,1.00390625,2
790,19.75,1.3580690614938874e-14,5.8286708792820718e-14,2.9803713292641933e-15,2.0777666565540449,9.1092979696981278,11.187064626252173,0.02570778183598945,-3.4085027937015641e-15,-0.025707781835989547,0.025707781835989547,nan,nan,4.3029273720518457e-19,4,3.9515719629544831e-12,3.0815799674121301e-16,1536,1.01171875,2
791,19.775000000000002,1.3562928540264634e-14,5.9285909514983359e-14,2.9734170301651885e-15,2.1033896056324703,9.0836750206197028,11.187064626252173,0.02581488539756286,-3.3876810400503866e-15,-0.025814885397562954,0.025814885397562954,nan,nan,3.8624702394796095e-19,4,3.4113891294201838e-12,3.2447779384502421e-16,2560,1.01953125,2
792,19.800000000000001,1.3568271052177453e-14,5.7953641885433171e-14,2.9756182184962516e-15,2.1289711162186915,9.0580935100334816,11.187064626252173,0.025918277498011462,-3.3651472389635318e-15,-0.025918277498011514,0.025918277498011514,nan,nan,2.9137933385547932e-19,4,3.6224855032128802e-12,3.0016327893456094e-16,1024,1.0078125,2
793,19.825000000000003,1.3575790878442864e-14,5.6399329650957952e-14,2.9713295230220001e-15,2.1544605381079052,9.0326040881442662,11.187064626252171,0.026017688114305063,-3.3347087109762918e-15,-0.026017688114305111,0.026017688114305111,nan,nan,4.1335207826009857e-19,4,3.7758394209629857e-12,3.3279726730855722e-16,2560,1.01953125,2
794,19.850000000000001,1.3614311456260613e-14,5.0293103015519591e-14,2.9651058468083715e-15,2.1798096445610184,9.0072549816911529,11.187064626252171,0.026112824679944135,-3.3126096924613983e-15,-0.02611282467994416,0.02611282467994416,nan,nan,-1.3891340334970526e-19,4,3.7905946484316686e-12,3.3664710874244378e-16,2560,1.01953125,2
795,19.875,1.36364430542894e-14,5.3334073268906934e-14,2.9719908601843472e-15,2.2051078971798641,8.9819567290723068,11.187064626252171,0.026203579632815666,-3.2879575763799882e-15,-0.026203579632815676,0.026203579632815676,nan,nan,2.3716922523120409e-20,4,3.481361874949779e-12,3.0613946113191909e-16,1024,1.0078125,2
796,19.900000000000002,1.3666517131951718e-14,5.5016755040604437e-14,2.9878635698735106e-15,2.2303741129088515,8.9566905133433199,11.187064626252171,0.026289756307267154,-3.2601311970047403e-15,-0.026289756307267157,0.026289756307267157,nan,nan,-3.0154372922253092e-19,4,3.4043004169323857e-12,3.2558642344408613e-16,512,1.00390625,2
797,19.925000000000001,1.3612211303344378e-14,5.3582138725971618e-14,2.9921830431835597e-15,2.2555302686895859,8.931534357562585,11.187064626252171,0.026371019810447337,-3.2282880494913593e-15,-0.026371019810447316,0.026371019810447316,nan,nan,-3.0493186101154812e-20,4,3.3025414400190943e-12,3.1543735112891921e-16,3072,1.0234375,2
798,19.950000000000003,1.3557098028560392e-14,5.3360094121046586e-14,2.998003521152878e-15,2.2804952381943968,8.9065693880577737,11.18706462625217,0.026447114369968015,-3.1936786902768788e-15,-0.026447114369967998,0.026447114369967998,nan,nan,3.5914196963582334e-19,4,3.5623858034659132e-12,3.6179270715615206e-16,2048,1.015625,2
799,19.975000000000001,1.3432496073463036e-14,4.9960036108132044e-14,3.0045189576472113e-15,2.3053054169886917,8.8817592092634783,11.18706462625217,0.026517951077642123,-3.1627057057498025e-15,-0.026517951077642057,0.026517951077642057,nan,nan,5.7598240413292423e-19,4,3.3858048896384509e-12,3.2956796516938399e-16,2560,1.01953125,2
800,20,1.3314897393406581e-14,5.0154325137441447e-14,2.9994024586726691e-15,2.3299513722097895,8.85711325404238,11.18706462625217,0.026583291136156401,-3.1323720846865075e-15,-0.026583291136156338,0.026583291136156338,nan,nan,7.589415207398531e-19,4,3.3237543599306461e-12,3.7480956889915545e-16,0,1,1
801,20.025000000000002,1.3213764036410169e-14,4.891920202254596e-14,2.9999043974002411e-15,2.3544565839108675,8.8326080423413007,11.187064626252168,0.026642932992757849,-3.0955322443862907e-15,-0.026642932992757787,0.026642932992757787,nan,nan,9.4190063734678198e-19,4,3.1362492019716452e-12,3.3638563100496839e-16,2048,1.015625,2
802,20.050000000000001,1.3142481598604241e-14,4.7961634663806763e-14,2.9911098646137574e-15,2.3787722156049349,8.8082924106472316,11.187064626252166,0.02669657402773621,-3.0567295001716458e-15,-0.026696574027736106,0.026696574027736106,nan,nan,1.5009423825346202e-18,4,3.2004353898648946e-12,3.4670495153610988e-16,2560,1.01953125,2
803,20.075000000000003,1.3148656433740255e-14,5.340172748447003e-14,2.961472920046233e-15,2.4028766586085633,8.7841879676436037,11.187064626252166,0.026743960367285338,-3.0271104500806546e-15,-0.026743960367285217,0.026743960367285217,nan,nan,1.429791614965259e-18,4,3.0510654658457619e-12,3.5580574129639196e-16,1024,1.0078125,2
804,20.100000000000001,1.3281726984067635e-14,5.6066262743570405e-14,2.9359817345808093e-15,2.4267252916919655,8.7603393345602001,11.187064626252166,0.026784929470349769,-2.9922642364701191e-15,-0.02678492947034964,0.02678492947034964,nan,nan,1.5754812818929986e-18,4,3.0682003055729674e-12,3.6886778693448694e-16,2048,1.015625,2
805,20.125,1.3450345280000443e-14,5.3845816694320092e-14,2.8966767092668806e-15,2.4502977758835849,8.7367668503685803,11.187064626252166,0.026819327757898241,-2.9433677249251386e-15,-0.026819327757898095,0.026819327757898095,nan,nan,1.6805133673525319e-18,4,3.497002734974753e-12,3.7613334994547521e-16,1536,1.01171875,2
806,20.150000000000002,1.3724913082814835e-14,5.1486592766991635e-14,2.8574744315288663e-15,2.4736139527019394,8.7134506735502253,11.187064626252164,0.02684694990664592,-2.9091007700559036e-15,-0.026846949906645746,0.026846949906645746,nan,nan,1.07742590890747e-18,4,2.8464159320091282e-12,3.6425170262140884e-16,2048,1.015625,2
807,20.175000000000001,1.4047152105471758e-14,5.084821452783217e-14,2.8071969204433072e-15,2.4966246252591699,8.6904400009929947,11.187064626252164,0.026867501115412529,-2.8602865050251947e-15,-0.026867501115412348,0.026867501115412348,nan,nan,1.2637731573034161e-18,4,2.8927483493030668e-12,3.8195852339668401e-16,1024,1.0078125,2
808,20.200000000000003,1.4217230043539668e-14,5.1698229031060805e-14,2.7578215540991505e-15,2.5193829741889897,8.667681652063175,11.187064626252164,0.026880868057001371,-2.8196857656807931e-15,-0.026880868057001198,0.026880868057001198,nan,nan,9.3512437376874757e-19,4,2.7901106370061119e-12,3.91824111135126e-16,2560,1.01953125,2
809,20.225000000000001,1.4417831386013827e-14,5.7620574978045624e-14,2.7176017000527743e-15,2.5417898411039963,8.6452747851481675,11.187064626252164,0.026886721287681214,-2.7670342015217367e-15,-0.026886721287681006,0.026886721287681006,nan,nan,9.3512437376874757e-19,4,2.6409889243928844e-12,3.9526687371850313e-16,1024,1.0078125,2
810,20.25,1.4620796849271965e-14,6.2727600891321345e-14,2.6889684307806211e-15,2.5637779275868318,8.6232866986653303,11.187064626252162,0.026884820862398122,-2.7238575430413922e-15,-0.0268848208623979,0.0268848208623979,nan,nan,1.6737371037744975e-18,4,2.9428098142156105e-12,3.9858719577732919e-16,2560,1.01953125,2
811,20.275000000000002,1.4716490169862472e-14,6.3837823915946501e-14,2.6752007477877023e-15,2.5853631098632444,8.6017015163889177,11.187064626252162,0.026875080587914706,-2.6754100746661203e-15,-0.026875080587914466,0.026875080587914466,nan,nan,1.2705494208814505e-18,4,3.1274339901170246e-12,4.1436666281130322e-16,1536,1.01171875,2
812,20.300000000000001,1.4731710117954189e-14,6.3504757008558954e-14,2.6815987293851869e-15,2.606577652237847,8.580486974014315,11.187064626252162,0.026857338267030191,-2.6304045924279682e-15,-0.026857338267029938,0.026857338267029938,nan,nan,1.026603932072212e-18,4,2.4308421520351214e-12,4.1151682064068335e-16,1536,1.01171875,2
813,20.325000000000003,1.4667166781173214e-14,6.0063065632220969e-14,2.6863807429443933e-15,2.6273898888265252,8.5596747374256381,11.187064626252162,0.026831379781256881,-2.5827718259087315e-15,-0.026831379781256617,0.026831379781256617,nan,nan,1.0909784360635388e-18,4,2.3782737800239149e-12,4.2539497918343912e-16,1536,1.01171875,2
814,20.350000000000001,1.4631483284943256e-14,5.6524229741228282e-14,2.6955270655313865e-15,2.6477380922045222,8.5393265340476407,11.187064626252162,0.026796980127019747,-2.5363018991961672e-15,-0.026796980127019455,0.026796980127019455,nan,nan,1.8024861117571511e-18,4,2.6333658375306761e-12,4.5005742627628941e-16,512,1.00390625,2
815,20.375,1.4536320227086341e-14,6.1090021929999239e-14,2.7085261189829514e-15,2.66756949875781,8.5194951274943538,11.187064626252164,0.026753903511526178,-2.4782187700520937e-15,-0.026753903511525894,0.026753903511525894,nan,nan,1.7448878713438587e-18,4,2.5120190991244474e-12,4.73062151612576e-16,2560,1.01953125,2
816,20.400000000000002,1.4443381578305018e-14,6.0118576783452227e-14,2.7196948756951183e-15,2.6867671492746505,8.5002974769775133,11.187064626252164,0.026701817426559353,-2.4361453410507706e-15,-0.026701817426559048,0.026701817426559048,nan,nan,1.599198204416119e-18,4,2.6145440078814651e-12,4.5965577021370373e-16,2048,1.015625,2
817,20.425000000000001,1.4415560725304598e-14,5.7474858206063573e-14,2.7167743394965645e-15,2.7054758816469309,8.4815887446052329,11.187064626252164,0.026640717203083725,-2.3785241349690328e-15,-0.026640717203083392,0.026640717203083392,nan,nan,2.2158381900172497e-18,4,2.4047840275475681e-12,4.7368182595899533e-16,2560,1.01953125,2
818,20.450000000000003,1.4341211652813554e-14,5.3734794391857577e-14,2.6957916516831271e-15,2.7236844885665019,8.4633801376856628,11.187064626252164,0.02657053581288385,-2.3354173809034663e-15,-0.026570535812883492,0.026570535812883492,nan,nan,2.7816561987831223e-18,4,2.0674611818584138e-12,4.7097037703023991e-16,1536,1.01171875,2
819,20.475000000000001,1.4240439942339169e-14,5.9285909514983359e-14,2.6665407281194045e-15,2.7412544906720657,8.4458101355800981,11.187064626252164,0.026490983965591589,-2.2766606302694446e-15,-0.026490983965591214,0.026490983965591214,nan,nan,2.5139937874507634e-18,4,2.1188185838340382e-12,4.9582198509222856e-16,512,1.00390625,2
820,20.5,1.4218569942593551e-14,6.5510097346788143e-14,2.6265205795519434e-15,2.7581421913443802,8.4289224349077863,11.187064626252166,0.026401848821990079,-2.2145950677558633e-15,-0.026401848821989694,0.026401848821989694,nan,nan,2.7647155398380363e-18,4,2.3709195350743598e-12,5.2649495977624522e-16,1024,1.0078125,2
821,20.525000000000002,1.4229376027569438e-14,6.8965666510933943e-14,2.5803640909903384e-15,2.774281891196638,8.4127827350555293,11.187064626252168,0.026302907672798678,-2.1610965254467652e-15,-0.026302907672798297,0.026302907672798297,nan,nan,3.2051726724102725e-18,4,2.4087561339195064e-12,5.456692618927105e-16,3072,1.0234375,2
822,20.550000000000001,1.4258418858870375e-14,6.8826888632855798e-14,2.5494891343548996e-15,2.7896603079787776,8.3974043182733915,11.18706462625217,0.026193998756088813,-2.1092522551065626e-15,-0.026193998756088424,0.026193998756088424,nan,nan,3.0256016875923608e-18,4,1.9775973125495953e-12,5.2464268333613003e-16,2048,1.015625,2
823,20.575000000000003,1.43523725111368e-14,6.6065208859100721e-14,2.512054758843536e-15,2.804300747302269,8.3827638789499002,11.18706462625217,0.026075024118638504,-2.0526310877107787e-15,-0.026075024118638105,0.026075024118638105,nan,nan,3.1272456412628769e-18,4,1.9906270067875701e-12,5.4654413432020429e-16,1024,1.0078125,2
824,20.600000000000001,1.4424996425703404e-14,5.900835375882707e-14,2.4910543096205245e-15,2.8181954819446791,8.3688691443074905,11.18706462625217,0.025945858324814733,-2.004346893829861e-15,-0.025945858324814303,0.025945858324814303,nan,nan,3.1407981684189457e-18,4,2.075110555727392e-12,5.7227168983607019e-16,1024,1.0078125,2
825,20.625,1.4317753610220652e-14,5.2846615972157451e-14,2.4840669968985735e-15,2.8312742587307445,8.3557903675214256,11.18706462625217,0.025806323004055068,-1.9530121228809924e-15,-0.025806323004054658,0.025806323004054658,nan,nan,3.2153370677773241e-18,4,1.8409672646740419e-12,5.8470176154483893e-16,2560,1.01953125,2
826,20.650000000000002,1.4139834099153715e-14,5.0959236830294685e-14,2.493630464932992e-15,2.8433695355043245,8.3436950907478451,11.18706462625217,0.02565615409210012,-1.898952305323232e-15,-0.025656154092099696,0.025656154092099696,nan,nan,2.7918205941501739e-18,4,1.9612651060326413e-12,6.0927164735018796e-16,2048,1.015625,2
827,20.675000000000001,1.3985450381293368e-14,5.084821452783217e-14,2.5054984066617115e-15,2.8545258389380659,8.3325387873141032,11.18706462625217,0.025495324690983583,-1.8422169073842973e-15,-0.025495324690983149,0.025495324690983149,nan,nan,2.8731357570865868e-18,4,1.8496910813138464e-12,6.400944213985223e-16,1024,1.0078125,2
828,20.700000000000003,1.401268553917264e-14,5.4491133827383464e-14,2.5158302922687948e-15,2.8647101937677277,8.3223544324844436,11.187064626252171,0.025323733647197602,-1.7841847853178041e-15,-0.025323733647197151,0.025323733647197151,nan,nan,3.2763234399796337e-18,4,1.6881932484698451e-12,6.5335912305796387e-16,1536,1.01171875,2
829,20.725000000000001,1.3964703724004585e-14,5.6843418860808015e-14,2.516294182619453e-15,2.8737888639189442,8.3132757623332285,11.187064626252173,0.025141119926978213,-1.7347352241388555e-15,-0.025141119926977762,0.025141119926977762,nan,nan,3.2898759671357025e-18,4,1.7645882759770932e-12,6.4818337443445773e-16,1536,1.01171875,2
830,20.75,1.4097362061509797e-14,5.7287508070658077e-14,2.5019282906136454e-15,2.8818075689729445,8.3052570572792277,11.187064626252173,0.024947413110478309,-1.6812650990353912e-15,-0.02494741311047783,0.02494741311047783,nan,nan,2.9883322379131716e-18,4,1.755713598952374e-12,6.7033736047403169e-16,1024,1.0078125,2
831,20.775000000000002,1.4197847236593334e-14,5.6510351953420468e-14,2.4727451645325438e-15,2.8886943921024995,8.2983702341496723,11.187064626252171,0.024742465151536455,-1.6228782899085939e-15,-0.024742465151535976,0.024742465151535976,nan,nan,3.096752455161722e-18,4,2.0195998576659059e-12,6.9638598548092441e-16,2560,1.01953125,2
832,20.800000000000001,1.4421728762329305e-14,5.9646731997986535e-14,2.4290124097994908e-15,2.8944355080639217,8.2926291181882501,11.187064626252171,0.024526231461176336,-1.5630797933893655e-15,-0.024526231461175815,0.024526231461175815,nan,nan,2.8968526796097072e-18,4,1.399065784559897e-12,7.1273822813331572e-16,1536,1.01171875,2
833,20.825000000000003,1.4721661881446279e-14,5.9979798905374082e-14,2.3732398567405103e-15,2.8989631705617032,8.2881014556904677,11.187064626252171,0.02429863277830855,-1.5079699703248505e-15,-0.024298632778308019,0.024298632778308019,nan,nan,2.876523888875604e-18,4,1.2932268825447513e-12,7.2796018286067161e-16,2048,1.015625,2
834,20.850000000000001,1.4952881059474004e-14,5.8175686490358203e-14,2.3182917084026605e-15,2.9021629247507077,8.2849017015014628,11.18706462625217,0.024059531010075311,-1.4521625509975137e-15,-0.024059531010074766,0.024059531010074766,nan,nan,2.995108501491206e-18,4,1.5148860421033849e-12,7.6350849874255003e-16,512,1.00390625,2
835,20.875,1.4979529607916714e-14,5.7953641885433171e-14,2.266750649334789e-15,2.9039847810968733,8.2830798451552958,11.18706462625217,0.023808842652001672,-1.3983623958337984e-15,-0.023808842652001127,0.023808842652001127,nan,nan,3.2119489359883069e-18,4,1.6550055727737483e-12,7.8365503630603043e-16,1536,1.01171875,2
836,20.900000000000002,1.4882032715271563e-14,5.6413207438765767e-14,2.2361785022178263e-15,2.9043064217975036,8.2827582044546642,11.187064626252168,0.023546424610078838,-1.332909770654184e-15,-0.023546424610078248,0.023546424610078248,nan,nan,2.9239577339218448e-18,4,1.3881700905299943e-12,7.6263547276424654e-16,1536,1.01171875,2
837,20.925000000000001,1.4758580071136708e-14,5.9605098634563092e-14,2.2214780061965863e-15,2.9031068109803435,8.2839578152718243,11.187064626252168,0.023272241627426353,-1.284361720682891e-15,-0.02327224162742576,0.02327224162742576,nan,nan,2.8866882842426556e-18,4,1.7325014168733689e-12,7.9578657095772229e-16,2048,1.015625,2
838,20.950000000000003,1.4446812950158711e-14,6.0978999627536723e-14,2.2299405309718013e-15,2.9004782078903246,8.2865864183618427,11.187064626252168,0.022986386079144619,-1.2433513721432342e-15,-0.022986386079143994,0.022986386079143994,nan,nan,2.9510627882339824e-18,4,1.6236162360525722e-12,8.0430789317828561e-16,2048,1.015625,2
839,20.975000000000001,1.4262156412851346e-14,5.9507954119908391e-14,2.2452939397804067e-15,2.8963531960049251,8.2907114302472404,11.187064626252166,0.022688806739134051,-1.1924257004487683e-15,-0.022688806739133458,0.022688806739133458,nan,nan,3.0188254240143264e-18,4,1.5892633465922634e-12,8.2160473322516444e-16,1536,1.01171875,2
840,21,1.4100971586017404e-14,6.4059868520871532e-14,2.2628064500156337e-15,2.8905734719901388,8.296491154262025,11.187064626252164,0.022379407563496219,-1.1356003902543213e-15,-0.022379407563495601,0.022379407563495601,nan,nan,3.1306337730518941e-18,4,1.6660915917629413e-12,8.3905262530822158e-16,512,1.00390625,2
841,21.025000000000002,1.3872963936727276e-14,6.4392935428259079e-14,2.2772264392069983e-15,2.8830610185835877,8.3040036076685748,11.187064626252162,0.022058177975584584,-1.0868526835156125e-15,-0.022058177975583973,0.022058177975583973,nan,nan,3.4897757426877174e-18,4,1.7729905761635103e-12,8.4199397814442489e-16,1024,1.0078125,2
842,21.050000000000001,1.3893535089011809e-14,6.0951244051921094e-14,2.2875249450931073e-15,2.8737165962365134,8.3133480300156481,11.187064626252162,0.02172507570984912,-1.0411045923956178e-15,-0.021725075709848479,0.021725075709848479,nan,nan,3.8421414487455063e-18,4,2.0527688739303942e-12,8.6850018136954702e-16,1536,1.01171875,2
843,21.075000000000003,1.406423407026613e-14,5.517808432387028e-14,2.2872106142680813e-15,2.8624939938874183,8.3245706323647415,11.187064626252159,0.02138010103664946,-9.9439821793558481e-16,-0.021380101036648835,0.021380101036648835,nan,nan,3.449118161219511e-18,4,1.8596893706700554e-12,8.5959432110411185e-16,3072,1.0234375,2
844,21.100000000000001,1.4405829945626356e-14,5.4456439357863928e-14,2.2792548955649459e-15,2.8494136339727536,8.3376509922794053,11.187064626252159,0.021023419795309778,-9.3304229639988895e-16,-0.02102341979530914,0.02102341979530914,nan,nan,3.5372095877339582e-18,4,1.8630943259962534e-12,8.4266344159307604e-16,1536,1.01171875,2
845,21.125,1.4615778256563433e-14,5.583034035083756e-14,2.2598150475039177e-15,2.8344594350260341,8.3526051912261234,11.187064626252157,0.020655160554607949,-8.9912735442056131e-16,-0.020655160554607269,0.020655160554607269,nan,nan,3.3373098121819433e-18,4,2.5609481567733285e-12,8.6890828386926183e-16,512,1.00390625,2
846,21.150000000000002,1.4908873513208435e-14,5.6524229741228282e-14,2.2398810840121058e-15,2.817613692075549,8.3694509341766103,11.187064626252159,0.020275437482125569,-8.4397885399969042e-16,-0.020275437482124903,0.020275437482124903,nan,nan,3.7913194719102483e-18,4,2.6842649676940538e-12,8.6283128898922111e-16,1536,1.01171875,2
847,21.175000000000001,1.5064155435162343e-14,5.6302185136303251e-14,2.2257688837346471e-15,2.7988108298189824,8.388253796433176,11.187064626252159,0.019884319089006591,-7.9500782715851619e-16,-0.019884319089005901,0.019884319089005901,nan,nan,3.4863876108987002e-18,4,2.6745799895293892e-12,8.4664590751960853e-16,2048,1.015625,2
848,21.200000000000003,1.5148306425949803e-14,5.5705440260567229e-14,2.2132365135998077e-15,2.7778560981074776,8.4092085281446796,11.187064626252157,0.019481775617145987,-7.5227259048001537e-16,-0.019481775617145283,0.019481775617145283,nan,nan,3.4287893704854078e-18,4,3.0434157272487861e-12,8.5985042879225246e-16,1536,1.01171875,2
849,21.225000000000001,1.5008821272030212e-14,5.8841820305133297e-14,2.2047310789100065e-15,2.7547219387787245,8.4323426874734349,11.187064626252159,0.019067999641879649,-7.1066440034892737e-16,-0.019067999641878945,0.019067999641878945,nan,nan,3.7303330997079387e-18,4,3.2489568615179437e-12,8.3941239397090347e-16,1024,1.0078125,2
850,21.25,1.4769810143840894e-14,5.8952842607595812e-14,2.1994480056651918e-15,2.7295056522297347,8.4575589740224242,11.187064626252159,0.018643303261836316,-6.6495461080713393e-16,-0.018643303261835602,0.018643303261835602,nan,nan,3.4050724479622874e-18,4,3.4030293141464209e-12,8.3598325536397848e-16,512,1.00390625,2
851,21.275000000000002,1.4472940424162565e-14,5.5067062021407764e-14,2.1967895340979052e-15,2.7022323736753933,8.4848322525767657,11.187064626252159,0.018207917707660275,-6.2201637100381255e-16,-0.018207917707659567,0.018207917707659567,nan,nan,2.8053731213062427e-18,4,3.8091551425933548e-12,8.3011657294830403e-16,2048,1.015625,2
852,21.300000000000001,1.4287215440465707e-14,5.5511151231257827e-14,2.1979041464213583e-15,2.6728389601908074,8.5142256660613516,11.187064626252159,0.017762061220000819,-5.7335306420941541e-16,-0.017762061220000104,0.017762061220000104,nan,nan,2.3683041205230237e-18,4,4.5686555130756085e-12,8.1425454178692184e-16,6656,1.05078125,2
853,21.325000000000003,1.4134806081853119e-14,5.9063864910058328e-14,2.2025409413149979e-15,2.6416207426549856,8.5454438835971747,11.187064626252161,0.017306418275830918,-5.2656845861512478e-16,-0.017306418275830203,0.017306418275830203,nan,nan,2.3547515933669549e-18,4,8.1690593370672613e-12,9.6354288568130637e-16,2560,1.01953125,2
854,21.350000000000001,1.4122717559739328e-14,5.9174887212520844e-14,2.216322147562965e-15,2.6088100320231931,8.5782545942289676,11.187064626252161,0.016841709213847922,-4.8664401101479819e-16,-0.016841709213847207,0.016841709213847207,nan,nan,1.8058742435461683e-18,5,2.0964937965693717e-15,1.3552978970033465e-17,1536,1.01171875,2
855,21.375,1.4033884227460475e-14,5.6177285046032921e-14,2.2406866476415397e-15,2.5745773745883791,8.6124872516637829,11.187064626252162,0.016368684387361568,-4.4436079990320898e-16,-0.016368684387360853,0.016368684387360853,nan,nan,1.6534083130403943e-18,5,2.4521340448978697e-15,2.1525329466405385e-17,4608,1.03515625,2
856,21.400000000000002,1.4066553866998833e-14,5.0404125317982107e-14,2.2708415888891633e-15,2.5389196840176007,8.6481449422345609,11.187064626252162,0.015887957204788056,-4.0664430694175809e-16,-0.015887957204787355,0.015887957204787355,nan,nan,1.2061749168901237e-18,5,2.5774914650963425e-15,1.4629803991074193e-17,2560,1.01953125,2
857,21.425000000000001,1.4251990868210714e-14,5.2513549064769904e-14,2.3108231477477159e-15,2.5020231580057022,8.6850414682464603,11.187064626252162,0.015400337463312382,-3.5301636285776324e-16,-0.015400337463311676,0.015400337463311676,nan,nan,1.060485249962384e-18,5,2.7946693730838523e-15,1.7289674997184512e-17,1536,1.01171875,2
858,21.450000000000003,1.4430724648831481e-14,5.3623772089395061e-14,2.3575267522310711e-15,2.4640569886245722,8.7230076376275925,11.187064626252164,0.014906670558076922,-3.1419345834025386e-16,-0.014906670558076209,0.014906670558076209,nan,nan,8.1992789294216273e-19,5,2.8134153694714406e-15,1.6173776123011773e-17,1536,1.01171875,2
859,21.475000000000001,1.4592073042666751e-14,5.262457136723242e-14,2.3866729225798848e-15,2.4250975930840708,8.7619670331680926,11.187064626252162,0.014407696086535221,-2.6433725862170457e-16,-0.014407696086534517,0.014407696086534517,nan,nan,3.6591823321385775e-19,5,2.9394023370836948e-15,1.8516286646388732e-17,2048,1.015625,2
860,21.5,1.4782048873276363e-14,5.5844218138645374e-14,2.4115680411878646e-15,2.3851527073111005,8.8019119189410642,11.187064626252164,0.013904120329925627,-2.3358051427166489e-16,-0.013904120329924913,0.013904120329924913,nan,nan,4.0996394647108136e-19,5,2.7439299611406207e-15,1.5375515905179956e-17,3072,1.0234375,2
861,21.525000000000002,1.4891347034378142e-14,5.5122573172639022e-14,2.4309406811663773e-15,2.344126510847107,8.8429381154050581,11.187064626252166,0.01339666920995692,-1.889227413506569e-16,-0.013396669209956226,0.013396669209956226,nan,nan,5.1499603193061461e-19,5,2.8163840329423678e-15,1.7370330427580836e-17,1536,1.01171875,2
862,21.550000000000001,1.4978243134597524e-14,6.1506355564233672e-14,2.4464697167734545e-15,2.3020943516531123,8.8849702745990538,11.187064626252166,0.01288625965742287,-1.4670863174882635e-16,-0.012886259657422194,0.012886259657422194,nan,nan,1.6940658945086007e-19,5,2.6009397503458138e-15,2.0427889739460657e-17,1536,1.01171875,2
863,21.575000000000003,1.4979506561443758e-14,6.4726002335646626e-14,2.4586137399988246e-15,2.2590861772179522,8.9279784490342138,11.187064626252166,0.012373726272139694,-1.0697145942619991e-16,-0.012373726272139011,0.012373726272139011,nan,nan,1.3552527156068805e-20,5,2.4349937216457069e-15,2.0682407838715785e-17,2048,1.015625,2
864,21.600000000000001,1.5026587014198246e-14,6.4503957730721595e-14,2.4704401308638409e-15,2.2152706449431157,8.9717939813090499,11.187064626252166,0.011860012688495118,-6.1078343171948269e-17,-0.011860012688494452,0.011860012688494452,nan,nan,1.0164395367051604e-19,5,2.5205363436363589e-15,1.8248647454814205e-17,3584,1.02734375,2
865,21.625,1.5030261593162138e-14,5.8730798002670781e-14,2.4765910308594901e-15,2.1706667707690666,9.016397855483099,11.187064626252166,0.011345914623310763,-2.4997545540417506e-17,-0.011345914623310093,0.011345914623310093,nan,nan,-1.8973538018496328e-19,5,2.3340916331494882e-15,1.8947783548475301e-17,2048,1.015625,2
866,21.650000000000002,1.4999512829887231e-14,5.3068660577082483e-14,2.4964398930379893e-15,2.1251563592374723,9.0619082670146938,11.187064626252166,0.010832190731614885,1.6345393216484298e-17,-0.010832190731614228,0.010832190731614228,nan,nan,-3.4220131069073734e-19,5,2.1615441753727443e-15,1.8975374279446523e-17,1024,1.0078125,2
867,21.675000000000001,1.490891248785921e-14,5.4845017416482733e-14,2.5239250239043129e-15,2.0787696589721767,9.1082949672799884,11.187064626252166,0.010319741265523819,5.1638937228414893e-17,-0.010319741265523156,0.010319741265523156,nan,nan,-1.0367683274392636e-18,5,2.0404521864947418e-15,1.9258089185925787e-17,1024,1.0078125,2
868,21.700000000000003,1.4844135592552863e-14,5.4511950509095186e-14,2.5617806014584345e-15,2.03151836669698,9.1555462595551838,11.187064626252164,0.0098093987258642268,9.696885304669923e-17,-0.0098093987258635797,0.0098093987258635797,nan,nan,-6.3696877633523385e-19,5,1.8733627051725294e-15,1.6409986984921845e-17,1536,1.01171875,2
869,21.725000000000001,1.4780847886369294e-14,5.7370774797504964e-14,2.6034823495084298e-15,1.9833634427287579,9.203701183523405,11.187064626252162,0.0093018829369789224,1.3632140426376594e-16,-0.0093018829369782979,0.0093018829369782979,nan,nan,-4.3368086899420177e-19,4,9.8933111464976052e-12,9.6506184983391974e-16,4096,1.03125,2
870,21.75,1.4700585247600891e-14,5.8605897912400451e-14,2.6458668605636935e-15,1.934119912060247,9.2529447141919157,11.187064626252162,0.0087979103137848756,1.6828072570461836e-16,-0.008797910313784265,0.008797910313784265,nan,nan,-5.6920614055488983e-19,4,9.3819482837246409e-12,8.9175525353516042e-16,0,1,1
871,21.775000000000002,1.4694846174213377e-14,5.7218119131619005e-14,2.6895900701289728e-15,1.8836985849116221,9.3033660413405386,11.187064626252161,0.0082982405054136676,2.0794928144923243e-16,-0.0082982405054130536,0.0082982405054130536,nan,nan,4.7433845046240819e-20,4,8.6968624349352392e-12,8.2818761829104081e-16,1536,1.01171875,2
872,21.800000000000001,1.4722934199471871e-14,5.1070259132757201e-14,2.7265709184582182e-15,1.8321290046527319,9.3549356215994308,11.187064626252162,0.007803683300320996,2.3948552840360594e-16,-0.0078036833003203923,0.0078036833003203923,nan,nan,8.1315162936412833e-20,4,7.8531536962054128e-12,7.4584677664245087e-16,2048,1.015625,2
873,21.825000000000003,1.4749136394955557e-14,4.8787363038371723e-14,2.7565060462374638e-15,1.7795949689620107,9.4074696572901502,11.187064626252161,0.0073150772293069793,2.7684170435458681e-16,-0.0073150772293063869,0.0073150772293063869,nan,nan,2.541098841762901e-19,4,7.657651303154478e-12,7.5311139287536356e-16,3072,1.0234375,2
874,21.850000000000001,1.480404056186065e-14,4.965819422331208e-14,2.7779376734938298e-15,1.7261582015367765,9.4609064247153842,11.187064626252161,0.0068333350012923823,3.0976379279355727e-16,-0.0068333350012918011,0.0068333350012918011,nan,nan,4.2690460541616737e-19,4,7.1368455014815787e-12,6.8937482508869313e-16,1536,1.01171875,2
875,21.875,1.4848668082389189e-14,4.7621628862515308e-14,2.8102473159283989e-15,1.671652253539222,9.5154123727129392,11.187064626252161,0.0063591421957694232,3.4341188248557795e-16,-0.0063591421957688611,0.0063591421957688611,nan,nan,3.3542504711270293e-19,4,6.5992257027688561e-12,6.4110042954734306e-16,1536,1.01171875,2
876,21.900000000000002,1.4944579974708784e-14,5.4019289041917773e-14,2.8450069223325527e-15,1.6159548464792006,9.571109779772959,11.187064626252159,0.0058930927469403732,3.652328910565181e-16,-0.0058930927469398042,0.0058930927469398042,nan,nan,5.04831636563563e-19,4,6.0299127909057361e-12,5.9368061196810768e-16,512,1.00390625,2
877,21.925000000000001,1.5043612563698213e-14,5.7884252946394099e-14,2.8615056911647127e-15,1.5590834412961123,9.6279811849560488,11.187064626252161,0.0054358782441996899,3.9370904447567622e-16,-0.0054358782441991504,0.0054358782441991504,nan,nan,7.7927031147395631e-20,4,5.3870785636679864e-12,5.2227049444262778e-16,1536,1.01171875,2
878,21.950000000000003,1.511223683125275e-14,5.9827143239488123e-14,2.8693364293809249e-15,1.5010743852598065,9.6859902409923535,11.187064626252161,0.0049882665592023163,4.1650775332575879e-16,-0.0049882665592017776,0.0049882665592017776,nan,nan,4.2351647362715017e-19,4,4.8608355676858283e-12,5.0435168170813885e-16,2560,1.01953125,2
879,21.975000000000001,1.5212608538747159e-14,5.8460181140418399e-14,2.8858020883154125e-15,1.4419703133515243,9.7450943129006351,11.187064626252159,0.0045510125996670019,4.4476575399241706e-16,-0.0045510125996664772,0.0045510125996664772,nan,nan,1.0503208545953324e-19,4,4.299806747594485e-12,4.3690848562975605e-16,512,1.00390625,2
880,22,1.5254670170667359e-14,6.2727600891321345e-14,2.9110458963219378e-15,1.3817395878822529,9.8053250383699062,11.187064626252159,0.0041246695901214197,4.6596643363216568e-16,-0.0041246695901209088,0.0041246695901209088,nan,nan,-1.4568966692773966e-19,4,3.9552617217977157e-12,4.198717795455912e-16,512,1.00390625,2
881,22.025000000000002,1.5245692383084687e-14,6.5503158452884236e-14,2.9279599566552901e-15,1.3202559260440254,9.8668087002081322,11.187064626252157,0.0037098006889949957,4.8274929765035702e-16,-0.0037098006889945013,0.0037098006889945013,nan,nan,1.0842021724855044e-19,4,3.6371920631929723e-12,4.0068617358669466e-16,2560,1.01953125,2
882,22.050000000000001,1.5117274884640075e-14,6.3948846218409017e-14,2.9494213230192826e-15,1.2576852995458421,9.9293793267063162,11.187064626252159,0.0033071220224464883,4.9640064448256131e-16,-0.0033071220224459947,0.0033071220224459947,nan,nan,5.116079001415974e-19,4,3.3899406264741202e-12,3.8240653025527038e-16,2560,1.01953125,2
883,22.075000000000003,1.4996901169961378e-14,5.6954441163270531e-14,2.9722915385466888e-15,1.1942962086336946,9.9927684176184624,11.187064626252157,0.0029173553478511367,5.0615168928671339e-16,-0.0029173553478506744,0.0029173553478506744,nan,nan,2.2700482986415249e-19,4,3.2818624110263867e-12,3.9043569142564784e-16,1024,1.0078125,2
884,22.100000000000001,1.490461604479724e-14,5.7343019221889335e-14,2.9962945741722076e-15,1.1302256535056217,10.056838972746537,11.187064626252159,0.0025410875366328658,5.1997997911223982e-16,-0.0025410875366324035,0.0025410875366324035,nan,nan,-1.6940658945086007e-19,4,3.0040515006698814e-12,3.5808277212311533e-16,1024,1.0078125,2
885,22.125,1.4823945111509481e-14,5.6767091027865035e-14,3.016899084187986e-15,1.0656433890293604,10.121421237222798,11.187064626252159,0.002179032835881457,5.2255944377288235e-16,-0.0021790328358810207,0.0021790328358810207,nan,nan,-2.0328790734103208e-20,4,2.7572914791636434e-12,3.4128868707584419e-16,1536,1.01171875,2
886,22.150000000000002,1.4745805909705616e-14,5.3630710983298968e-14,3.0424995542980338e-15,1.0006413837261459,10.186423242526013,11.187064626252159,0.0018317788121101526,5.2133975928641048e-16,-0.0018317788121097317,0.0018317788121097317,nan,nan,2.8799120206646212e-19,4,2.6282300702709887e-12,3.37132137440029e-16,1024,1.0078125,2
887,22.175000000000001,1.4678931322019778e-14,5.530298441414061e-14,3.0887033005033896e-15,0.93529962048632798,10.251765005765829,11.187064626252157,0.0014998326241727564,5.175519045277178e-16,-0.0014998326241723494,0.0014998326241723494,nan,nan,7.1150767569361228e-20,4,2.5411565492848871e-12,3.428447198655109e-16,1536,1.01171875,2
888,22.200000000000003,1.4602610972998035e-14,5.530298441414061e-14,3.1440538920336286e-15,0.86988874093874946,10.317175885313409,11.187064626252159,0.0011837360604295471,5.1444868915983764e-16,-0.001183736060429146,0.001183736060429146,nan,nan,-1.1180834903756764e-19,4,2.4779053648324603e-12,3.4528632296476121e-16,2560,1.01953125,2
889,22.225000000000001,1.4513173691459561e-14,5.340172748447003e-14,3.1958206092333883e-15,0.80472774855945772,10.382336877692699,11.187064626252157,0.00088413851102584536,5.0801188908652451e-16,-0.00088413851102547066,0.00088413851102547066,nan,nan,-1.0503208545953324e-19,4,2.5048270796512651e-12,3.6153609823112715e-16,1536,1.01171875,2
890,22.25,1.4458774172203131e-14,5.517808432387028e-14,3.2488208119928706e-15,0.7403277683328281,10.44673685791933,11.187064626252157,0.0006017976717234046,4.9935318617775566e-16,-0.00060179767172304258,0.00060179767172304258,nan,nan,3.0493186101154812e-20,4,3.8046197004878736e-12,6.2804784398951455e-16,4608,1.03515625,2
891,22.275000000000002,1.4396624512341602e-14,5.4622972811557702e-14,3.2843507968377904e-15,0.67763196514723556,10.509432661104922,11.187064626252157,0.00033785189728245592,5.0048661597095524e-16,-0.00033785189728211256,0.00033785189728211256,nan,nan,2.2022856628611809e-20,4,6.174665684523592e-12,1.1182237114730774e-15,3072,1.0234375,2
892,22.300000000000001,1.4363692443294238e-14,5.2846615972157451e-14,3.328197558535882e-15,0.61723101691363114,10.569833609338527,11.187064626252159,9.3118586827730179e-05,4.9612376101095008e-16,-9.3118586827405786e-05,9.3118586827405786e-05,nan,nan,1.6940658945086007e-21,4,7.3730897013502862e-12,1.3639706595862437e-15,2560,1.01953125,2
893,22.325000000000003,1.4354696784524588e-14,5.0126569561825818e-14,3.3746095993561573e-15,0.55947372980944876,10.62759089644271,11.187064626252159,0.00013162203870999232,4.9386706489620426e-16,0.00013162203871029752,0.00013162203871029752,nan,nan,-2.3716922523120409e-20,4,8.0807625510809993e-12,1.5317459270307371e-15,2048,1.015625,2
894,22.350000000000001,1.4375219551616693e-14,5.1458837191376006e-14,3.4123042104538951e-15,0.50478441762241599,10.682280208629743,11.187064626252159,0.00033547485122126415,4.9127610935093104e-16,0.00033547485122155211,0.00033547485122155211,nan,nan,-2.6258021364883311e-19,4,8.5383833079082595e-12,1.6411315655807494e-15,4096,1.03125,2
895,22.375,1.450066634221984e-14,5.3346216333238772e-14,3.4185529282114549e-15,0.45355615953071987,10.733508466721441,11.187064626252161,0.00051761744014380134,4.8355825304849679e-16,0.0005176174401440802,0.0005176174401440802,nan,nan,-3.6591823321385775e-19,4,8.4857914289124697e-12,1.6290577708904367e-15,1536,1.01171875,2
896,22.400000000000002,1.4636933982877728e-14,5.4872772992098362e-14,3.4190020855019046e-15,0.40601536372481845,10.781049262527342,11.187064626252161,0.00067745371144074459,4.7713051388157513e-16,0.0006774537114410009,0.0006774537114410009,nan,nan,-6.0647559023407904e-19,4,8.2114829477969512e-12,1.5728897047279543e-15,1536,1.01171875,2
897,22.425000000000001,1.4813343489138275e-14,5.3845816694320092e-14,3.4100115003514388e-15,0.36232174038926585,10.824742885862895,11.187064626252161,0.00081439782192870708,4.7005862897605385e-16,0.00081439782192894842,0.00081439782192894842,nan,nan,-1.0028870095490916e-18,4,7.7799270582784424e-12,1.4582127152542059e-15,1536,1.01171875,2
898,22.450000000000003,1.5036471822574033e-14,5.1958437552457326e-14,3.3831508782700612e-15,0.3226045746488822,10.864460051603277,11.187064626252159,0.00092782402714371159,4.6025915626305926e-16,0.00092782402714393364,0.00092782402714393364,nan,nan,-7.7757624557944771e-19,4,7.3750767227370619e-12,1.3693770415520747e-15,2048,1.015625,2
899,22.475000000000001,1.5269200440839591e-14,5.8043847506183965e-14,3.3611430772024865e-15,0.28691815915616781,10.900146467095992,11.187064626252159,0.0010172116986186053,4.4677041429848896e-16,0.001017211698618807,0.001017211698618807,nan,nan,-6.6237976475286287e-19,4,6.6672251390895456e-12,1.1923819450685778e-15,1024,1.0078125,2
900,22.5,1.5481309187415304e-14,6.2366778408318169e-14,3.3428926145993526e-15,0.25524255884276925,10.93182206740939,11.187064626252159,0.001082248630592416,4.369255872446605e-16,0.0010822486305925999,0.0010822486305925999,nan,nan,-4.2944570425793027e-19,4,6.2359507871223023e-12,1.0977446474941935e-15,2048,1.015625,2
901,22.525000000000002,1.5617291866666196e-14,6.4247218656277028e-14,3.3435438752449543e-15,0.22759421026269758,10.959470415989463,11.187064626252161,0.0011226780763167856,4.2424797218978214e-16,0.0011226780763169541,0.0011226780763169541,nan,nan,-2.2276966512788099e-19,4,5.6843512161087854e-12,9.6286535126874714e-16,4096,1.03125,2
902,22.550000000000001,1.5711036171273866e-14,6.2082283758257972e-14,3.3601535598322149e-15,0.20397811744569427,10.983086508806467,11.187064626252162,0.0011384413247242297,4.1382555873984546e-16,0.0011384413247243722,0.0011384413247243722,nan,nan,-8.3009228830921433e-20,4,5.2003025688410529e-12,8.6031591537096883e-16,2560,1.01953125,2
903,22.575000000000003,1.5696519300350936e-14,5.6787907709576757e-14,3.3889465503000924e-15,0.18437151096545712,11.002693115286704,11.187064626252161,0.0011295210714468221,4.0189563846547905e-16,0.00112952107144695,0.00112952107144695,nan,nan,-4.0403471584030126e-19,4,4.8437187620308856e-12,7.8378267686397685e-16,3072,1.0234375,2
904,22.600000000000001,1.5602958591774599e-14,5.319529539082879e-14,3.4285385286732217e-15,0.16871014239211093,11.018354483860049,11.187064626252161,0.0010958235550233815,3.8616218916791735e-16,0.0010958235550234913,0.0010958235550234913,nan,nan,-4.6925625277888239e-19,4,4.501219843701642e-12,7.0110502131875029e-16,1024,1.0078125,2
905,22.625,1.5425375328209975e-14,5.3929083421166979e-14,3.4761243291278679e-15,0.15686497566363383,11.030199650588527,11.187064626252161,0.0010374091673231163,3.7282841810900266e-16,0.0010374091673232123,0.0010374091673232123,nan,nan,-5.7682943708017853e-19,4,4.2248267355971566e-12,6.3896152661115132e-16,3072,1.0234375,2
906,22.650000000000002,1.5229722226489891e-14,5.6009884230601159e-14,3.5226974952867149e-15,0.14866623450121977,11.038398391750942,11.187064626252162,0.00095443970599824257,3.5288328151937976e-16,0.00095443970599831543,0.00095443970599831543,nan,nan,-5.3786592150648072e-19,4,4.0255356388035984e-12,5.9131932267437872e-16,2560,1.01953125,2
907,22.675000000000001,1.5016730230454569e-14,5.6218918409456364e-14,3.5612257118070741e-15,0.14395513741885774,11.043109488833304,11.187064626252162,0.00084707111690799589,3.2689488219938323e-16,0.0008470711169080488,0.0008470711169080488,nan,nan,-6.3781580928248816e-19,4,3.8480280615782528e-12,5.5700722773581287e-16,2048,1.015625,2
908,22.700000000000003,1.4892733285850903e-14,5.3998472360206051e-14,3.5882734497910643e-15,0.14258389866135127,11.044480727590809,11.187064626252161,0.00071553287585982873,3.0741413020545098e-16,0.00071553287585986983,0.00071553287585986983,nan,nan,-7.1404877453537519e-19,4,3.678337828674992e-12,5.1938910724327607e-16,4096,1.03125,2
909,22.725000000000001,1.486995449604401e-14,5.6302185136303251e-14,3.6028191961874248e-15,0.14439340098976527,11.042671225262396,11.187064626252161,0.00055997882456274841,2.8116307280411796e-16,0.00055997882456276229,0.00055997882456276229,nan,nan,-6.3781580928248816e-19,4,3.5847923979183607e-12,5.0153213422626935e-16,0,1,1
910,22.75,1.4961014663580284e-14,5.748179709996748e-14,3.5858186343207062e-15,0.14919349987409092,11.03787112637807,11.187064626252161,0.00038058816690780947,2.538334306668184e-16,0.00038058816690780123,0.00038058816690780123,nan,nan,-6.3358064454621665e-19,4,3.4845948587253743e-12,4.6758812513537298e-16,3072,1.0234375,2
911,22.775000000000002,1.5170921021659336e-14,5.6198101727744643e-14,3.5787216636530685e-15,0.15670845386165563,11.030356172390505,11.187064626252161,0.00017774034119681539,2.2529003982138626e-16,0.00017774034119678547,0.00017774034119678547,nan,nan,-5.5904174518783822e-19,4,3.3888867854086413e-12,4.5609205717277804e-16,1536,1.01171875,2
912,22.800000000000001,1.5433198294922568e-14,5.5705440260567229e-14,3.535019305581238e-15,0.16670041488849882,11.020364211363663,11.187064626252162,4.8336030696753034e-05,1.9437207918756681e-16,-4.8336030696799329e-05,4.8336030696799329e-05,nan,nan,-5.1499603193061461e-19,4,3.3735578956257837e-12,4.4177900928128587e-16,1024,1.0078125,2
913,22.825000000000003,1.5635531989125145e-14,5.9868776602911566e-14,3.4953115482438159e-15,0.17894158398709142,11.008123042265071,11.187064626252162,0.00029730323545017721,1.6345702819341804e-16,-0.00029730323545025267,0.00029730323545025267,nan,nan,-5.5395954750431242e-19,4,3.3555865454089318e-12,4.2253911116915193e-16,2048,1.015625,2
914,22.850000000000001,1.5787524247895575e-14,6.0118576783452227e-14,3.4597042733143094e-15,0.19318873503424241,10.99387589121792,11.187064626252162,0.00056885868681593116,1.2981024804163662e-16,-0.00056885868681603221,0.00056885868681603221,nan,nan,-5.1838416371963181e-19,4,3.418533373120799e-12,4.1125053488143803e-16,1536,1.01171875,2
915,22.875,1.590981872863224e-14,6.156186671546493e-14,3.4382247371580758e-15,0.20921892052437427,10.977845705727788,11.187064626252162,0.00086269110860527371,9.7700387834191771e-17,-0.00086269110860539005,0.00086269110860539005,nan,nan,-4.6078592330633938e-19,4,3.4602678839809097e-12,4.2062011335397008e-16,1536,1.01171875,2
916,22.900000000000002,1.5977307212496037e-14,6.1166349762942218e-14,3.4163889889651984e-15,0.2267568587498007,10.960307767502362,11.187064626252162,0.001178114365185807,6.0710043419245952e-17,-0.0011781143651859308,0.0011781143651859308,nan,nan,-3.4050724479622874e-19,4,3.4732535851711918e-12,3.9243435555622405e-16,3584,1.02734375,2
917,22.925000000000001,1.5893549271826802e-14,5.8737736896574688e-14,3.4197495209706457e-15,0.24563512596105902,10.941429500291104,11.187064626252162,0.0015145553983799938,2.5883151970166467e-17,-0.0015145553983801296,0.0015145553983801296,nan,nan,-3.7269449679189215e-19,4,3.4493902103164377e-12,3.910253546195391e-16,1024,1.0078125,2
918,22.950000000000003,1.566274265236823e-14,5.8418547776994956e-14,3.4344614817771758e-15,0.26565704634276138,10.921407579909401,11.187064626252162,0.0018716920186351213,-1.0508200299115324e-17,-0.0018716920186352894,0.0018716920186352894,nan,nan,-5.04831636563563e-19,4,3.510392458965068e-12,3.6483279541380556e-16,3584,1.02734375,2
919,22.975000000000001,1.5405437044843027e-14,6.1325944322732084e-14,3.4556473131071513e-15,0.28660876131271318,10.900455864939451,11.187064626252164,0.0022490482931981108,-4.1747924476067693e-17,-0.0022490482931982929,0.0022490482931982929,nan,nan,-3.7947076036992655e-19,4,3.6302915943922934e-12,3.7735485248785166e-16,3072,1.0234375,2
920,23,1.5080671773192215e-14,5.9729998724833422e-14,3.4859457930664236e-15,0.30830131694520185,10.878763309306962,11.187064626252164,0.0026462095216578181,-6.7980317779511084e-17,-0.0026462095216580068,0.0026462095216580068,nan,nan,-4.3198680309969317e-19,4,3.7402164405114221e-12,3.7604331135213795e-16,2048,1.015625,2
921,23.025000000000002,1.4887274096222213e-14,5.715566908648384e-14,3.5223369973264645e-15,0.33053892002642699,10.856525706225737,11.187064626252164,0.0030627758176437624,-9.5840621420465823e-17,-0.0030627758176439697,0.0030627758176439697,nan,nan,-6.2341624917916505e-19,4,3.8829656582825553e-12,3.7485521989440768e-16,4096,1.03125,2
922,23.050000000000001,1.4745398228717631e-14,5.044575868140555e-14,3.5438970903208084e-15,0.35307777794710837,10.833986848305056,11.187064626252164,0.003498012950852134,-1.273076492576185e-16,-0.00349801295085235,0.00349801295085235,nan,nan,-7.8604657505199071e-19,4,3.9127622261153432e-12,3.7805302171058581e-16,2048,1.015625,2
923,23.075000000000003,1.4703779510732637e-14,5.5160737089110512e-14,3.5550524673295059e-15,0.37571129728137587,10.811353328970789,11.187064626252164,0.0039513540862138319,-1.5586704280415247e-16,-0.0039513540862140522,0.0039513540862140522,nan,nan,-1.0503208545953324e-18,4,3.9959902506130818e-12,3.7498884190283685e-16,1024,1.0078125,2
924,23.100000000000001,1.4783418979571066e-14,5.8206911512925785e-14,3.5407703558867697e-15,0.39828769388266233,10.788776932369501,11.187064626252164,0.0044224299418019457,-1.8715672556638898e-16,-0.0044224299418021817,0.0044224299418021817,nan,nan,-1.0706496453294356e-18,4,4.1021737278397621e-12,3.6136894395509505e-16,2048,1.015625,2
925,23.125,1.4868224344131383e-14,5.8666613234059639e-14,3.5203320209636336e-15,0.42062603631812506,10.76643858993404,11.187064626252166,0.0049108490587856136,-2.1469907263045382e-16,-0.0049108490587858886,0.0049108490587858886,nan,nan,-1.0028870095490916e-18,4,4.1195277648867467e-12,3.5567891319311276e-16,3072,1.0234375,2
926,23.150000000000002,1.4991750684894776e-14,5.5514620678209781e-14,3.4824713448619928e-15,0.44252172628669306,10.74454289996547,11.187064626252162,0.0054161189748825958,-2.4190507783731665e-16,-0.0054161189748828898,0.0054161189748828898,nan,nan,-7.1150767569361228e-19,4,4.2321552902787906e-12,3.4785948022035152e-16,3584,1.02734375,2
927,23.175000000000001,1.5099620208092339e-14,5.5469517867834384e-14,3.441935596644734e-15,0.46385292404121303,10.723211702210952,11.187064626252164,0.0059378572671773674,-2.6616678979084845e-16,-0.0059378572671776788,0.0059378572671776788,nan,nan,-7.7249404789592191e-19,4,4.4247194341980398e-12,3.5271539883644065e-16,0,1,1
928,23.200000000000003,1.5211320247662491e-14,5.6954441163270531e-14,3.3800871225487372e-15,0.48451710609794918,10.702547520154216,11.187064626252164,0.0064756787891190049,-2.9402072374186927e-16,-0.0064756787891193188,0.0064756787891193188,nan,nan,-7.7927031147395631e-19,4,4.6270859557940996e-12,3.524540295834598e-16,2048,1.015625,2
929,23.225000000000001,1.5306032478986927e-14,6.1783911320389961e-14,3.3196032313915388e-15,0.50441385984458176,10.682650766407583,11.187064626252166,0.0070288697496749663,-3.2412276713787116e-16,-0.007028869749675308,0.007028869749675308,nan,nan,-7.3183646642771549e-19,4,4.5555813367965958e-12,3.3902577919952507e-16,2560,1.01953125,2
930,23.25,1.5380747922874714e-14,6.2283511681471282e-14,3.2633635110491507e-15,0.52347920997368147,10.663585416278483,11.187064626252164,0.0075967027217056669,-3.5970714798050839e-16,-0.007596702721706013,0.007596702721706013,nan,nan,-6.6407383064737147e-19,4,4.6010952102308512e-12,3.3622106125043015e-16,2048,1.015625,2
931,23.275000000000002,1.5500694061806465e-14,6.4857841319820864e-14,3.216020395671966e-15,0.5416601639880142,10.64540446226415,11.187064626252164,0.0081788484802660863,-3.906218128894694e-16,-0.0081788484802664627,0.0081788484802664627,nan,nan,-8.4025668367626594e-19,4,4.749387987941804e-12,3.3310047608337388e-16,512,1.00390625,2
932,23.300000000000001,1.5578509758895514e-14,6.9846906036730161e-14,3.1857052537846749e-15,0.55891367199527819,10.628150954256885,11.187064626252162,0.0087749244740781968,-4.2420488048374211e-16,-0.0087749244740785957,0.0087749244740785957,nan,nan,-8.0976349757511112e-19,4,4.7972701582616884e-12,3.3767379737266126e-16,1536,1.01171875,2
933,23.325000000000003,1.555004808315826e-14,7.0735084456430286e-14,3.1698126862308254e-15,0.57514725363659081,10.611917372615572,11.187064626252162,0.0093843985022807087,-4.5451764872022599e-16,-0.0093843985022811285,0.0093843985022811285,nan,nan,-4.87890977618477e-19,4,4.6996805798946114e-12,3.2934265505558068e-16,2048,1.015625,2
934,23.350000000000001,1.5667118596147796e-14,6.8778316375528448e-14,3.1645358585691959e-15,0.59028551224949743,10.596779114002667,11.187064626252164,0.010006900964721068,-4.8452169729344261e-16,-0.010006900964721489,0.010006900964721489,nan,nan,-4.912791094074942e-19,4,4.7230346599438877e-12,3.4971347143784191e-16,3072,1.0234375,2
935,23.375,1.5691092198861588e-14,6.5850103148079597e-14,3.1721305744203991e-15,0.60429142020440008,10.582773206047763,11.187064626252162,0.010642152952873933,-5.1832664051563784e-16,-0.010642152952874387,0.010642152952874387,nan,nan,-8.9446679230054116e-19,4,4.7589735248438199e-12,3.2632664741300223e-16,512,1.00390625,2
936,23.400000000000002,1.5734472832427038e-14,5.991040996633501e-14,3.1844491102712925e-15,0.61717592077746208,10.569888705474701,11.187064626252164,0.011289820991810896,-5.4888213516941652e-16,-0.011289820991811359,0.011289820991811359,nan,nan,-5.6242987697685543e-19,4,4.6325774300513111e-12,3.4516099907292104e-16,3072,1.0234375,2
937,23.425000000000001,1.5612900330399879e-14,6.193656698627592e-14,3.1929043225722355e-15,0.62887005544788732,10.558194570804277,11.187064626252164,0.0119494047089523,-5.7831032810398195e-16,-0.011949404708952803,0.011949404708952803,nan,nan,-9.0124305587857556e-19,4,4.4020821310670925e-12,3.1260153305645549e-16,1024,1.0078125,2
938,23.450000000000003,1.5522578246508417e-14,6.0271232449338186e-14,3.1912901813064308e-15,0.63938230761638581,10.547682318635777,11.187064626252162,0.01262045059597814,-6.1443682993451267e-16,-0.012620450595978657,0.012620450595978657,nan,nan,-7.6910591610690471e-19,4,4.2809013539266139e-12,3.2213658289045757e-16,2048,1.015625,2
939,23.475000000000001,1.5486849623180108e-14,5.8723859108766874e-14,3.1792566091932869e-15,0.64876399472012813,10.538300631532037,11.187064626252164,0.013302458935570726,-6.4864953894820395e-16,-0.013302458935571271,0.013302458935571271,nan,nan,-7.436949276892757e-19,4,4.124052503539666e-12,3.1609100567181198e-16,1536,1.01171875,2
940,23.5,1.5435838573332882e-14,6.534356389309437e-14,3.1457122732298746e-15,0.65711075972291066,10.529953866529254,11.187064626252166,0.013995133073407639,-6.8164003168883342e-16,-0.013995133073408217,0.013995133073408217,nan,nan,-6.8609668727598327e-19,4,4.0095790294077622e-12,3.2446942220597382e-16,2048,1.015625,2
941,23.525000000000002,1.5478841238132092e-14,7.1734285178592927e-14,3.0954863855718985e-15,0.66445894357002688,10.522605682682137,11.187064626252164,0.014697991833146525,-7.1649187542786e-16,-0.014697991833147109,0.014697991833147109,nan,nan,-5.2346636140315761e-19,4,3.759907130425593e-12,3.2068574872979714e-16,1536,1.01171875,2
942,23.550000000000001,1.558106581688195e-14,7.4419637119405024e-14,3.0423011440090585e-15,0.67090132569424199,10.516163300557922,11.187064626252164,0.01541054531566572,-7.5142964225862368e-16,-0.015410545315666305,0.015410545315666305,nan,nan,-3.4897757426877174e-19,4,3.6396215274899335e-12,3.2355856293729256e-16,2048,1.015625,2
943,23.575000000000003,1.5631870314708062e-14,7.3240025155740796e-14,2.9757166421113116e-15,0.67660706557864736,10.510457560673517,11.187064626252164,0.016132494483929817,-7.9200772184901979e-16,-0.016132494483930421,0.016132494483930421,nan,nan,-4.7349141751515389e-19,4,3.6061512023847749e-12,3.4107875340500637e-16,512,1.00390625,2
944,23.600000000000001,1.5737230187704001e-14,6.8611782921834674e-14,2.9139604698299701e-15,0.68176626053497658,10.505298365717188,11.187064626252164,0.016863536125174557,-8.2934330530322036e-16,-0.016863536125175174,0.016863536125175174,nan,nan,-6.6830899538364297e-19,4,3.6284810724223212e-12,3.5914536171925127e-16,1024,1.0078125,2
945,23.625,1.5761996155546613e-14,6.328965129753783e-14,2.8747256298072293e-15,0.68658847568437709,10.500476150567788,11.187064626252166,0.017603339934388243,-8.7593637059741349e-16,-0.017603339934388861,0.017603339934388861,nan,nan,-4.8577339525034124e-19,4,3.6874384682065411e-12,3.6442993188210557e-16,1024,1.0078125,2
946,23.650000000000002,1.5864157605159148e-14,6.3532512584174583e-14,2.8435855896909512e-15,0.69124562865262207,10.495818997599542,11.187064626252164,0.018351288872715497,-9.1364888283449829e-16,-0.018351288872716136,0.018351288872716136,nan,nan,-2.439454888092385e-19,4,3.940246066077204e-12,4.2319809652830855e-16,4096,1.03125,2
947,23.675000000000001,1.583714467751609e-14,6.3803129446426965e-14,2.8272015872498656e-15,0.69620046296799676,10.490864163284169,11.187064626252166,0.01910643474808037,-9.5534330435919769e-16,-0.019106434748081016,0.019106434748081016,nan,nan,-2.5368636770266295e-19,4,4.8398231567323003e-12,5.6952411612558735e-16,6656,1.05078125,2
948,23.700000000000003,1.5849925695901291e-14,6.0826343961650764e-14,2.8222664668598467e-15,0.70190790503948097,10.485156721212684,11.187064626252166,0.019867577167230702,-9.9979772695758655e-16,-0.019867577167231365,0.019867577167231365,nan,nan,-4.1081097941833566e-19,4,5.7531303875028434e-12,6.9351829871770205e-16,2048,1.015625,2
949,23.725000000000001,1.5903808524806122e-14,5.9563465271139648e-14,2.8258030686324036e-15,0.7086047332277593,10.478459893024407,11.187064626252166,0.020633747147914716,-1.0408469407151629e-15,-0.020633747147915375,0.020633747147915375,nan,nan,-2.600391148070702e-19,4,6.1659427240579821e-12,7.5578119584758756e-16,2048,1.015625,2
950,23.75,1.5865495696538279e-14,6.1728400169158704e-14,2.8358100349428543e-15,0.71643501932300557,10.47062960692916,11.187064626252166,0.021404110043912735,-1.0845013431187864e-15,-0.021404110043913394,0.021404110043913394,nan,nan,-1.3891340334970526e-19,4,6.3715923921045123e-12,7.879198104653967e-16,3072,1.0234375,2
951,23.775000000000002,1.5933496984016813e-14,6.2484739604684592e-14,2.8439241325186845e-15,0.72548773038054604,10.46157689587162,11.187064626252166,0.022177852050960425,-1.1334651782670512e-15,-0.022177852050961108,0.022177852050961108,nan,nan,4.912791094074942e-20,4,6.4677816119285287e-12,7.9779018728290366e-16,3584,1.02734375,2
952,23.800000000000001,1.5970450155119912e-14,6.2637395270570551e-14,2.8423974613329318e-15,0.73578522391909418,10.451279402333073,11.187064626252168,0.022953814330288459,-1.1810619682229819e-15,-0.022953814330289153,0.022953814330289153,nan,nan,2.558039500707987e-19,4,6.3567302167763988e-12,7.7276324490667624e-16,2048,1.015625,2
953,23.825000000000003,1.5957516680135218e-14,6.8001160258290838e-14,2.8368258900186522e-15,0.74723807195288461,10.439826554299282,11.187064626252166,0.023731082634361141,-1.2285330887447508e-15,-0.023731082634361834,0.023731082634361834,nan,nan,6.9626108264303488e-19,4,6.2811174325438746e-12,7.5940212455922741e-16,2560,1.01953125,2
954,23.850000000000001,1.5775641179015116e-14,6.9458327978111356e-14,2.8201420840646911e-15,0.75985409981261098,10.427210526439556,11.187064626252166,0.024508806626943658,-1.2766787343783392e-15,-0.024508806626944355,0.024508806626944355,nan,nan,9.6222942808088519e-19,4,6.1615878924707987e-12,7.4071911213185883e-16,2048,1.015625,2
955,23.875,1.572558270353889e-14,7.0804473395469358e-14,2.7890388098127779e-15,0.77358972086245326,10.413474905389714,11.187064626252168,0.025286343390663726,-1.3318741995346874e-15,-0.025286343390664431,0.025286343390664431,nan,nan,1.2841019480375193e-18,4,6.0210972694755966e-12,7.1286538834114062e-16,1536,1.01171875,2
956,23.900000000000002,1.5557439244563736e-14,7.2740424794659475e-14,2.7474502779256962e-15,0.78839897393460867,10.398665652317558,11.187064626252166,0.026063039569355125,-1.3880833177700311e-15,-0.026063039569355829,0.026063039569355829,nan,nan,1.2502206301473473e-18,4,5.8958348477401764e-12,6.8796572365424964e-16,2560,1.01953125,2
957,23.925000000000001,1.5510483724796498e-14,7.2400418993368021e-14,2.7002503595174124e-15,0.80420761393477436,10.382857012317391,11.187064626252166,0.026838101263196273,-1.4380828618432029e-15,-0.026838101263196988,0.026838101263196988,nan,nan,1.3806637040245096e-18,4,5.7240117006803622e-12,6.515347458894521e-16,512,1.00390625,2
958,23.950000000000003,1.5536728693677477e-14,7.3260841837452517e-14,2.6505224697613245e-15,0.82093225682887994,10.366132369423287,11.187064626252166,0.027610875528386186,-1.4956019988950403e-15,-0.027610875528386904,0.027610875528386904,nan,nan,1.4484263398048536e-18,4,5.5826853569566981e-12,6.2145614563289783e-16,2560,1.01953125,2
959,23.975000000000001,1.5613344335410584e-14,7.1789796329824185e-14,2.5967665648223683e-15,0.83848436576359819,10.348580260488568,11.187064626252166,0.028380758343614455,-1.5507133813426863e-15,-0.02838075834361517,0.02838075834361517,nan,nan,1.5212711732687234e-18,4,5.4521506124984514e-12,5.9951299702989531e-16,3584,1.02734375,2
960,24,1.5723069784392391e-14,6.6044392177389e-14,2.5447652629256585e-15,0.85676618096456769,10.330298445287598,11.187064626252166,0.02914700119297696,-1.6075505762828678e-15,-0.029147001192977692,0.029147001192977692,nan,nan,1.1960105215230721e-18,4,5.2717598944158657e-12,5.7252301013093448e-16,1536,1.01171875,2
961,24.025000000000002,1.5861079709067867e-14,6.1339822110539899e-14,2.4971900094708923e-15,0.87560148817981953,10.311463138072346,11.187064626252166,0.029908744025064,-1.6706537329419007e-15,-0.029908744025064743,0.029908744025064743,nan,nan,1.2485265642528387e-18,4,5.0885634632802796e-12,5.4240536428590212e-16,1024,1.0078125,2
962,24.050000000000001,1.5960806949301007e-14,6.679379271901098e-14,2.4520280770705986e-15,0.89484102987861591,10.292223596373551,11.187064626252168,0.030665220880666966,-1.7288408784844492e-15,-0.030665220880667712,0.030665220880667712,nan,nan,1.1502707423713399e-18,4,4.9434762403880075e-12,5.200617278363906e-16,2560,1.01953125,2
963,24.075000000000003,1.6040546809068502e-14,6.909750549510818e-14,2.422768858766074e-15,0.91439779452227399,10.272666831729893,11.187064626252168,0.031415772772152961,-1.7899187261566724e-15,-0.031415772772153731,0.031415772772153731,nan,nan,9.4020657145227338e-19,4,4.8224762395744455e-12,5.094861489834784e-16,1536,1.01171875,2
964,24.100000000000001,1.5905009925766063e-14,6.7959526894867395e-14,2.4025724856051508e-15,0.93420149643267669,10.25286312981949,11.187064626252166,0.032159840072166684,-1.8496603183242951e-15,-0.032159840072167448,0.032159840072167448,nan,nan,1.0410034921755351e-18,4,4.6873472025087853e-12,4.784611914173579e-16,3072,1.0234375,2
965,24.125,1.5852348825242628e-14,6.3296590191441737e-14,2.390107356379906e-15,0.95416454978925658,10.23290007646291,11.187064626252166,0.032896748769409401,-1.9127458382625427e-15,-0.032896748769410164,0.032896748769410164,nan,nan,1.0731907441711985e-18,4,4.5419759230121481e-12,4.6399419873720547e-16,512,1.00390625,2
966,24.150000000000002,1.5797214996584844e-14,6.2280042234519328e-14,2.3847016845091297e-15,0.97421556108240126,10.212849065169765,11.187064626252166,0.033625924641534043,-1.9780005318168533e-15,-0.033625924641534813,0.033625924641534813,nan,nan,1.2625026078825347e-18,4,4.4604781807613483e-12,4.5439366412727894e-16,3072,1.0234375,2
967,24.175000000000001,1.5753041910249358e-14,6.1988608690555225e-14,2.3861515329933406e-15,0.99432278940106111,10.192741836851104,11.187064626252164,0.034346812097111545,-2.0441221358706612e-15,-0.034346812097112309,0.034346812097112309,nan,nan,1.1701760166318159e-18,4,4.3533758543552402e-12,4.4093970558945213e-16,1024,1.0078125,2
968,24.200000000000003,1.5703478165933695e-14,6.3535982031126537e-14,2.3862813755280918e-15,1.01443844200484,10.172626184247326,11.187064626252166,0.035058777710560617,-2.1081751212823624e-15,-0.035058777710561394,0.035058777710561394,nan,nan,1.438261944437802e-18,4,4.2894591380407238e-12,4.3600435669020129e-16,1536,1.01171875,2
969,24.225000000000001,1.5863156588023818e-14,6.4559468881952853e-14,2.3880505500349104e-15,1.0345401671053382,10.152524459146827,11.187064626252166,0.035761314508727507,-2.1781905190651043e-15,-0.035761314508728277,0.035761314508728277,nan,nan,1.539905898108318e-18,4,4.2806110807722748e-12,4.4346785947501911e-16,1024,1.0078125,2
970,24.25,1.5880191960577135e-14,6.0784710598227321e-14,2.3824915013221982e-15,1.0546155392767604,10.132449086975406,11.187064626252166,0.036453868288757255,-2.251451046576872e-15,-0.036453868288758046,0.036453868288758046,nan,nan,1.7262531465042641e-18,4,4.301304342914391e-12,4.5087703948673326e-16,3072,1.0234375,2
971,24.275000000000002,1.5987674022479837e-14,5.8564264548977008e-14,2.3873852434100157e-15,1.0746187997398637,10.112445826512301,11.187064626252166,0.03713571412876418,-2.3135861169878787e-15,-0.037135714128764971,0.037135714128764971,nan,nan,1.5670109524204556e-18,4,4.2840316565235434e-12,4.5242815463560027e-16,512,1.00390625,2
972,24.300000000000001,1.6246402300030416e-14,6.3782312764715243e-14,2.3948375120159472e-15,1.0945561141823756,10.09250851206979,11.187064626252166,0.037806323920220639,-2.3821578816221769e-15,-0.037806323920221437,0.037806323920221437,nan,nan,1.6500201812513771e-18,4,4.3929335157809565e-12,4.6791316322876949e-16,3072,1.0234375,2
973,24.325000000000003,1.6282750826112925e-14,6.3671290462252728e-14,2.4079003973555468e-15,1.1144892852520267,10.072575341000139,11.187064626252166,0.038465207035039077,-2.4544685057072557e-15,-0.038465207035039889,0.038465207035039889,nan,nan,1.5602346888424212e-18,4,4.7028284064425794e-12,5.056848681237659e-16,3584,1.02734375,2
974,24.350000000000001,1.6377668369682957e-14,7.0637939941775585e-14,2.4202771921440065e-15,1.1345115091075264,10.052553117144637,11.187064626252162,0.039110947076547879,-2.5321640979729191e-15,-0.039110947076548663,0.039110947076548663,nan,nan,1.3552527156068805e-18,4,5.2417150403150656e-12,5.6936783833302697e-16,2048,1.015625,2
975,24.375,1.6189622924363183e-14,7.8465012265382938e-14,2.433443129662815e-15,1.1546096855010939,10.032454940751069,11.187064626252162,0.039742157197771688,-2.6070823987078412e-15,-0.039742157197772479,0.039742157197772479,nan,nan,1.3103599694024026e-18,4,5.4624644573423304e-12,6.0275016941244264e-16,3584,1.02734375,2
976,24.400000000000002,1.6183929825975119e-14,8.4016127388508721e-14,2.4483974321400706e-15,1.1747458792362251,10.012318747015938,11.187064626252162,0.040357827597873194,-2.6841254581764026e-15,-0.040357827597873971,0.040357827597873971,nan,nan,1.1892342579450377e-18,4,5.5143746182021068e-12,5.9640724119428134e-16,1536,1.01171875,2
977,24.425000000000001,1.599522163997629e-14,8.4487972173974413e-14,2.4699311015376766e-15,1.1948812545233525,9.9921833717288102,11.187064626252162,0.040957258588422529,-2.7651705313811627e-15,-0.04095725858842332,0.04095725858842332,nan,nan,1.0486267887008238e-18,4,5.4958949111618814e-12,5.861973717370389e-16,1536,1.01171875,2
978,24.450000000000003,1.5779297821701744e-14,8.0491169285323849e-14,2.4894874310300613e-15,1.2149502480436536,9.9721143782085075,11.187064626252161,0.041539785215460964,-2.8464364806274367e-15,-0.041539785215461769,0.041539785215461769,nan,nan,5.3871295445373502e-19,4,5.4206330164994972e-12,5.7284173974842618e-16,2560,1.01953125,2
979,24.475000000000001,1.5709308093278702e-14,7.2192252176250804e-14,2.511128226960372e-15,1.2348284658851505,9.9522361603670113,11.187064626252162,0.042104675775571442,-2.9267159050706168e-15,-0.042104675775572246,0.042104675775572246,nan,nan,4.2690460541616737e-19,4,5.2721407393148733e-12,5.4531884902997419e-16,1536,1.01171875,2
980,24.5,1.5796552725648224e-14,6.2783112042552602e-14,2.5377745695468741e-15,1.2543858975010604,9.9326787287510996,11.187064626252161,0.042651194367952838,-3.0093212308099712e-15,-0.042651194367953629,0.042651194367953629,nan,nan,2.6427427954334171e-19,4,5.0739155769347586e-12,5.105004190102418e-16,3584,1.02734375,2
981,24.525000000000002,1.5928807395150914e-14,6.2311267257086911e-14,2.5728556016146304e-15,1.2735010347997642,9.9135635914523945,11.187064626252159,0.043178675797617805,-3.1017708138418849e-15,-0.043178675797618617,0.043178675797618617,nan,nan,1.6093625997831706e-19,4,4.836230310079836e-12,4.662264584437594e-16,1536,1.01171875,2
982,24.550000000000001,1.621120870125145e-14,5.9424687393061504e-14,2.6059503215842741e-15,1.2920588957239965,9.8950057305281618,11.187064626252159,0.043686612860802942,-3.1931138518604886e-15,-0.043686612860803747,0.043686612860803747,nan,nan,-5.9292306307801024e-20,4,4.662689378775984e-12,4.4021341418827868e-16,2048,1.015625,2
983,24.575000000000003,1.6544562554909572e-14,6.4687838419175137e-14,2.6434944447206599e-15,1.30994171886723,9.877122907384928,11.187064626252159,0.044174441827431916,-3.2874227624591733e-15,-0.044174441827432742,0.044174441827432742,nan,nan,-3.6761229910836635e-19,4,4.4389153839692191e-12,4.1056390313376567e-16,2560,1.01953125,2
984,24.600000000000001,1.681516686936619e-14,7.0016908937375888e-14,2.688642804199795e-15,1.3270390788388988,9.8600255474132599,11.187064626252159,0.044641714895794625,-3.3780783341885518e-15,-0.044641714895795451,0.044641714895795451,nan,nan,-6.8101448959245747e-19,4,4.2737904115179342e-12,3.8628834914570635e-16,1024,1.0078125,2
985,24.625,1.7135040471545648e-14,7.0506100957601348e-14,2.7331220533968885e-15,1.3432676750641765,9.843796951187981,11.187064626252157,0.045088137880559251,-3.4744303855283276e-15,-0.045088137880560056,0.045088137880560056,nan,nan,-9.7917008702597119e-19,4,4.0680855842863175e-12,3.5045132607991726e-16,1024,1.0078125,2
986,24.650000000000002,1.734346980034475e-14,6.7286454186188394e-14,2.7721224280451496e-15,1.3585278518213686,9.8285367744307877,11.187064626252155,0.045513301407809771,-3.5752697271061532e-15,-0.045513301407810583,0.045513301407810583,nan,nan,-8.1484569525863693e-19,4,3.8177536913827225e-12,3.2475874926604337e-16,2560,1.01953125,2
987,24.675000000000001,1.7350169531502773e-14,6.4309668701412193e-14,2.8176217939053154e-15,1.372680385275479,9.8143842409766773,11.187064626252155,0.045916674569001149,-3.6702053603433527e-15,-0.045916674569001947,0.045916674569001947,nan,nan,-7.1658987337713809e-19,4,3.4971677748515038e-12,2.8942195321457355e-16,3072,1.0234375,2
988,24.700000000000003,1.7184590488723914e-14,6.361577931102147e-14,2.8601590842938737e-15,1.3855953245757093,9.8014693016764465,11.187064626252155,0.046297687873717353,-3.7692398007364463e-15,-0.046297687873718144,0.046297687873718144,nan,nan,-7.453889935837843e-19,4,3.2687144420950831e-12,2.7189493177264369e-16,1024,1.0078125,2
989,24.725000000000001,1.7021833445330268e-14,5.9868776602911566e-14,2.902453975615908e-15,1.3972153518871526,9.7898492743650039,11.187064626252157,0.046656029335005698,-3.8732933509000868e-15,-0.046656029335006483,0.046656029335006483,nan,nan,-6.2680438096818225e-19,4,3.0505513841640094e-12,2.4574556942640352e-16,512,1.00390625,2
990,24.75,1.6716411601999964e-14,6.6252558994506217e-14,2.9407344646271602e-15,1.407468070809923,9.7795965554422342,11.187064626252157,0.046991340627743676,-3.971589013229246e-15,-0.046991340627744446,0.046991340627744446,nan,nan,-6.3019251275719945e-19,4,2.8748986224475293e-12,2.3083784860084594e-16,1024,1.0078125,2
991,24.775000000000002,1.642547102828812e-14,6.9944050551384862e-14,2.9763526127569145e-15,1.4163100748692545,9.7707545513829022,11.187064626252157,0.047303364743695481,-4.0750692219459719e-15,-0.047303364743696265,0.047303364743696265,nan,nan,-2.8460307027744491e-19,4,2.8346807114480256e-12,2.1676203498855969e-16,2560,1.01953125,2
992,24.800000000000001,1.6295614997059002e-14,6.9250161160994139e-14,3.0156902472095914e-15,1.4237280946748594,9.7633365315772984,11.187064626252157,0.047591659985061693,-4.1804480385427064e-15,-0.047591659985062457,0.047591659985062457,nan,nan,-1.5754812818929986e-19,4,2.8737174436184435e-12,2.1434077613885024e-16,4096,1.03125,2
993,24.825000000000003,1.6241640352271949e-14,6.361577931102147e-14,3.0520112969304679e-15,1.4297022622506719,9.7573623640014855,11.187064626252157,0.047855754265821997,-4.2893581730287079e-15,-0.047855754265822753,0.047855754265822753,nan,nan,-9.8255821881498839e-20,4,2.8635341822250006e-12,2.0517189665666595e-16,2560,1.01953125,2
994,24.850000000000001,1.6285233894507441e-14,6.3213323464594851e-14,3.0850025274455964e-15,1.4342237512782465,9.7528408749739111,11.187064626252157,0.048095337498812708,-4.3950658626325123e-15,-0.048095337498813458,0.048095337498813458,nan,nan,-1.2536087619363645e-19,4,2.7870632671880565e-12,1.9576114646234246e-16,3072,1.0234375,2
995,24.875,1.6354808203794617e-14,6.5780714209040525e-14,3.120673185616259e-15,1.4372857374854997,9.7497788887666594,11.187064626252159,0.048310146405588054,-4.5002800171825721e-15,-0.048310146405588811,0.048310146405588811,nan,nan,-1.3891340334970526e-19,4,2.8843573029283899e-12,1.9406453949086914e-16,1536,1.01171875,2
996,24.900000000000002,1.6309169283700613e-14,6.399047958183246e-14,3.1678719652021783e-15,1.4388688250865249,9.7481958011656342,11.187064626252159,0.048499999859330553,-4.6103140132780743e-15,-0.048499999859331289,0.048499999859331289,nan,nan,-3.9302328752599536e-19,4,2.943889343260991e-12,1.8923187461985779e-16,1536,1.01171875,2
997,24.925000000000001,1.6538913105352177e-14,6.6502359175046877e-14,3.2181704063587213e-15,1.4389802577046684,9.7480843685474898,11.187064626252159,0.048664731188649765,-4.7151190079382207e-15,-0.048664731188650473,0.048664731188650473,nan,nan,-2.8460307027744491e-19,4,3.0038953322000699e-12,1.9260227381572338e-16,2048,1.015625,2
998,24.950000000000003,1.6686655044158833e-14,6.6877059445857867e-14,3.2717062049510212e-15,1.4376424063107907,9.7494222199413691,11.187064626252159,0.048804153517614149,-4.829260704952306e-15,-0.048804153517614843,0.048804153517614843,nan,nan,-5.7598240413292423e-19,4,3.1042443332923699e-12,1.9393850081993438e-16,1536,1.01171875,2
999,24.975000000000001,1.6742454511014303e-14,6.3310467979249552e-14,3.3298741807651728e-15,1.4348469498768299,9.752217676375329,11.187064626252159,0.048918113561749549,-4.9373701797552645e-15,-0.04891811356175025,0.04891811356175025,nan,nan,-6.7254416011991447e-19,4,3.1780017221660911e-12,2.0125595109489427e-16,2560,1.01953125,2
1000,25,1.6748226237723595e-14,6.3726801613483985e-14,3.3795854532101915e-15,1.430606930732105,9.7564576955200533,11.187064626252159,0.049006368134987467,-5.0445054206940332e-15,-0.04900636813498814,0.04900636813498814,nan,nan,-4.4045713257223618e-19,4,3.2813639232297102e-12,2.0355912540494548e-16,2048,1.015625,2
1001,25.025000000000002,1.6740992027046621e-14,6.4781513486877884e-14,3.427450264691701e-15,1.4249249140543716,9.7621397121977882,11.187064626252159,0.049068763537923013,-5.1541472277807773e-15,-0.049068763537923651,0.049068763537923651,nan,nan,-6.5052130349130266e-19,4,3.327137913781938e-12,2.0857669807710446e-16,2560,1.01953125,2
1002,25.050000000000001,1.6598049456869924e-14,6.6224803418890588e-14,3.465312115087048e-15,1.4178135312074038,9.7692510950447549,11.187064626252159,0.049105106453913777,-5.261307932916533e-15,-0.049105106453914416,0.049105106453914416,nan,nan,-7.8604657505199071e-19,4,3.3315181903623766e-12,2.1596870507036287e-16,3072,1.0234375,2
1003,25.075000000000003,1.6604392977594221e-14,6.411537967210279e-14,3.4943401271784144e-15,1.4093268918171913,9.7777377344349681,11.187064626252159,0.049115188916097452,-5.3717675042259758e-15,-0.04911518891609807,0.04911518891609807,nan,nan,-7.2506020284968109e-19,4,3.309554718124865e-12,2.2182226929428073e-16,1024,1.0078125,2
1004,25.100000000000001,1.6661534479600808e-14,6.6002758813965556e-14,3.5068774580525966e-15,1.3995048180931564,9.7875598081590027,11.187064626252159,0.049098759621749664,-5.4894723049031287e-15,-0.049098759621750275,0.049098759621750275,nan,nan,-7.6741185021239611e-19,4,3.2352179606844687e-12,2.2036111151130701e-16,3584,1.02734375,2
1005,25.125,1.6802904282369542e-14,6.2033711500930622e-14,3.5059201678847112e-15,1.3883813801740321,9.7986832460781272,11.187064626252159,0.04905528090428915,-5.595187546228765e-15,-0.04905528090428974,0.04905528090428974,nan,nan,-6.8101448959245747e-19,4,3.1412068847577516e-12,2.2104906887351164e-16,3072,1.0234375,2
1006,25.150000000000002,1.697792729388129e-14,5.7537308251198738e-14,3.4986813660292123e-15,1.3759919319312,9.8110726943209592,11.187064626252159,0.048984183479303771,-5.704166487604132e-15,-0.048984183479304347,0.048984183479304347,nan,nan,-7.0981360979910368e-19,4,3.0813494476580611e-12,2.1695024405884389e-16,2560,1.01953125,2
1007,25.175000000000001,1.7091191832969059e-14,6.1672889017927446e-14,3.4945049258258449e-15,1.3623623028712484,9.8247023233809099,11.187064626252159,0.0488851775730864,-5.8142493534939062e-15,-0.048885177573086969,0.048885177573086969,nan,nan,-8.5719734262135194e-19,4,3.0429618496070194e-12,2.186664595077814e-16,1536,1.01171875,2
1008,25.200000000000003,1.7362198144307575e-14,6.3227201252402665e-14,3.4955623049742022e-15,1.3475270838147222,9.8395375424374372,11.187064626252159,0.048758239400625597,-5.9181516594280181e-15,-0.048758239400626138,0.048758239400626138,nan,nan,-4.4892746204477918e-19,4,3.1127091623295773e-12,2.2359904194836786e-16,2048,1.015625,2
1009,25.225000000000001,1.7506838737656159e-14,6.4032112945255903e-14,3.5099249263414141e-15,1.3315084111022675,9.8555562151498908,11.187064626252159,0.048603444439723399,-6.0304072216256181e-15,-0.048603444439723933,0.048603444439723933,nan,nan,-3.0831999280056532e-19,4,3.2062537248842251e-12,2.30440802051174e-16,4096,1.03125,2
1010,25.25,1.7473634294365491e-14,6.5836225360271783e-14,3.5435386156092896e-15,1.3143015459925673,9.8727630802595918,11.187064626252159,0.048420803900145859,-6.1399636503380433e-15,-0.048420803900146372,0.048420803900146372,nan,nan,-4.5739779151732218e-20,4,3.2811145225483576e-12,2.3468241319544765e-16,1536,1.01171875,2
1011,25.275000000000002,1.7413614304193674e-14,6.6113781116428072e-14,3.596264480427209e-15,1.2959023920503658,9.8911622342017917,11.187064626252157,0.048210213591952683,-6.2539670304379147e-15,-0.048210213591953183,0.048210213591953183,nan,nan,-1.8465318250143747e-19,4,3.3583407043920867e-12,2.3929337288464254e-16,1536,1.01171875,2
1012,25.300000000000001,1.7246546932142351e-14,6.4614980033184111e-14,3.6682104539581471e-15,1.2763369387281938,9.9107276875239645,11.187064626252159,0.047971843771361447,-6.3594281835955669e-15,-0.047971843771361933,0.047971843771361933,nan,nan,-2.9646153153900512e-19,4,3.548334785178863e-12,2.5137746029395523e-16,2560,1.01953125,2
1013,25.325000000000003,1.6947679069912723e-14,6.2672089740090087e-14,3.7527446290735707e-15,1.2556214221454589,9.9314432041066976,11.187064626252157,0.047705848325656018,-6.4704857602916442e-15,-0.047705848325656469,0.047705848325656469,nan,nan,-2.2361669807513529e-19,4,3.8144015094349485e-12,2.6598753684753715e-16,1536,1.01171875,2
1014,25.350000000000001,1.6527973787461683e-14,5.9979798905374082e-14,3.8454704886739986e-15,1.2337637506575936,9.9533008755945627,11.187064626252155,0.04741246946404562,-6.5770705535670422e-15,-0.047412469464046064,0.047412469464046064,nan,nan,-1.2874900798265365e-19,4,3.9769779833173422e-12,2.7871380241810022e-16,3072,1.0234375,2
1015,25.375,1.6107683939886048e-14,5.6232796197264179e-14,3.9313540135952607e-15,1.2107866769184319,9.9762779493337241,11.187064626252155,0.047091947875624249,-6.6884923451244778e-15,-0.047091947875624679,0.047091947875624679,nan,nan,-1.4230153513872246e-19,4,4.1879244896852803e-12,2.9570913016570254e-16,1536,1.01171875,2
1016,25.400000000000002,1.5816198239613457e-14,5.4789506265251475e-14,4.0052109294696907e-15,1.1867288275719716,10.000335798680185,11.187064626252157,0.046744614603551532,-6.7996595556337036e-15,-0.046744614603551948,0.046744614603551948,nan,nan,-1.7618285302889447e-19,4,4.3804562743673607e-12,3.1588465239643333e-16,1536,1.01171875,2
1017,25.425000000000001,1.5697886900880966e-14,6.0229599085914742e-14,4.0598234672107077e-15,1.1616316977107339,10.025432928541424,11.187064626252157,0.046370829616727165,-6.9049022794671704e-15,-0.046370829616727553,0.046370829616727553,nan,nan,-1.4738373282224826e-19,4,4.6161417643196822e-12,3.26962733522741e-16,3072,1.0234375,2
1018,25.450000000000003,1.5712141467036743e-14,5.900835375882707e-14,4.0817879021633974e-15,1.1355266966959658,10.051537929556192,11.187064626252157,0.045971009803619713,-7.013619894979775e-15,-0.04597100980362008,0.04597100980362008,nan,nan,3.0493186101154812e-20,4,4.8170790004600608e-12,3.4622707790901081e-16,2560,1.01953125,2
1019,25.475000000000001,1.6069953843640924e-14,6.2561067437627571e-14,4.0799965860724492e-15,1.1084695133547653,10.078595112897393,11.187064626252159,0.045545658337651257,-7.1276165933260571e-15,-0.045545658337651604,0.045545658337651604,nan,nan,6.7762635780344027e-20,4,4.9618352386571948e-12,3.6604812737738582e-16,1536,1.01171875,2
1020,25.5,1.6564198269688009e-14,6.7057470687359455e-14,4.0542595643346083e-15,1.0805211213800987,10.106543504872059,11.187064626252157,0.04509521833484284,-7.2283981339728937e-15,-0.04509521833484316,0.04509521833484316,nan,nan,-1.9481757786848908e-19,4,5.1120653695764908e-12,3.7828848755066573e-16,2560,1.01953125,2
1021,25.525000000000002,1.6976278087679471e-14,6.7473804321593889e-14,4.0145783674166558e-15,1.0517471284475777,10.13531749780458,11.187064626252159,0.044620170919910968,-7.3283052956358963e-15,-0.044620170919911259,0.044620170919911259,nan,nan,-1.8973538018496328e-19,4,5.2972022698162394e-12,3.9196506288376701e-16,2048,1.015625,2
1022,25.550000000000001,1.7467539993627602e-14,6.8223204863215869e-14,3.9776235304071827e-15,1.0222320612725904,10.164832564979568,11.187064626252159,0.044121132994224224,-7.4356768441333313e-15,-0.044121132994224502,0.044121132994224502,nan,nan,-3.0493186101154812e-20,4,5.4832281944245434e-12,4.1512367141655192e-16,2048,1.015625,2
1023,25.575000000000003,1.783040504197558e-14,7.0943251273547503e-14,3.9507837673296135e-15,0.99204368632318474,10.195020939928975,11.187064626252159,0.043598750353523397,-7.5394515856301646e-15,-0.043598750353523667,0.043598750353523667,nan,nan,-1.2874900798265365e-19,4,5.5487286291658843e-12,4.212609151275699e-16,2048,1.015625,2
1024,25.600000000000001,1.7999182118049972e-14,7.3802075561957281e-14,3.939378060729911e-15,0.96125207995735684,10.225812546294803,11.187064626252159,0.043053588406333179,-7.6438863301047295e-15,-0.043053588406333422,0.043053588406333422,nan,nan,9.4867690092481638e-20,4,5.5724919418046626e-12,4.3449045793920171e-16,1024,1.0078125,2
1025,25.625,1.7943076420492504e-14,7.5578432401357531e-14,3.9517401669364821e-15,0.92994126680174183,10.257123359450418,11.187064626252159,0.042486246873278871,-7.7431360649834842e-15,-0.042486246873279107,0.042486246873279107,nan,nan,-1.5246593050577406e-19,4,5.5892881747506031e-12,4.4816194866524302e-16,2048,1.015625,2
1026,25.650000000000002,1.7657447231583349e-14,7.1165295878472534e-14,3.9870728066473331e-15,0.89820950082980389,10.288855125422357,11.187064626252161,0.041897429504745204,-7.8483786832599971e-15,-0.041897429504745412,0.041897429504745412,nan,nan,-6.0986372202309624e-20,4,5.6463673407526955e-12,4.6320793574708171e-16,2560,1.01953125,2
1027,25.675000000000001,1.7251093823022777e-14,6.2783112042552602e-14,4.0404208954563861e-15,0.8661595901885476,10.320905036063612,11.187064626252161,0.041287724315877891,-7.9451279907263454e-15,-0.041287724315878072,0.041287724315878072,nan,nan,-7.7927031147395631e-20,4,5.6585468202896306e-12,4.6868753231722002e-16,3584,1.02734375,2
1028,25.700000000000003,1.687715074994164e-14,5.9757754300449051e-14,4.098145383722393e-15,0.8338894559147404,10.353175170337419,11.187064626252159,0.040657872260348699,-8.0417703480875847e-15,-0.040657872260348865,0.040657872260348865,nan,nan,4.5739779151732218e-20,4,5.6982894294524628e-12,4.8492862535565816e-16,1024,1.0078125,2
1029,25.725000000000001,1.6516162717152028e-14,5.3179682879544998e-14,4.1529076583184115e-15,0.80149751744380515,10.385567108808354,11.187064626252159,0.040008492299378501,-8.138201740949447e-15,-0.040008492299378653,0.040008492299378653,nan,nan,1.1519648082658485e-19,4,5.6886092449458823e-12,5.0522694690823894e-16,2048,1.015625,2
1030,25.75,1.6292784591050871e-14,5.6066262743570405e-14,4.1942488772829919e-15,0.76909335907083543,10.417971267181324,11.187064626252159,0.039340307180037663,-8.2383522114184033e-15,-0.039340307180037795,0.039340307180037795,nan,nan,2.422514229147299e-19,4,5.6898302759376576e-12,5.1735907838755427e-16,2048,1.015625,2
1031,25.775000000000002,1.6249922254624107e-14,5.6843418860808015e-14,4.2220654554289735e-15,0.73677953257928674,10.450285093672873,11.187064626252159,0.038653997749340363,-8.3309543055804299e-15,-0.038653997749340481,0.038653997749340481,nan,nan,5.5904174518783822e-20,4,5.6398290158798532e-12,5.2476255968781057e-16,1024,1.0078125,2
1032,25.800000000000001,1.6352325344123539e-14,6.2894134345015118e-14,4.2379591287185184e-15,0.70466137887831704,10.482403247373842,11.187064626252159,0.037950242088522768,-8.4305312271501445e-15,-0.037950242088522858,0.037950242088522858,nan,nan,-7.6232965252887031e-20,4,5.5939609635702791e-12,5.297487111841745e-16,2560,1.01953125,2
1033,25.825000000000003,1.6511892149619557e-14,6.8015038046098653e-14,4.2438316924193597e-15,0.672838902437224,10.514225723814935,11.187064626252159,0.037229847411314909,-8.5213578469036212e-15,-0.037229847411314979,0.037229847411314979,nan,nan,-2.1684043449710089e-19,4,5.5759223404288225e-12,5.4277055074658441e-16,2048,1.015625,2
1034,25.850000000000001,1.6709076900730726e-14,6.9277916736609768e-14,4.2361012049974426e-15,0.64141252951199246,10.545652096740167,11.187064626252159,0.03649334821573532,-8.6115106818426072e-15,-0.036493348215735376,0.036493348215735376,nan,nan,-1.3552527156068805e-20,4,5.5536000028800531e-12,5.3812101581480158e-16,3584,1.02734375,2
1035,25.875,1.6872694580340011e-14,6.7057470687359455e-14,4.220982946878791e-15,0.61053684156627075,10.576527784685887,11.187064626252157,0.035741313082125636,-8.6950106391800382e-15,-0.035741313082125678,0.035741313082125678,nan,nan,1.9820570965750628e-19,4,5.5409984863584434e-12,5.6186787423075559e-16,1024,1.0078125,2
1036,25.900000000000002,1.69549452799745e-14,6.3116178949940149e-14,4.2011058222243788e-15,0.58033307780518806,10.60673154844697,11.187064626252157,0.034974384973270871,-8.7761264809630129e-15,-0.034974384973270885,0.034974384973270885,nan,nan,1.3721933745519665e-19,4,5.5312293795436244e-12,5.5342392826853444e-16,4096,1.03125,2
1037,25.925000000000001,1.7026134792690812e-14,6.5211724908920132e-14,4.1713877908776454e-15,0.55091685883607011,10.636147767416087,11.187064626252157,0.034193221884378677,-8.853075953445028e-15,-0.034193221884378663,0.034193221884378663,nan,nan,8.3009228830921433e-20,4,5.5024052549409488e-12,5.7833779282249428e-16,3584,1.02734375,2
1038,25.950000000000003,1.7103791316153461e-14,6.7307270867900115e-14,4.1437926405130891e-15,0.52238828814918892,10.664676338102968,11.187064626252157,0.03339857000177391,-8.9331604949492408e-15,-0.033398570001773889,0.033398570001773889,nan,nan,1.4230153513872246e-19,4,5.4621851239187006e-12,5.6597154204326958e-16,1024,1.0078125,2
1039,25.975000000000001,1.7036716684773369e-14,6.8028915833906467e-14,4.1194389340919556e-15,0.49484044986775766,10.6922241763844,11.187064626252157,0.032591100437212105,-9.0131069151994706e-15,-0.032591100437212077,0.032591100437212077,nan,nan,5.082197683525802e-20,4,5.4246979335290231e-12,5.8213089937960921e-16,2560,1.01953125,2
1040,26,1.6991290329352385e-14,7.0679573305199028e-14,4.1004400354403998e-15,0.46838631978875206,10.718678306463405,11.187064626252157,0.03177136168355621,-9.0809194508435835e-15,-0.031771361683556168,0.031771361683556168,nan,nan,-3.2187251995663413e-20,4,5.3995818615615726e-12,5.8190457152974005e-16,2048,1.015625,2
1041,26.025000000000002,1.7065198630348558e-14,7.177591854201637e-14,4.0825485675807185e-15,0.4431048409308006,10.743959785321355,11.187064626252155,0.030939980057645412,-9.1551104168598198e-15,-0.030939980057645342,0.030939980057645342,nan,nan,-2.8799120206646212e-20,4,5.3439136549832843e-12,5.6906194485547887e-16,2560,1.01953125,2
1042,26.050000000000001,1.7127204865932607e-14,7.2483685720214908e-14,4.0710439694312952e-15,0.41905726239493385,10.768007363857221,11.187064626252155,0.030097555344891152,-9.2228876658776968e-15,-0.030097555344891065,0.030097555344891065,nan,nan,-2.456395547037471e-20,4,5.3172736291592666e-12,5.7865164011623594e-16,3072,1.0234375,2
1043,26.075000000000003,1.7209752514025991e-14,7.6411099669826399e-14,4.0649675268265111e-15,0.39630892676250012,10.790755699489655,11.187064626252155,0.029244569395692539,-9.2854439166549511e-15,-0.029244569395692428,0.029244569395692428,nan,nan,-1.5500702934753696e-19,4,5.2983867746725146e-12,5.6921072940522333e-16,1024,1.0078125,2
1044,26.100000000000001,1.7199207343383796e-14,7.5731088067243491e-14,4.0633742049321363e-15,0.37490460406863552,10.812160022183519,11.187064626252155,0.028381484963115135,-9.34692373235305e-15,-0.028381484963114999,0.028381484963114999,nan,nan,-2.9307339974998792e-19,4,5.2699105372341693e-12,5.7844986905801654e-16,2560,1.01953125,2
1045,26.125,1.7131792789276677e-14,7.5571493507453624e-14,4.0788841423918458e-15,0.35488158793963931,10.832183038312515,11.187064626252154,0.027508753924673661,-9.406113292505656e-15,-0.027508753924673491,0.027508753924673491,nan,nan,-4.0572878173480986e-19,4,5.2451878892729415e-12,5.864690296307718e-16,4096,1.03125,2
1046,26.150000000000002,1.7065762557063768e-14,7.6442324692393981e-14,4.1017034599819577e-15,0.33625866627352863,10.850805959978626,11.187064626252154,0.026626702505682793,-9.4594356258944623e-15,-0.026626702505682595,0.026626702505682595,nan,nan,-3.5321273900504324e-19,4,5.2161161067234092e-12,5.9151768368261651e-16,2048,1.015625,2
1047,26.175000000000001,1.701218071592092e-14,7.4735356792032803e-14,4.1176448062712465e-15,0.3190250892879129,10.86803953696424,11.187064626252152,0.025735877892871122,-9.5117535604710495e-15,-0.025735877892870913,0.025735877892870913,nan,nan,-3.9979955110402976e-19,4,5.2013690226162924e-12,5.6373756971332736e-16,3584,1.02734375,2
1048,26.200000000000003,1.6914690669252564e-14,6.6736899210009804e-14,4.1334646937759899e-15,0.30316143331649054,10.883903192935662,11.187064626252154,0.024836911206539636,-9.5587608573549618e-15,-0.024836911206539414,0.024836911206539414,nan,nan,-3.3034284942917713e-19,4,5.2112426354243278e-12,5.6547608666625881e-16,1536,1.01171875,2
1049,26.225000000000001,1.670055591164811e-14,6.5752958633424896e-14,4.1429974483374348e-15,0.28864307929771077,10.898421546954442,11.187064626252152,0.0239303490393202,-9.6002827045063736e-15,-0.023930349039319954,0.023930349039319954,nan,nan,-4.1843427594362437e-19,4,5.2298715653690742e-12,5.731965740424726e-16,1536,1.01171875,2
1050,26.25,1.6562669923712654e-14,6.2450045135165055e-14,4.1320350427246002e-15,0.27544084717996453,10.911623779072189,11.187064626252154,0.023016751955857038,-9.6440628303845502e-15,-0.023016751955856774,0.023016751955856774,nan,nan,-3.3627208005995723e-19,4,5.2476755572162578e-12,5.807983202238381e-16,3072,1.0234375,2
1051,26.275000000000002,1.6458379435766699e-14,6.5530914028499865e-14,4.109495944332343e-15,0.26352085511231227,10.92354377113984,11.187064626252152,0.022096683136979902,-9.6738274424294771e-15,-0.022096683136979614,0.022096683136979614,nan,nan,-2.524158182817815e-19,4,5.2920058626710594e-12,5.5109055779212668e-16,3584,1.02734375,2
1052,26.300000000000001,1.6402870886946992e-14,6.9028116556069108e-14,4.0838471786703615e-15,0.2528321598278,10.934232466424351,11.187064626252152,0.021170651827948549,-9.706673994355569e-15,-0.021170651827948243,0.021170651827948243,nan,nan,-1.0672615135404184e-19,4,5.3364982187569286e-12,5.4593823748792932e-16,512,1.00390625,2
1053,26.325000000000003,1.6359284582389745e-14,6.8889338677990963e-14,4.0403448015922822e-15,0.24332526408295249,10.943739362169199,11.187064626252152,0.020239288733893638,-9.7344461565373796e-15,-0.020239288733893322,0.020239288733893322,nan,nan,-3.7438856268640075e-19,4,5.398594963570265e-12,5.4087433884973426e-16,1024,1.0078125,2
1054,26.350000000000001,1.6368355859677536e-14,6.8701988542585468e-14,3.9884662766672968e-15,0.23495221423787882,10.952112412014273,11.187064626252152,0.019303300545108756,-9.762813829140461e-15,-0.019303300545108419,0.019303300545108419,nan,nan,-3.9810548520952116e-19,4,5.4696634770759595e-12,5.5523932812734612e-16,1536,1.01171875,2
1055,26.375,1.6416352852037877e-14,7.4953931950005881e-14,3.9339745362302273e-15,0.22765312575281815,10.959411500499332,11.18706462625215,0.01836338213964266,-9.7804590479394446e-15,-0.018363382139642309,0.018363382139642309,nan,nan,-5.116079001415974e-19,4,5.5544738600615023e-12,5.3503887193496094e-16,3072,1.0234375,2
1056,26.400000000000002,1.6502791063950582e-14,8.2114870458838141e-14,3.8843246434442108e-15,0.22136230824924594,10.965702318002904,11.18706462625215,0.01742019242725459,-9.7968468197575211e-15,-0.017420192427254219,0.017420192427254219,nan,nan,-2.6596834543785031e-19,4,5.6350119961287897e-12,5.6343888762561894e-16,2048,1.015625,2
1057,26.425000000000001,1.6601344633915782e-14,8.6153306710912148e-14,3.8341947118445036e-15,0.21601986548984767,10.971044760762302,11.18706462625215,0.016474330990784204,-9.8113461570321809e-15,-0.016474330990783811,0.016474330990783811,nan,nan,-8.3856261778175734e-20,4,5.7363396299425548e-12,5.5683040457712721e-16,2048,1.015625,2
1058,26.450000000000003,1.6764418721449196e-14,8.7055362918420087e-14,3.7942300615861951e-15,0.2115727568407863,10.975491869411364,11.18706462625215,0.015526522571759328,-9.8238160461420397e-15,-0.015526522571758924,0.015526522571758924,nan,nan,-8.3009228830921433e-20,4,5.7877823947858262e-12,5.6185027863569987e-16,2048,1.015625,2
1059,26.475000000000001,1.6930226325610285e-14,8.2586715244303832e-14,3.7589728502257608e-15,0.20796664275210716,10.979097983500044,11.18706462625215,0.01457748499580596,-9.8368590232030826e-15,-0.014577484995805547,0.014577484995805547,nan,nan,-2.0964065444543933e-19,4,5.8578759115163556e-12,5.526580835422552e-16,2560,1.01953125,2
1060,26.5,1.7119374536376414e-14,7.5550676825741903e-14,3.7346954094092542e-15,0.20513605253961434,10.981928573712537,11.187064626252152,0.013628000335647199,-9.8421805614849873e-15,-0.013628000335646765,0.013628000335646765,nan,nan,-1.4208977690190888e-19,4,5.9271665031789561e-12,5.5387300035701036e-16,1536,1.01171875,2
1061,26.525000000000002,1.7325199958279535e-14,6.9166894434147252e-14,3.7082376839097454e-15,0.20301072496315051,10.984053901289,11.18706462625215,0.012678767274924996,-9.8488554456124311e-15,-0.012678767274924547,0.012678767274924547,nan,nan,-5.9080548070987449e-20,4,5.979320836819947e-12,5.4397088944446875e-16,3072,1.0234375,2
1062,26.550000000000001,1.7586355759522415e-14,7.1415096059013194e-14,3.6930304923912937e-15,0.20152034297517249,10.985544283276978,11.18706462625215,0.011730474616234353,-9.8514406858346595e-15,-0.011730474616233881,0.011730474616233881,nan,nan,-1.24090326772755e-19,4,6.0290966187722059e-12,5.4463709690870629e-16,1536,1.01171875,2
1063,26.575000000000003,1.779428311475774e-14,7.0873862334508431e-14,3.6773189466369698e-15,0.20060364730557617,10.986460978946575,11.18706462625215,0.010783772193491387,-9.8487673263787606e-15,-0.010783772193490897,0.010783772193490897,nan,nan,-1.9312351197398048e-19,4,6.0497162245077876e-12,5.5278573894642393e-16,3072,1.0234375,2
1064,26.600000000000001,1.7946777627140401e-14,7.4946993056101974e-14,3.6662886901552976e-15,0.20017550983143115,10.98688911642072,11.187064626252152,0.0098393706728554728,-9.8461010764507036e-15,-0.0098393706728549749,0.0098393706728549749,nan,nan,-2.2869889575866109e-19,4,6.0534016617660531e-12,5.241179225228398e-16,3072,1.0234375,2
1065,26.625,1.799960490716501e-14,7.6050277186823223e-14,3.6458795691999626e-15,0.20015442916653936,10.986910197085612,11.187064626252152,0.0088980167186103916,-9.8446228928319425e-15,-0.0088980167186098729,0.0088980167186098729,nan,nan,-3.8539999100070665e-19,4,6.1251412737705041e-12,5.1126152647347076e-16,1536,1.01171875,2
1066,26.650000000000002,1.7892702768875252e-14,7.675804436502176e-14,3.6270757584462459e-15,0.20048866940745894,10.986575956844693,11.187064626252152,0.0079603359957275688,-9.832079068570616e-15,-0.0079603359957270345,0.0079603359957270345,nan,nan,-4.929731753020028e-19,4,6.1349682248060215e-12,5.0632422235434802e-16,1536,1.01171875,2
1067,26.675000000000001,1.7653912949693237e-14,7.9547479714392466e-14,3.6087966484283323e-15,0.20113109206166177,10.98593353419049,11.187064626252152,0.0070269324876111317,-9.8191110295266962e-15,-0.0070269324876105956,0.0070269324876105956,nan,nan,-5.7937053592194143e-19,4,6.1470593800722238e-12,5.0110851374653221e-16,4096,1.03125,2
1068,26.700000000000003,1.7254375714154336e-14,7.8340112175112608e-14,3.5874103470006305e-15,0.20199239913151212,10.985072227120639,11.187064626252152,0.0060984089756032298,-9.7965424146189155e-15,-0.0060984089756026755,0.0060984089756026755,nan,nan,-6.6746196243638867e-19,4,6.1241158230717168e-12,4.9135668887356635e-16,1024,1.0078125,2
1069,26.725000000000001,1.6834858556558681e-14,7.2580830234869609e-14,3.5652231833140254e-15,0.20299277365877547,10.984071852593376,11.187064626252152,0.0051752747818487425,-9.7736056137695338e-15,-0.0051752747818481735,0.0051752747818481735,nan,nan,-7.9028173978826222e-19,4,6.1596712579190908e-12,4.7679026831400896e-16,3584,1.02734375,2
1070,26.75,1.6426256096468684e-14,7.0832228971084987e-14,3.5400545748489244e-15,0.20406363612096554,10.983000990131186,11.187064626252152,0.0042582860906925195,-9.7430077157620256e-15,-0.0042582860906919496,0.0042582860906919496,nan,nan,-7.2506020284968109e-19,4,6.1416992715552156e-12,4.7433216302644649e-16,1536,1.01171875,2
1071,26.775000000000002,1.6094633537695282e-14,7.5286998857393428e-14,3.5151196413670793e-15,0.20515176368928584,10.981912862562865,11.18706462625215,0.003348058690842079,-9.7087735713215664e-15,-0.0033480586908414961,0.0033480586908414961,nan,nan,-8.6651470504114925e-19,4,6.1591745647111831e-12,4.6947292489188975e-16,2560,1.01953125,2
1072,26.800000000000001,1.5907941896912607e-14,7.6300077367363883e-14,3.4747017680703057e-15,0.20621390438619971,10.980850721865952,11.187064626252152,0.0024451779532207417,-9.6722913458513243e-15,-0.002445177953220151,0.002445177953220151,nan,nan,-9.994988777600744e-19,4,6.0620231503209148e-12,4.3642558456847443e-16,2048,1.015625,2
1073,26.825000000000003,1.5893727685640539e-14,7.4704131769465221e-14,3.4373892986019789e-15,0.20719704254273716,10.979867583709416,11.187064626252152,0.0015502600418584173,-9.6338766482435429e-15,-0.0015502600418578071,0.0015502600418578071,nan,nan,-9.918755812347857e-19,4,6.0115963224332685e-12,4.5814734363270984e-16,1024,1.0078125,2
1074,26.850000000000001,1.6050133905207403e-14,7.0221606307541151e-14,3.391862395182584e-15,0.20810466299263128,10.97895996325952,11.187064626252152,0.00066381260754123927,-9.5901300034234247e-15,-0.00066381260754062085,0.00066381260754062085,nan,nan,-9.5206503271383358e-19,4,5.9609765450885597e-12,4.2927216598443947e-16,4096,1.03125,2
1075,26.875,1.635957306675081e-14,6.6641137053125021e-14,3.3415871665380615e-15,0.20894161914596748,10.978123007106184,11.187064626252152,0.0002135434627167955,-9.5428848774205156e-15,0.00021354346271743171,0.00021354346271743171,nan,nan,-1.1282478857427281e-18,4,5.828590763672894e-12,4.2384593606472316e-16,2048,1.015625,2
1076,26.900000000000002,1.6757202496203596e-14,6.0507154842071031e-14,3.2894424313299702e-15,0.20972199555265286,10.977342630699498,11.187064626252152,0.0010813254304246588,-9.4909019064111413e-15,0.0010813254304252976,0.0010813254304252976,nan,nan,-1.0926725019580474e-18,4,5.7566413513837459e-12,4.1862327161383496e-16,3072,1.0234375,2
1077,26.925000000000001,1.7234516575724232e-14,6.3282712403633923e-14,3.2352109169810204e-15,0.21051434285088841,10.976550283401263,11.187064626252152,0.0019392115886937254,-9.4281224587252586e-15,0.0019392115886943846,0.0019392115886943846,nan,nan,-1.1248597539537109e-18,4,5.7507482062192722e-12,3.9933892742622202e-16,3072,1.0234375,2
1078,26.950000000000003,1.7628108245136068e-14,6.7890137955828322e-14,3.1800129959084728e-15,0.21130323629029041,10.97576138996186,11.18706462625215,0.0027867165054042166,-9.3666519709983261e-15,0.0027867165054048923,0.0027867165054048923,nan,nan,-1.1689054672109345e-18,4,5.6648997526513183e-12,3.921298903211357e-16,2048,1.015625,2
1079,26.975000000000001,1.7959024656019012e-14,7.5550676825741903e-14,3.1235283142377399e-15,0.21205888007493784,10.975005746177214,11.187064626252152,0.0036233527569454072,-9.3004642588734866e-15,0.0036233527569460885,0.0036233527569460885,nan,nan,-1.1502707423713399e-18,4,5.631749150661898e-12,3.9091997511307163e-16,2048,1.015625,2
1080,27,1.8175067663279449e-14,7.9575235290008095e-14,3.0678385709066217e-15,0.21279096010598167,10.97427366614617,11.187064626252152,0.0044486910905192044,-9.2319865163880562e-15,0.0044486910905198948,0.0044486910905198948,nan,nan,-1.1790698625779861e-18,4,5.5739854934971592e-12,3.8716445749302445e-16,3584,1.02734375,2
1081,27.025000000000002,1.8226691397153191e-14,7.9630746441239353e-14,3.02021477988928e-15,0.21349575553067204,10.973568870721479,11.187064626252152,0.0052622557807268083,-9.1596169081676356e-15,0.0052622557807275091,0.0052622557807275091,nan,nan,-1.0249098661777034e-18,4,5.4676374907138375e-12,3.8272910200323888e-16,3072,1.0234375,2
1082,27.050000000000001,1.8188742282772154e-14,7.663314427475143e-14,2.9726868632314046e-15,0.21415939440229975,10.972905231849852,11.187064626252152,0.0060635015599308549,-9.0840879842879907e-15,0.0060635015599315601,0.0060635015599315601,nan,nan,-9.1479558303464437e-19,4,5.4079937877419273e-12,3.7985553851910518e-16,1024,1.0078125,2
1083,27.075000000000003,1.8034496384839821e-14,7.0055072853847378e-14,2.934888908705329e-15,0.21476313179184486,10.972301494460305,11.18706462625215,0.0068519696745392841,-9.0052142637487438e-15,0.0068519696745399953,0.0068519696745399953,nan,nan,-8.9107866051152396e-19,4,5.2842825855568122e-12,3.4218802961087642e-16,1536,1.01171875,2
1084,27.100000000000001,1.7788352009367521e-14,6.6002758813965556e-14,2.8933531211768793e-15,0.21530363366516014,10.97176099258699,11.18706462625215,0.007627274963106603,-8.9160893638754056e-15,0.0076272749631073264,0.0076272749631073264,nan,nan,-7.487771253728015e-19,4,5.227895080635529e-12,3.4237595998597838e-16,3584,1.02734375,2
1085,27.125,1.7534930297863488e-14,6.6197047843274959e-14,2.8659592006711292e-15,0.21581123893524254,10.971253387316908,11.18706462625215,0.008389073871832629,-8.8200893504575632e-15,0.0083890738718333541,0.0083890738718333541,nan,nan,-7.436949276892757e-19,4,5.1798380156409582e-12,3.4150882650226363e-16,2560,1.01953125,2
1086,27.150000000000002,1.7179367330911082e-14,6.5836225360271783e-14,2.8371802476281304e-15,0.21626271828117774,10.970801907970973,11.18706462625215,0.0091367869479144735,-8.7230726600142771e-15,0.009136786947915209,0.009136786947915209,nan,nan,-4.5146856088654208e-19,4,5.1156197343276204e-12,3.4079862602508879e-16,1536,1.01171875,2
1087,27.175000000000001,1.6928678283583642e-14,6.0285110237146e-14,2.815723965528848e-15,0.21665526657925752,10.970409359672892,11.18706462625215,0.0098699389926871998,-8.6251281233929666e-15,0.0098699389926879301,0.0098699389926879301,nan,nan,-1.6601845766184287e-19,4,5.0876876187714907e-12,3.3686932627765723e-16,1536,1.01171875,2
1088,27.200000000000003,1.6734137620056594e-14,5.9667548679698257e-14,2.8105402776896395e-15,0.21700261899752027,10.970062007254631,11.187064626252152,0.010588160840494033,-8.5215810904420308e-15,0.010588160840494769,0.010588160840494769,nan,nan,-4.912791094074942e-20,4,5.0426040665901802e-12,3.3739108909860301e-16,2560,1.01953125,2
1089,27.225000000000001,1.6631086549453839e-14,5.7225058025522912e-14,2.8034015694828037e-15,0.21730478935549377,10.969759836896658,11.187064626252152,0.011290996417608017,-8.4167533452740916e-15,0.011290996417608759,0.011290996417608759,nan,nan,1.3383120566617945e-19,4,4.9995781746737873e-12,3.3453837996971637e-16,2048,1.015625,2
1090,27.25,1.6624054801673412e-14,5.3432952507037612e-14,2.8064257857305074e-15,0.21756322781631507,10.969501398435836,11.187064626252152,0.011977946854130461,-8.3064298195187921e-15,0.011977946854131206,0.011977946854131206,nan,nan,2.430984558619842e-19,4,4.9350988022604204e-12,3.1036619932965953e-16,1024,1.0078125,2
1091,27.275000000000002,1.6690007411721282e-14,5.5701970813615276e-14,2.8144145596317214e-15,0.21777974698881283,10.96928487926334,11.187064626252152,0.012648569505358582,-8.1893098910018902e-15,0.012648569505359329,0.012648569505359329,nan,nan,1.4484263398048536e-19,4,4.8788917389537883e-12,3.1577934135569291e-16,1024,1.0078125,2
1092,27.300000000000001,1.675694301141442e-14,6.0215721298106928e-14,2.8333137465888333e-15,0.21797550081271763,10.969089125439435,11.187064626252154,0.01330239012361226,-8.0645296500889797e-15,0.013302390123613009,0.013302390123613009,nan,nan,3.6591823321385775e-19,4,4.8521034538303017e-12,3.2004448135066827e-16,4096,1.03125,2
1093,27.325000000000003,1.6836320458758513e-14,6.5503158452884236e-14,2.8478132358379188e-15,0.21816358821648518,10.968901038035668,11.187064626252154,0.013938957920724346,-7.9379413509907859e-15,0.013938957920725099,0.013938957920725099,nan,nan,4.0318768289304696e-19,4,4.7879507117887253e-12,3.2224307647282843e-16,2048,1.015625,2
1094,27.350000000000001,1.6958505462898119e-14,6.8587496793170999e-14,2.8658461934166368e-15,0.21835448230059037,10.968710143951563,11.187064626252154,0.014557917447887087,-7.8110733295822204e-15,0.014557917447887848,0.014557917447887848,nan,nan,3.8285889215894375e-19,4,4.7402184725383191e-12,3.3014527373234851e-16,1024,1.0078125,2
1095,27.375,1.7094503609560871e-14,7.1245093158367467e-14,2.8767789854827888e-15,0.21855594931628783,10.968508676935866,11.187064626252154,0.015158768740240943,-7.6837125241605478e-15,0.015158768740241697,0.015158768740241697,nan,nan,3.4728350837426314e-19,4,4.6824981175771466e-12,3.0674356137278653e-16,3072,1.0234375,2
1096,27.400000000000002,1.72521167503196e-14,7.0134870133742311e-14,2.8607886693067245e-15,0.21879966021142058,10.968264966040733,11.187064626252154,0.015741161364352472,-7.5568612482274738e-15,0.015741161364353228,0.015741161364353228,nan,nan,4.1335207826009857e-19,4,4.6547390605804045e-12,3.1368799322740158e-16,2048,1.015625,2
1097,27.425000000000001,1.7470518285130056e-14,6.7862382380212694e-14,2.8283233010908952e-15,0.21912917861741832,10.967935447634737,11.187064626252155,0.016304807873223155,-7.4324369207625014e-15,0.016304807873223921,0.016304807873223921,nan,nan,5.3363075677020921e-19,4,4.6473643124676379e-12,3.4997542088814344e-16,3584,1.02734375,2
1098,27.450000000000003,1.7616989015286914e-14,6.897260540483785e-14,2.7680730505759259e-15,0.21958574585636489,10.96747888039579,11.187064626252155,0.016849434269315042,-7.2998037993358171e-15,0.016849434269315806,0.016849434269315806,nan,nan,5.7090020644939843e-19,4,4.6465694710431147e-12,3.2915811560962589e-16,3072,1.0234375,2
1099,27.475000000000001,1.7798878981373202e-14,6.847300504375653e-14,2.6868258814128166e-15,0.22021387191322556,10.96685075433893,11.187064626252155,0.017374795689138977,-7.1664779143704701e-15,0.017374795689139744,0.017374795689139744,nan,nan,6.0901668907584194e-19,4,4.6504693294992762e-12,3.2737996854751909e-16,3072,1.0234375,2
1100,27.5,1.7925249994426511e-14,6.5947247662734299e-14,2.6068276355955413e-15,0.22101945717973914,10.966045169072416,11.187064626252155,0.017880629386413837,-7.0275255411052731e-15,0.017880629386414597,0.017880629386414597,nan,nan,7.4454196063653e-19,4,4.5983420976114489e-12,3.5728157511995224e-16,2048,1.015625,2
1101,27.525000000000002,1.8039994100451146e-14,6.37406794012918e-14,2.5349291787414368e-15,0.22200774393739248,10.965056882314762,11.187064626252155,0.018366650050000433,-6.8903575588475956e-15,0.018366650050001196,0.018366650050001196,nan,nan,7.453889935837843e-19,4,4.5716574231802863e-12,3.361085695725477e-16,1024,1.0078125,2
1102,27.550000000000001,1.8053708904559077e-14,6.1201044232461754e-14,2.4829122141162241e-15,0.22321655049164046,10.963848075760515,11.187064626252155,0.018832483947656645,-6.7525735757368207e-15,0.018832483947657401,0.018832483947657401,nan,nan,7.1150767569361228e-19,4,4.5582620172098957e-12,3.4554594324184342e-16,1536,1.01171875,2
1103,27.575000000000003,1.8064477923039969e-14,6.1006755203152352e-14,2.46712648854323e-15,0.2246967509652544,10.962367875286901,11.187064626252155,0.019277654977644186,-6.6130105993697952e-15,0.019277654977644942,0.019277654977644942,nan,nan,7.6825888315965041e-19,4,4.5575380968883199e-12,3.5658926609408004e-16,1536,1.01171875,2
1104,27.600000000000001,1.8051271431635321e-14,6.1006755203152352e-14,2.4719771014930732e-15,0.22650076543672173,10.960563860815434,11.187064626252155,0.019701869558215825,-6.4670751081257827e-15,0.019701869558216581,0.019701869558216581,nan,nan,7.61482619581616e-19,4,4.5032607221009193e-12,3.6026572644339789e-16,2560,1.01953125,2
1105,27.625,1.8059665550905527e-14,6.2685967527897901e-14,2.5164936434932857e-15,0.22868265240946134,10.958381973842695,11.187064626252155,0.020104924415485163,-6.3210412374843814e-15,0.020104924415485913,0.020104924415485913,nan,nan,6.5390943528031986e-19,4,4.4846932919868989e-12,3.5467615221131539e-16,3072,1.0234375,2
1106,27.650000000000002,1.8027012992259872e-14,6.6585625901893764e-14,2.5738489422269946e-15,0.23130597792342417,10.955758648328731,11.187064626252155,0.02048656787001369,-6.1771410458515215e-15,0.020486567870014436,0.020486567870014436,nan,nan,3.6761229910836635e-19,4,4.4980727732217463e-12,3.7591480160233684e-16,2048,1.015625,2
1107,27.675000000000001,1.7992990884432293e-14,7.1720407390785113e-14,2.6403763670796622e-15,0.2344133060899472,10.952651320162207,11.187064626252155,0.020846409393703698,-6.0234817612700001e-15,0.020846409393704444,0.020846409393704444,nan,nan,2.558039500707987e-19,4,4.5512887840456738e-12,3.8815776922816926e-16,2560,1.01953125,2
1108,27.700000000000003,1.7973715021307103e-14,7.7576833845682813e-14,2.7102033353248619e-15,0.23806612859163365,10.948998497660522,11.187064626252155,0.021184054893960511,-5.8693521490174432e-15,0.021184054893961253,0.021184054893961253,nan,nan,1.0842021724855044e-19,4,4.5556447285125389e-12,3.8714158866690852e-16,1536,1.01171875,2
1109,27.725000000000001,1.7930017809964641e-14,7.8131945357995392e-14,2.7875516990823025e-15,0.24233075341102089,10.944733872841134,11.187064626252155,0.021499211056595469,-5.7143158592661236e-15,0.021499211056596201,0.021499211056596201,nan,nan,-2.7105054312137611e-20,4,4.5566000029189033e-12,3.8769011364705027e-16,2048,1.015625,2
1110,27.75,1.7817629808171145e-14,7.5967010459976336e-14,2.8413130468488023e-15,0.24725753820566071,10.939807088046495,11.187064626252155,0.021791680701713383,-5.5612584589004425e-15,0.021791680701714111,0.021791680701714111,nan,nan,-2.9646153153900512e-19,4,4.5319899383929527e-12,4.0393804880822698e-16,2560,1.01953125,2
1111,27.775000000000002,1.7717632677731125e-14,7.1387340483397566e-14,2.8812676487201844e-15,0.25290968531122393,10.93415494094093,11.187064626252154,0.022061231282350581,-5.4032406547916245e-15,0.022061231282351299,0.022061231282351299,nan,nan,-6.5221536938581126e-19,4,4.5647794317833798e-12,4.1484302200892447e-16,3072,1.0234375,2
1112,27.800000000000001,1.7605204274004126e-14,6.3976601794024646e-14,2.913594282322248e-15,0.25935197221477546,10.927712654037379,11.187064626252154,0.022307616592312389,-5.2440097132946246e-15,0.022307616592313097,0.022307616592313097,nan,nan,-6.0986372202309624e-19,4,4.5694696892262215e-12,4.3141846677467681e-16,2048,1.015625,2
1113,27.825000000000003,1.748698085473881e-14,7.0443650912466182e-14,2.928713761069493e-15,0.26666544846315837,10.920399177788996,11.187064626252154,0.02253061806371473,-5.0844949924690374e-15,0.022530618063715431,0.022530618063715431,nan,nan,-7.2506020284968109e-19,4,4.6106385814747007e-12,4.3425932452634903e-16,3584,1.02734375,2
1114,27.850000000000001,1.7413509224066983e-14,7.4037997954690127e-14,2.9266099231796601e-15,0.27490485993879998,10.912159766313355,11.187064626252155,0.022730014743187903,-4.9171567696175115e-15,0.022730014743188594,0.022730014743188594,nan,nan,-8.1992789294216273e-19,4,4.6561846013905426e-12,4.5928707841772769e-16,3584,1.02734375,2
1115,27.875,1.7410177087482959e-14,7.3371864139915033e-14,2.9196614071418942e-15,0.28412994428305471,10.9029346819691,11.187064626252155,0.022905776059901982,-4.7473301895952983e-15,0.022905776059902658,0.022905776059902658,nan,nan,-8.5719734262135194e-19,4,4.7181786663761821e-12,4.2454812323927578e-16,1536,1.01171875,2
1116,27.900000000000002,1.743419126807386e-14,7.0540795427120884e-14,2.9139237787720318e-15,0.29440310225443478,10.89266152399772,11.187064626252155,0.023057834497969103,-4.5770185506776456e-15,0.023057834497969783,0.023057834497969783,nan,nan,-7.7842327852670201e-19,4,4.7542204599601995e-12,4.5617650424118315e-16,1024,1.0078125,2
1117,27.925000000000001,1.7448847545987738e-14,6.5614180755346752e-14,2.9006581829909377e-15,0.30578607859923806,10.881278547652917,11.187064626252155,0.023185981723718652,-4.4040061388457405e-15,0.023185981723719315,0.023185981723719315,nan,nan,-6.8609668727598327e-19,4,4.8062836839650143e-12,4.9044711195203359e-16,2048,1.015625,2
1118,27.950000000000003,1.7478373554040009e-14,6.2561067437627571e-14,2.9040930619009959e-15,0.3183402868283069,10.868724339423849,11.187064626252155,0.023290101716055556,-4.2357400506750705e-15,0.023290101716056208,0.023290101716056208,nan,nan,-7.8350547621022781e-19,4,4.8400442315197181e-12,4.8883121305391868e-16,2560,1.01953125,2
1119,27.975000000000001,1.7528443260779412e-14,6.2658211952282272e-14,2.8987148077786557e-15,0.33211742372387215,10.854947202528283,11.187064626252155,0.023369947648839286,-4.0687334478161391e-15,0.023369947648839928,0.023369947648839928,nan,nan,-9.8255821881498839e-19,4,4.8763275431877031e-12,5.2006914319803545e-16,1536,1.01171875,2
1120,28,1.7518632069770053e-14,6.1714522381350889e-14,2.9333077373688526e-15,0.34716842526534408,10.839896200986813,11.187064626252157,0.023425361146956425,-3.9030644799547004e-15,0.023425361146957056,0.023425361146957056,nan,nan,-9.3851250555776478e-19,4,4.9493087669157859e-12,5.1573245279257939e-16,2560,1.01953125,2
1121,28.025000000000002,1.7528643747001317e-14,6.0507154842071031e-14,2.9759928051762993e-15,0.36354057002102397,10.823524056231133,11.187064626252157,0.023456301436295846,-3.7352175732824025e-15,0.02345630143629647,0.02345630143629647,nan,nan,-8.2839822241470573e-19,4,4.9985620911036314e-12,5.4314527116255134e-16,3072,1.0234375,2
1122,28.050000000000001,1.7495898726743632e-14,6.3032912223093263e-14,3.026766562181504e-15,0.38125244816840465,10.805812178083752,11.187064626252157,0.023462909887757833,-3.5671562008118042e-15,0.023462909887758437,0.023462909887758437,nan,nan,-6.6407383064737147e-19,4,5.0047703455530048e-12,5.1322689979714513e-16,1536,1.01171875,2
1123,28.075000000000003,1.7477100199287608e-14,6.3588023735405841e-14,3.092002834765665e-15,0.40033518943261542,10.786729436819542,11.187064626252157,0.023445163570617916,-3.401211979200134e-15,0.023445163570618509,0.023445163570618509,nan,nan,-6.8736723669686473e-19,4,5.0073680705523856e-12,5.4626093684271868e-16,3072,1.0234375,2
1124,28.100000000000001,1.7493031103611522e-14,6.3227201252402665e-14,3.1572788408655537e-15,0.42079110509543349,10.766273521156725,11.187064626252159,0.023403026169751637,-3.2408279305670678e-15,0.02340302616975222,0.02340302616975222,nan,nan,-5.1414899898336031e-19,4,5.0376309303275984e-12,5.7462771397910971e-16,1536,1.01171875,2
1125,28.125,1.7502148895959886e-14,6.0507154842071031e-14,3.2128828591399414e-15,0.44263110321376259,10.744433523038396,11.187064626252159,0.023336378526345118,-3.0814729920911829e-15,0.023336378526345701,0.023336378526345701,nan,nan,-3.3373098121819433e-19,4,5.1258117017121331e-12,5.7183787201225039e-16,1536,1.01171875,2
1126,28.150000000000002,1.7543244453794306e-14,6.9055872131684737e-14,3.2504981577563157e-15,0.46586755280263481,10.721197073449524,11.187064626252159,0.023245193665406626,-2.9290582819134332e-15,0.023245193665407192,0.023245193665407192,nan,nan,-3.5744790374131474e-19,4,5.1758547096367413e-12,5.7250735182834005e-16,1024,1.0078125,2
1127,28.175000000000001,1.7577701146414919e-14,7.382983113757291e-14,3.2772727333630028e-15,0.49050025226474003,10.696564373987419,11.187064626252159,0.023129501708152082,-2.7764421694258562e-15,0.023129501708152641,0.023129501708152641,nan,nan,-3.7608262858090935e-19,4,5.2393850530798801e-12,6.0850009505565385e-16,2560,1.01953125,2
1128,28.200000000000003,1.7629628437603299e-14,7.5578432401357531e-14,3.2973175466971362e-15,0.51651577418103389,10.670548852071125,11.187064626252159,0.022989358004259774,-2.6268503086491116e-15,0.022989358004260316,0.022989358004260316,nan,nan,-1.3552527156068805e-19,4,5.2853654765905572e-12,5.7430829940203463e-16,2048,1.015625,2
1129,28.225000000000001,1.7615837766655354e-14,7.2719608112947753e-14,3.317521900874214e-15,0.54390045627985306,10.643164169972307,11.187064626252161,0.022824779467062378,-2.4722757042506303e-15,0.022824779467062916,0.022824779467062916,nan,nan,-4.0826988057657276e-19,4,5.339685889125125e-12,6.0675829921697926e-16,2048,1.015625,2
1130,28.25,1.7591416547934904e-14,7.2053474298172659e-14,3.3299193512198815e-15,0.57264602261158415,10.614418603640575,11.187064626252159,0.022635878866159156,-2.3130744529814212e-15,0.022635878866159677,0.022635878866159677,nan,nan,-2.7952087259391911e-19,4,5.3372189955904641e-12,6.0673823829233721e-16,3584,1.02734375,2
1131,28.275000000000002,1.7556629784927469e-14,6.9388939039072284e-14,3.3502897736812584e-15,0.6026848179230867,10.584379808329073,11.187064626252161,0.022423025834222635,-2.155664770226067e-15,0.022423025834223152,0.022423025834223152,nan,nan,-3.1679032227310833e-19,4,5.2550854041318816e-12,6.0694213103162523e-16,1536,1.01171875,2
1132,28.300000000000001,1.7530258379119047e-14,7.1442851634628823e-14,3.368635921626274e-15,0.63391896361486211,10.553145662637297,11.187064626252159,0.022186582252401714,-2.0019910149267446e-15,0.022186582252402214,0.022186582252402214,nan,nan,-3.1001405869507392e-19,4,5.2423248030224232e-12,5.7813818866175713e-16,1536,1.01171875,2
1133,28.325000000000003,1.7543726595493775e-14,7.358003095703225e-14,3.3975315971528183e-15,0.66629290302961919,10.52077172322254,11.187064626252159,0.021926631436617397,-1.8526568006436421e-15,0.02192663143661789,0.02192663143661789,nan,nan,-2.2869889575866109e-19,4,5.2596788017795129e-12,5.7609671952629024e-16,3072,1.0234375,2
1134,28.350000000000001,1.7580790625533874e-14,7.1997963146941402e-14,3.4359097793778474e-15,0.69973043181253658,10.487334194439622,11.187064626252159,0.021643313872517767,-1.7121851253591589e-15,0.021643313872518253,0.021643313872518253,nan,nan,-5.5734767929332962e-19,4,5.2648883631236761e-12,5.7696191280848905e-16,512,1.00390625,2
1135,28.375,1.7607465833757039e-14,6.7057470687359455e-14,3.4782144201627769e-15,0.73415474291191307,10.452909883340245,11.187064626252159,0.021336770123644575,-1.5746980538082478e-15,0.021336770123645044,0.021336770123645044,nan,nan,-7.453889935837843e-19,4,5.3441416758690341e-12,6.1993263503841606e-16,1024,1.0078125,2
1136,28.400000000000002,1.7655879343923552e-14,6.1173288656846125e-14,3.5402616584826704e-15,0.76952387649199583,10.417540749760162,11.187064626252159,0.021007049735286679,-1.441035138373037e-15,0.02100704973528714,0.02100704973528714,nan,nan,-7.3691866411124129e-19,4,5.4505580411633784e-12,6.1884214299403619e-16,2048,1.015625,2
1137,28.425000000000001,1.7672733343400024e-14,6.1339822110539899e-14,3.5997785450341566e-15,0.80577582840929685,10.38128879784286,11.187064626252157,0.020654276964953693,-1.3153996224596518e-15,0.02065427696495414,0.02065427696495414,nan,nan,-5.9122899718350164e-19,4,5.5121090276884079e-12,6.2048097843405687e-16,1536,1.01171875,2
1138,28.450000000000003,1.7690589780420844e-14,6.4059868520871532e-14,3.6739916594549382e-15,0.84283193724255012,10.344232689009607,11.187064626252157,0.020278540375769118,-1.1875238449911909e-15,0.020278540375769552,0.020278540375769552,nan,nan,-4.7433845046240819e-19,4,5.5993430843690426e-12,6.321039629884488e-16,1024,1.0078125,2
1139,28.475000000000001,1.77185765164002e-14,6.8056671409522096e-14,3.7372098491933856e-15,0.88059397914027837,10.306470647111878,11.187064626252155,0.019879889645537739,-1.0688298342576508e-15,0.019879889645538149,0.019879889645538149,nan,nan,-7.2506020284968109e-19,4,5.5798934167034131e-12,6.3493068357114494e-16,3072,1.0234375,2
1140,28.5,1.7737539368096578e-14,7.0943251273547503e-14,3.7867423042903905e-15,0.91896127314274367,10.268103353109412,11.187064626252155,0.019458424229398801,-9.4754586933842825e-16,0.019458424229399196,0.019458424229399196,nan,nan,-8.4703294725430034e-19,4,5.6586433358956312e-12,6.3851366602950285e-16,2560,1.01953125,2
1141,28.525000000000002,1.7771841419646189e-14,7.4884543010966809e-14,3.8336556004181768e-15,0.95782919618947926,10.229235430062676,11.187064626252155,0.019014387914354919,-8.3754918023212599e-16,0.019014387914355304,0.019014387914355304,nan,nan,-9.2834811019071317e-19,4,5.7345316431980683e-12,6.4330624098661274e-16,1536,1.01171875,2
1142,28.550000000000001,1.7744065724941408e-14,8.1434858856255232e-14,3.8845925255606164e-15,0.99712811412022184,10.189936512131933,11.187064626252155,0.018547933306488441,-7.3391552803603209e-16,0.018547933306488816,0.018547933306488816,nan,nan,-6.5390943528031986e-19,4,6.0314995845925975e-12,6.6614645801505659e-16,2048,1.015625,2
1143,28.575000000000003,1.7709087361534175e-14,8.6042284408449632e-14,3.9199951154528707e-15,1.0368653292581997,10.150199296993955,11.187064626252155,0.018059299326444633,-6.3421688600611798e-16,0.01805929932644499,0.01805929932644499,nan,nan,-7.453889935837843e-19,4,6.2265914375335909e-12,7.0896436277973796e-16,1536,1.01171875,2
1144,28.600000000000001,1.7702600337156215e-14,8.404388296412435e-14,3.9460112940808652e-15,1.0770085313727431,10.110056094879411,11.187064626252154,0.017548672012959402,-5.5014640307153124e-16,0.017548672012959746,0.017548672012959746,nan,nan,-8.1315162936412833e-19,4,6.3909354409716157e-12,7.1768980487332192e-16,3072,1.0234375,2
1145,28.625,1.774361201024378e-14,8.0491169285323849e-14,3.9642618961717171e-15,1.1175349415099143,10.069529684742239,11.187064626252154,0.017016310030474293,-4.6960618770725787e-16,0.017016310030474623,0.017016310030474623,nan,nan,-1.1316360175317453e-18,4,6.5094778060336583e-12,7.4185832943146331e-16,2048,1.015625,2
1146,28.650000000000002,1.765906213387918e-14,7.8881345899617372e-14,3.9855047432150134e-15,1.1584168339520817,10.028647792300072,11.187064626252154,0.016462581532573677,-3.9193694989713448e-16,0.016462581532573992,0.016462581532573992,nan,nan,-1.0401564592282808e-18,4,6.5842668365777408e-12,7.6404615757919568e-16,1536,1.01171875,2
1147,28.675000000000001,1.7616943929941256e-14,8.532063944244328e-14,3.9959766681960176e-15,1.1996379036917624,9.9874267225603912,11.187064626252154,0.015887834962997512,-3.2592784256530284e-16,0.015887834962997803,0.015887834962997803,nan,nan,-1.1689054672109345e-18,4,6.7463246439660516e-12,7.8949894983648255e-16,2560,1.01953125,2
1148,28.700000000000003,1.7534806267026871e-14,8.4987572535055733e-14,4.0020919142112487e-15,1.2410752419718787,9.9459893842802742,11.187064626252154,0.015292411582831461,-2.6178355842436811e-16,0.015292411582831728,0.015292411582831728,nan,nan,-1.429791614965259e-18,4,6.5030794072902665e-12,7.3378250218782083e-16,4096,1.03125,2
1149,28.725000000000001,1.761378197234497e-14,8.0602191587786365e-14,4.0063117709776668e-15,1.2825092159419724,9.9045554103101807,11.187064626252154,0.014676730194867069,-2.1085875591142688e-16,0.014676730194867316,0.014676730194867316,nan,nan,-1.7313353441877899e-18,4,6.5616448873058229e-12,7.3132099019827658e-16,3072,1.0234375,2
1150,28.75,1.7750778063185214e-14,7.6827433304060833e-14,4.0190126066228243e-15,1.3238828563158969,9.8631817699362543,11.187064626252152,0.014041219727881676,-1.736534585914882e-16,0.014041219727881906,0.014041219727881906,nan,nan,-2.1853450039160949e-18,4,6.6820926524523411e-12,7.2242531049954197e-16,4096,1.03125,2
1151,28.775000000000002,1.7880832016041342e-14,6.8500760619372159e-14,4.0385582229764978e-15,1.3651329523461389,9.821931673906013,11.187064626252152,0.013386285424086252,-1.3523735724497496e-16,0.013386285424086477,0.013386285424086477,nan,nan,-2.3632219228394979e-18,4,6.8099306068765744e-12,7.4605515828445405e-16,2048,1.015625,2
1152,28.800000000000001,1.7998030896941242e-14,7.1165295878472534e-14,4.0677211041865341e-15,1.4061489668139433,9.7809156594382074,11.18706462625215,0.012712349196918103,-1.0880106526519247e-16,0.012712349196918309,0.012712349196918309,nan,nan,-2.2378610466458615e-18,4,6.8159168089840253e-12,7.170403593165067e-16,3072,1.0234375,2
1153,28.825000000000003,1.7970877896851938e-14,7.0179972944117708e-14,4.0980238480257726e-15,1.4468093251912288,9.7402553010609214,11.18706462625215,0.012019815295928393,-9.2357999393379524e-17,0.01201981529592858,0.01201981529592858,nan,nan,-2.1955093992831465e-18,4,6.9834321632471427e-12,7.3448864802451507e-16,1536,1.01171875,2
1154,28.850000000000001,1.7911006365805327e-14,7.345513086676192e-14,4.1412714301133097e-15,1.4870446368828614,9.7000199893692898,11.187064626252152,0.011309163653320509,-9.2933787014590438e-17,0.011309163653320686,0.011309163653320686,nan,nan,-2.2514135738019303e-18,4,7.219449112474045e-12,7.6268961722726657e-16,512,1.00390625,2
1155,28.875,1.7805113053115518e-14,7.1068151363817833e-14,4.1837002985557295e-15,1.5267895958782285,9.6602750303739224,11.187064626252152,0.010580815997233961,-1.0096000035550014e-16,0.010580815997234129,0.010580815997234129,nan,nan,-2.3716922523120409e-18,4,7.4353596874490163e-12,7.7681740267757332e-16,2560,1.01953125,2
1156,28.900000000000002,1.7667119386334515e-14,6.7501559897209518e-14,4.2285447267740273e-15,1.5659863785386556,9.6210782477134948,11.18706462625215,0.0098353657564610574,-1.242938849137834e-16,0.0098353657564611702,0.0098353657564611702,nan,nan,-1.8228149024912543e-18,4,7.6108516939830016e-12,7.8483802150139982e-16,2048,1.015625,2
1157,28.925000000000001,1.7601862166938475e-14,6.5836225360271783e-14,4.2591929588422511e-15,1.6045500691725403,9.5825145570796106,11.187064626252152,0.0090734017570077308,-1.6385544422659317e-16,0.0090734017570078436,0.0090734017570078436,nan,nan,-1.3484764520288461e-18,4,7.6477741337060236e-12,7.8094125668563492e-16,2048,1.015625,2
1158,28.950000000000003,1.7490475510837585e-14,6.3893335067177759e-14,4.290388914286081e-15,1.6423927571562595,9.5446718690958914,11.187064626252152,0.0082955243110928167,-2.1871955357809618e-16,0.0082955243110928896,0.0082955243110928896,nan,nan,-1.0079692072326174e-18,4,7.6710990187642421e-12,7.7000567521277733e-16,4608,1.03515625,2
1159,28.975000000000001,1.7476781903052479e-14,6.8611782921834674e-14,4.3069325398266189e-15,1.6794020003902828,9.5076626258618688,11.187064626252152,0.0075021719662947562,-2.7636746706966164e-16,0.0075021719662947996,0.0075021719662947996,nan,nan,-6.0308745844506184e-19,4,7.7130720306729956e-12,7.7183289344349325e-16,3584,1.02734375,2
1160,29,1.7464225556879789e-14,6.8528516194987787e-14,4.317437187827884e-15,1.7154726031424472,9.4715920231097055,11.187064626252152,0.0066938299942105074,-3.654620893384745e-16,0.0066938299942105317,0.0066938299942105317,nan,nan,-6.6576789654188007e-19,4,7.8547532918052345e-12,7.8564968143345179e-16,1536,1.01171875,2
1161,29.025000000000002,1.7555558494268652e-14,7.165101845174604e-14,4.3133911845382705e-15,1.7505528834665771,9.4365117427855747,11.187064626252152,0.0058710789226312284,-4.5575357002735583e-16,0.0058710789226312414,0.0058710789226312414,nan,nan,-4.6925625277888239e-19,4,7.8917707379803767e-12,7.6680156054051326e-16,2560,1.01953125,2
1162,29.050000000000001,1.7755767866207417e-14,7.358003095703225e-14,4.3022689399914817e-15,1.7845692796085704,9.4024953466435814,11.187064626252152,0.0050345681045501061,-5.5754151980906461e-16,0.005034568104550113,0.005034568104550113,nan,nan,-5.8614679949997583e-19,4,7.9797688672856047e-12,7.8184936052332509e-16,2560,1.01953125,2
1163,29.075000000000003,1.7965024562518124e-14,8.1046280797636427e-14,4.2855128604797497e-15,1.8174826476408856,9.3695819786112686,11.187064626252154,0.0041850918171570939,-6.7984943333758243e-16,0.0041850918171570982,0.0041850918171570982,nan,nan,-5.4040702034824362e-19,4,8.0029453762107514e-12,7.7139157844630779e-16,3072,1.0234375,2
1164,29.100000000000001,1.8257885589991149e-14,8.9372953482325102e-14,4.2636801478804276e-15,1.8493104985486284,9.3377541277035245,11.187064626252154,0.0033234574428061634,-7.5727644460411824e-16,0.0033234574428061387,0.0033234574428061387,nan,nan,-4.4553933025576198e-19,4,7.9519876555406748e-12,7.4839265775193026e-16,3072,1.0234375,2
1165,29.125,1.825992113639266e-14,9.3036689463588118e-14,4.252534378208734e-15,1.8799935464321675,9.3070710798199876,11.187064626252155,0.0024503579078874495,-8.4089159668919797e-16,0.0024503579078874235,0.0024503579078874235,nan,nan,-8.6397360619938635e-19,4,7.76208898282421e-12,7.2659535705882792e-16,3072,1.0234375,2
1166,29.150000000000002,1.8120920198831373e-14,8.7041485130612273e-14,4.2545727456927835e-15,1.909418099525422,9.2776465267267323,11.187064626252154,0.0015667384481204329,-9.3449682157243672e-16,0.0015667384481203705,0.0015667384481203705,nan,nan,-1.2976544751935881e-18,4,7.4623488009522979e-12,6.8648406657090676e-16,3072,1.0234375,2
1167,29.175000000000001,1.8022419644571353e-14,8.2156503822261584e-14,4.2740148768931409e-15,1.9374656844405009,9.2495989418116533,11.187064626252154,0.00067344891189885861,-1.0406285552469332e-15,0.00067344891189877643,0.00067344891189877643,nan,nan,-1.1587410718438829e-18,4,7.1911541703107839e-12,6.4790534495374362e-16,4096,1.03125,2
1168,29.200000000000003,1.7994168011379503e-14,8.3932860661661834e-14,4.3021122691723504e-15,1.9640447098284612,9.2230199164236932,11.187064626252155,0.00022862903136406168,-1.1486664176625472e-15,-0.00022862903136413844,0.00022862903136413844,nan,nan,-1.4941661189565858e-18,4,6.7894866917192162e-12,5.9641728858817389e-16,3072,1.0234375,2
1169,29.225000000000001,1.7768939696484193e-14,8.0935258495173912e-14,4.3410758313477159e-15,1.9890520227690005,9.1980126034831553,11.187064626252155,0.0011387155641120333,-1.2655381769549077e-15,-0.0011387155641121214,0.0011387155641121214,nan,nan,-1.6567964448294115e-18,4,6.3976944523236381e-12,5.542316599168962e-16,512,1.00390625,2
1170,29.25,1.7688550301311924e-14,7.3607786532647879e-14,4.3802884239215604e-15,2.0124181045042318,9.1746465217479241,11.187064626252155,0.0020561598896398948,-1.3870003468226479e-15,-0.002056159889640015,0.002056159889640015,nan,nan,-1.6737371037744975e-18,4,6.1363521820169015e-12,5.2490008565805642e-16,1024,1.0078125,2
1171,29.275000000000002,1.7734115000751738e-14,7.1387340483397566e-14,4.4096781377462771e-15,2.0340654754651868,9.1529991507869699,11.187064626252157,0.0029803740394418778,-1.5102633667037475e-15,-0.0029803740394420087,0.0029803740394420087,nan,nan,-1.4602848010664138e-18,4,5.954976996857427e-12,5.0386048741507082e-16,2560,1.01953125,2
1172,29.300000000000001,1.798249549717634e-14,7.3857586713188539e-14,4.4276871448844418e-15,2.0539010534941253,9.1331635727580327,11.187064626252159,0.0039107463225085837,-1.6423415298238311e-15,-0.0039107463225087329,0.0039107463225087329,nan,nan,-1.4941661189565858e-18,4,5.8119437575192355e-12,4.8665714004488286e-16,3072,1.0234375,2
1173,29.325000000000003,1.8207834519252669e-14,7.8992368202079888e-14,4.4310418873119312e-15,2.0718662948982542,9.1151983313539056,11.187064626252159,0.0048466114864030331,-1.7919736228634238e-15,-0.0048466114864032057,0.0048466114864032057,nan,nan,-1.4094628242311558e-18,4,5.5088569291093249e-12,4.5967308308508637e-16,1024,1.0078125,2
1174,29.350000000000001,1.8271564838840724e-14,8.0768725041480138e-14,4.4198156541029958e-15,2.0879564816113416,9.0991081446408195,11.187064626252161,0.0057872505754331567,-1.9276490963494687e-15,-0.0057872505754333319,0.0057872505754333319,nan,nan,-1.5212711732687234e-18,4,5.3018237570695224e-12,4.4376253031702577e-16,1536,1.01171875,2
1175,29.375,1.8329637625501322e-14,7.6216810640516997e-14,4.3921118766147264e-15,2.1022288017783164,9.0848358244738456,11.187064626252162,0.0067320288237547928,-2.0616973693715777e-15,-0.0067320288237550062,0.0067320288237550062,nan,nan,-1.6330795223062911e-18,4,5.2127812798191941e-12,4.3414929439371518e-16,2560,1.01953125,2
1176,29.400000000000002,1.8409658565527292e-14,7.9936057773011271e-14,4.3521217989628213e-15,2.1146770781138993,9.0723875481382628,11.187064626252162,0.0076802451397025972,-2.2108822966400597e-15,-0.007680245139702788,0.007680245139702788,nan,nan,-1.9380113833178392e-18,4,5.0572844560011608e-12,4.2486200494839908e-16,2048,1.015625,2
1177,29.425000000000001,1.8404498947149245e-14,8.6375351315837179e-14,4.3064980020791427e-15,2.1252836601570846,9.0617809660950783,11.187064626252162,0.0086311893475884641,-2.3632268856783771e-15,-0.0086311893475887035,0.0086311893475887035,nan,nan,-1.8804131429045468e-18,4,4.8918755899665995e-12,4.1729465019660073e-16,1536,1.01171875,2
1178,29.450000000000003,1.8341918735915905e-14,8.8928864272475039e-14,4.2662368128641751e-15,2.1340731959700685,9.0529914302820949,11.187064626252162,0.0095842783257241576,-2.5231815961890128e-15,-0.0095842783257244196,0.0095842783257244196,nan,nan,-1.7313353441877899e-18,4,4.8381102508298884e-12,4.1518778289265843e-16,2048,1.015625,2
1179,29.475000000000001,1.8163500064767237e-14,8.8151708155237429e-14,4.2371418395555539e-15,2.1410749873387132,9.0459896389134506,11.187064626252164,0.010538831325687606,-2.6921414196262284e-15,-0.010538831325687888,0.010538831325687888,nan,nan,-1.1790698625779861e-18,4,4.776150592860884e-12,4.1568208075043603e-16,2560,1.01953125,2
1180,29.5,1.8027229059135371e-14,8.5154105988749507e-14,4.2272036204868501e-15,2.1464588923645032,9.0406057338876611,11.187064626252164,0.011494096172740855,-2.8648272114736381e-15,-0.011494096172741157,0.011494096172741157,nan,nan,-1.2874900798265365e-18,4,4.7304389883097731e-12,4.288129292696548e-16,2048,1.015625,2
1181,29.525000000000002,1.7909863420561703e-14,8.0935258495173912e-14,4.2325685489205033e-15,2.1503954614048744,9.0366691648472912,11.187064626252166,0.012449250016429693,-3.0485179324782622e-15,-0.012449250016430036,0.012449250016430036,nan,nan,-1.2603850255143989e-18,4,4.763025500108914e-12,4.3590857039431319e-16,2560,1.01953125,2
1182,29.550000000000001,1.7924415183495005e-14,8.8568041789471863e-14,4.2409676785247303e-15,2.1530190724714973,9.0340455537806683,11.187064626252166,0.013403471797195714,-3.2435656958006117e-15,-0.013403471797196061,0.013403471797196061,nan,nan,-1.5856456772600502e-18,4,4.8368912804240033e-12,4.6219019019736411e-16,1024,1.0078125,2
1183,29.575000000000003,1.8045814106696365e-14,9.3342000795360036e-14,4.2469301794713785e-15,2.1544905410625259,9.0325740851896406,11.187064626252166,0.014356011262629281,-3.4324683255254041e-15,-0.014356011262629644,0.014356011262629644,nan,nan,-1.2603850255143989e-18,4,5.0161016359398192e-12,4.7426199235610267e-16,1536,1.01171875,2
1184,29.600000000000001,1.8133770731566443e-14,9.0011331721484567e-14,4.2510070644667767e-15,2.1548832027565861,9.0321814234955813,11.187064626252168,0.015306066463945198,-3.6313262074969401e-15,-0.015306066463945552,0.015306066463945552,nan,nan,-1.6127507315721878e-18,4,5.1005784872469146e-12,4.9023989913615074e-16,2560,1.01953125,2
1185,29.625,1.8511650976560274e-14,8.4071638539739979e-14,4.2443042234029527e-15,2.1542926683007346,9.0327719579514323,11.187064626252166,0.016252851627633784,-3.8250475376868545e-15,-0.016252851627634179,0.016252851627634179,nan,nan,-1.5924219408380846e-18,4,5.1344442685016862e-12,4.9101909334802094e-16,1536,1.01171875,2
1186,29.650000000000002,1.881112490674412e-14,9.0927265716800321e-14,4.2252169614667222e-15,2.1528661473344086,9.0341984789177587,11.187064626252168,0.017195553197979545,-4.0244690685487735e-15,-0.017195553197979944,0.017195553197979944,nan,nan,-1.6330795223062911e-18,4,5.3045848830633219e-12,5.1749407989786402e-16,2048,1.015625,2
1187,29.675000000000001,1.9093860000281648e-14,9.3258734068513149e-14,4.1934214042207892e-15,2.1507269252145815,9.0363377010375849,11.187064626252166,0.018133399386998632,-4.2204582708446313e-15,-0.018133399386999038,0.018133399386999038,nan,nan,-1.6534083130403943e-18,4,5.471896365361715e-12,5.2729378587029033e-16,2560,1.01953125,2
1188,29.700000000000003,1.9312082474992884e-14,9.50350909079134e-14,4.1539565938535634e-15,2.1479622839159171,9.0391023423362515,11.18706462625217,0.019065576379514903,-4.4221410209318888e-15,-0.019065576379515309,0.019065576379515309,nan,nan,-1.8499199568033919e-18,4,5.5808756198856633e-12,5.2578583031636475e-16,1536,1.01171875,2
1189,29.725000000000001,1.9404809473525342e-14,9.3258734068513149e-14,4.1204307287362737e-15,2.1446039069419829,9.0424607193101831,11.187064626252166,0.01999122992027071,-4.6307748044726781e-15,-0.019991229920271136,0.019991229920271136,nan,nan,-2.1616280813929745e-18,4,5.6172761669266771e-12,5.2490803511872262e-16,1536,1.01171875,2
1190,29.75,1.9308001581438225e-14,8.5653706349830827e-14,4.0923394477107358e-15,2.1406729659404959,9.0463916603116701,11.187064626252166,0.020909561907243641,-4.8194027733237397e-15,-0.020909561907244086,0.020909561907244086,nan,nan,-2.053207864144424e-18,4,5.6422053415088781e-12,5.5842793157006243e-16,2560,1.01953125,2
1191,29.775000000000002,1.914449450305238e-14,8.5820239803524601e-14,4.0674998351249547e-15,2.1361918828192361,9.0508727434329312,11.187064626252168,0.0218198309717395,-4.9852341101625724e-15,-0.021819830971739972,0.021819830971739972,nan,nan,-2.1006417091906648e-18,4,5.7203776476806136e-12,5.5981724331856053e-16,1536,1.01171875,2
1192,29.800000000000001,1.8807292537705376e-14,8.1989970368567811e-14,4.0348953784183727e-15,2.1312062694785703,9.0558583567735962,11.187064626252166,0.022721392227492501,-5.1540668750302445e-15,-0.022721392227492969,0.022721392227492969,nan,nan,-1.8228149024912543e-18,4,5.7783453941431029e-12,5.6224768509359543e-16,2560,1.01953125,2
1193,29.825000000000003,1.8547556335814325e-14,7.4523720527963633e-14,4.0060998855096659e-15,2.1258413758458614,9.0612232504063037,11.187064626252166,0.02361350860829535,-5.3232256386521139e-15,-0.023613508608295839,0.023613508608295839,nan,nan,-1.7652166620779619e-18,4,5.977384752396814e-12,5.8243846658284195e-16,2048,1.015625,2
1194,29.850000000000001,1.8318949585503227e-14,6.8028915833906467e-14,3.983810269781164e-15,2.1202285130836205,9.0668361131685433,11.187064626252164,0.024495386484976379,-5.5017238037462853e-15,-0.024495386484976889,0.024495386484976889,nan,nan,-1.463672932855431e-18,4,6.2165482558480894e-12,5.9006040364194538e-16,512,1.00390625,2
1195,29.875,1.824603071870682e-14,7.3191452898413445e-14,3.9476567076687383e-15,2.1143974183954719,9.0726672078566928,11.187064626252164,0.02536621677244718,-5.6809753555117399e-15,-0.025366216772447693,0.025366216772447693,nan,nan,-1.3992984288641042e-18,4,6.3277734436311719e-12,5.9170952155547938e-16,3584,1.02734375,2
1196,29.900000000000002,1.8251531798037279e-14,7.3607786532647879e-14,3.9271682305368843e-15,2.1083638634213,9.0787007628308629,11.187064626252162,0.026225163062400914,-5.8587971363184195e-15,-0.026225163062401458,0.026225163062401458,nan,nan,-1.5212711732687234e-18,4,6.5419269486912097e-12,6.0234889691450854e-16,3584,1.02734375,2
1197,29.925000000000001,1.848716168397853e-14,8.1712414612411521e-14,3.8963629518465612e-15,2.1021907119846528,9.0848739142675097,11.187064626252162,0.027071495953356457,-6.0481015690175837e-15,-0.027071495953357009,0.027071495953357009,nan,nan,-1.455202603382888e-18,4,6.7669544578691979e-12,6.1476080529631776e-16,2048,1.015625,2
1198,29.950000000000003,1.861809712203586e-14,8.4543483325205671e-14,3.8700429595473661e-15,2.0958936178071004,9.0911710084450608,11.187064626252161,0.02790452309427853,-6.2316209542537328e-15,-0.027904523094279089,0.027904523094279089,nan,nan,-1.3823577699190182e-18,4,6.917051518499986e-12,6.5676255787890072e-16,1024,1.0078125,2
1199,29.975000000000001,1.8836687403401955e-14,8.6958218403765386e-14,3.8453196127948032e-15,2.0894870350468411,9.0975775912053205,11.187064626252162,0.028723564008251677,-6.4195543381350957e-15,-0.028723564008252253,0.028723564008252253,nan,nan,-1.40438062654763e-18,4,6.9387333947514597e-12,6.239572812952311e-16,2048,1.015625,2
1200,30,1.9046327674499951e-14,8.0047080075473787e-14,3.8224021501711224e-15,2.0829641053024441,9.1041005209497161,11.187064626252161,0.02952788440276952,-6.6155505408671955e-15,-0.029527884402770092,0.029527884402770092,nan,nan,-1.1807639284724947e-18,4,6.9932643703469997e-12,6.3528718474911988e-16,1024,1.0078125,2
