step,time,A_chain_abs_rms,A_chain_rel_rms,A_chain_max_norm,A_chain_mean_norm,A_chain_work_defect,delta_K,delta_W,delta_total_energy,particle_work,grid_work,deposit_gather_work_residual,particle_energy_residual,field_energy_residual,crossing_particles,total_crossings,avg_path_segments,max_path_segments
1,0.10000000000000001,1.1344280745657809e-21,4.561947878189797e-16,5.9292306307801024e-21,1.5748226393302533e-21,-4.0810697872245713e-22,1.5254560338462397e-05,-1.5254560339170598e-05,-7.082008590675315e-16,1.5254560339171881e-05,1.5254560339169507e-05,2.3733863182065496e-18,-7.0948326694967451e-16,-1.0909784360635388e-18,64,64,1.0625,2
2,0.20000000000000001,7.1628248763104038e-21,5.7765264448043515e-16,4.4045713257223618e-20,9.9893174205259273e-21,1.5906754189976823e-21,4.4970280292488951e-05,-4.4970280292630331e-05,-1.4137996329210978e-16,4.4970280292631998e-05,4.4970280292629457e-05,2.541098841762901e-18,-1.4304692413230624e-16,-8.7413800156643795e-19,256,256,1.25,2
3,0.30000000000000004,2.8302418891750295e-20,8.8312311375291836e-16,1.3552527156068805e-19,4.0282196566472195e-20,-1.9496739708653898e-21,7.2281483909364397e-05,-7.2281483908487928e-05,8.7646903623728178e-16,7.2281483908486938e-05,7.2281483908486789e-05,1.4907779871675686e-19,8.7745837071967481e-16,-1.1384122811097797e-18,256,256,1.25,2
4,0.40000000000000002,5.3862098927927211e-20,8.8181049563465017e-16,3.1170812458958252e-19,7.6957523770695198e-20,5.0301997824560258e-21,9.5756484058462377e-05,-9.5756484059313042e-05,-8.5066502453212678e-16,9.5756484059316836e-05,9.5756484059312066e-05,4.7704895589362195e-18,-8.5445973213582604e-16,-9.7578195523695399e-19,192,192,1.1875,2
5,0.5,1.001971756147883e-19,1.0123397766496403e-15,6.0308745844506184e-19,1.381174488052761e-19,6.1475272138175208e-20,0.00011421669803990397,-0.00011421669803930192,6.0205746638120061e-16,0.00011421669803929583,0.00011421669803930086,-5.0279875749015268e-18,6.0814255107427551e-16,-1.0570971181733668e-18,256,256,1.25,2
6,0.60000000000000009,1.9035475550264869e-19,1.3114696252782508e-15,9.5545316450285078e-19,2.7363734369198256e-19,-1.7956438001177556e-20,0.00012682099283445325,-0.00012682099283492867,-4.7542265263489369e-16,0.00012682099283492659,0.00012682099283492786,-1.2739375526704677e-18,-4.733355634528591e-16,-8.1315162936412833e-19,192,192,1.1875,2
7,0.70000000000000007,3.0672665197304602e-19,1.5446697502260013e-15,1.6805133673525319e-18,4.3542291136423845e-19,-6.9843779253243402e-20,0.0001329304485588878,-0.00013293044855820931,6.7849371954142867e-16,0.00013293044855820253,0.00013293044855820866,-6.1257422745431001e-18,6.8526998311946308e-16,-6.5052130349130266e-19,216,216,1.2109375,2
8,0.80000000000000004,4.3111322334892591e-19,1.6660618246794759e-15,2.6020852139652106e-18,6.2082458892245984e-19,2.4292845987363535e-19,0.00013266948965817704,-0.00013266948965895637,-7.7932452158258059e-16,0.00013266948965895591,0.00013266948965895569,2.1684043449710089e-19,-7.7886373565927425e-16,-6.7762635780344027e-19,144,144,1.140625,2
9,0.90000000000000002,6.0668112134244187e-19,1.8754232549055357e-15,3.0357660829594124e-18,8.6828156282956251e-19,2.247607594298759e-19,0.00012582019084472762,-0.00012582019084422493,5.0269033727290413e-16,0.00012582019084422311,0.0001258201908442246,-1.4907779871675686e-18,5.0450637591181735e-16,-3.2526065174565133e-19,216,216,1.2109375,2
10,1,9.6475561077643262e-19,2.4492501997292228e-15,4.4452289071905682e-18,1.385401380982907e-18,-1.4761319299796209e-19,0.00011392626561779196,-0.00011392626561822276,-4.3080773323711519e-16,0.00011392626561822325,0.00011392626561822268,5.6920614055488983e-19,-4.3129562421473366e-16,-8.1315162936412833e-20,242,242,1.236328125,2
11,1.1000000000000001,1.3803938645340199e-18,2.9650617244089556e-15,6.5052130349130266e-18,1.9937865176610647e-18,7.1316979766928613e-19,9.6887121689093192e-05,-9.688712168912046e-05,-2.7267684638010437e-17,9.6887121689122235e-05,9.68871216891205e-05,1.7347234759768071e-18,-2.904306569545545e-17,4.0657581468206416e-20,232,232,1.2265625,2
12,1.2000000000000002,1.6084856498019995e-18,2.9756356463000455e-15,7.8062556418956319e-18,2.3019154317401303e-18,3.6028751813287816e-19,7.6788458354570821e-05,-7.6788458354016265e-05,5.5455585869917945e-16,7.6788458354014585e-05,7.6788458354016184e-05,-1.599198204416119e-18,5.5623637206653198e-16,-8.1315162936412833e-20,230,230,1.224609375,2
13,1.3,1.6800269593009029e-18,2.7300874186739294e-15,8.5109870540112098e-18,2.4339351118648186e-18,9.2241817467010517e-19,5.4592439967748874e-05,-5.4592439967642561e-05,1.0631279927578174e-16,5.459243996764269e-05,5.4592439967642696e-05,-6.7762635780344027e-21,1.0618405026779909e-16,1.3552527156068805e-19,206,206,1.201171875,2
14,1.4000000000000001,1.8290026216778834e-18,2.6561185583578327e-15,1.0842021724855044e-17,2.5136434764613472e-18,7.2700420661515412e-19,3.1751563539295091e-05,-3.1751563539269755e-05,2.5336449518270632e-17,3.1751563539270412e-05,3.1751563539269863e-05,5.4887734982078662e-19,2.4679151951201295e-17,1.0842021724855044e-19,178,178,1.173828125,2
15,1.5,2.7102795677195119e-18,3.5551069852123969e-15,1.2576745200831851e-17,3.844725560979122e-18,-7.3100476013177181e-19,9.8919340754122231e-06,-9.8919340754150912e-06,-2.8680535594030609e-18,9.8919340754155283e-06,9.8919340754150759e-06,4.5231559383379638e-19,-3.3051225601862799e-18,-1.5246593050577406e-20,128,128,1.125,2
16,1.6000000000000001,3.1032731386355036e-18,3.7425282171008289e-15,1.5287250632045613e-17,4.4101893296476688e-18,1.9403738452607889e-18,-9.881354959162536e-06,9.8813549591782028e-06,1.5666721392415539e-17,-9.8813549591781181e-06,-9.8813549591782383e-06,1.2027867851011065e-19,1.5582018097690109e-17,-3.5575383784680614e-20,298,298,1.291015625,2
17,1.7000000000000002,3.0905599497797803e-18,3.4521771641608509e-15,1.5612511283791264e-17,4.3592563038151755e-18,-1.2280390496759858e-18,-2.6349731489183625e-05,2.6349731488593606e-05,-5.900194341348225e-16,-2.6349731488594301e-05,-2.634973148859363e-05,-6.7085009422540587e-19,-5.8932486711807397e-16,-2.3716922523120409e-20,186,186,1.181640625,2
18,1.8,4.7829266633474874e-18,5.0085990939001089e-15,2.3635607360183997e-17,6.8048716195195492e-18,3.1778504179036864e-18,-3.8870125245615839e-05,3.8870125245750042e-05,1.3420390016297135e-16,-3.8870125245749948e-05,-3.8870125245750402e-05,4.5400965972830498e-19,1.3410903247287886e-16,-3.5914196963582334e-19,240,240,1.234375,2
19,1.9000000000000001,3.8166330786945501e-18,3.7927276925059185e-15,2.2985086056692694e-17,5.297551467666992e-18,1.5461860487271878e-19,-4.644604324788304e-05,4.6446043248404351e-05,5.2131150958534267e-16,-4.6446043248409203e-05,-4.6446043248404595e-05,-4.6078592330633938e-18,5.261633143072153e-16,-2.439454888092385e-19,206,206,1.201171875,2
20,2,5.277921516211673e-18,5.0066058403851095e-15,2.5045070184415152e-17,7.6376117129695457e-18,-1.2575288821683375e-18,-4.9667069706771372e-05,4.9667069706386263e-05,-3.8510861166685117e-16,-4.9667069706385748e-05,-4.9667069706386514e-05,7.6571778431788751e-19,-3.8562360769878179e-16,-2.507217523872729e-19,166,166,1.162109375,2
21,2.1000000000000001,6.3148556252352551e-18,5.7693940212623515e-15,3.4043948216044839e-17,9.1243352743646857e-18,8.6123253138929726e-19,-4.8151426751630311e-05,4.8151426751738758e-05,1.0844732230286258e-16,-4.8151426751738805e-05,-4.8151426751739185e-05,3.7947076036992655e-19,1.0849475614790882e-16,-4.2690460541616737e-19,262,262,1.255859375,2
22,2.2000000000000002,7.841897194251035e-18,7.0036429762149695e-15,3.6971294081755701e-17,1.1477749730271449e-17,5.5066710916272446e-18,-4.2294766156025787e-05,4.2294766155801954e-05,-2.2383353850963239e-16,-4.2294766155803133e-05,-4.2294766155802408e-05,-7.2506020284968109e-19,-2.226544686470544e-16,-4.5400965972830498e-19,164,164,1.16015625,2
23,2.3000000000000003,7.3617329926552157e-18,6.4129028661369994e-15,3.8163916471489756e-17,1.0589538904943646e-17,-3.5025936278395745e-18,-3.299253267474711e-05,3.2992532675008837e-05,2.6172640443800077e-16,-3.2992532675011541e-05,-3.2992532675009399e-05,-2.1412992906588713e-18,2.644301336056365e-16,-5.6242987697685543e-19,250,250,1.244140625,2
24,2.4000000000000004,7.2745343554071966e-18,6.2626145761347056e-15,4.5102810375396984e-17,1.0079085335346866e-17,-1.9896466960951919e-18,-2.1749769210543946e-05,2.1749769210979307e-05,4.3536138236155431e-16,-2.1749769210983789e-05,-2.1749769210979961e-05,-3.8285889215894375e-18,4.3984388071842406e-16,-6.5390943528031986e-19,194,194,1.189453125,2
25,2.5,9.3061900323029474e-18,7.9965920660445935e-15,5.0306980803327406e-17,1.355766063895031e-17,6.2335209898781293e-18,-8.3088679012632838e-06,8.3088679003464282e-06,-9.1685556716236682e-16,-8.3088679003482798e-06,-8.3088679003471448e-06,-1.1350241493207625e-18,-9.1500395313966892e-16,-7.1658987337713809e-19,210,210,1.205078125,2
26,2.6000000000000001,9.3971835703676908e-18,8.0207131738219028e-15,4.5970172113385388e-17,1.3659090352842174e-17,-7.7765548119478718e-18,4.3251195789295593e-06,-4.3251195783459333e-06,5.8362602944894704e-16,4.3251195783433524e-06,4.3251195783455513e-06,-2.1988975310721637e-18,5.8620693883923089e-16,-3.8201185921168945e-19,70,70,1.068359375,2
27,2.7000000000000002,8.8588193373018956e-18,7.5897588557303644e-15,5.2909066017292616e-17,1.2283195345049033e-17,-6.1138661459086721e-18,1.6993119730912554e-05,-1.6993119730784347e-05,1.282069068964109e-16,1.6993119730783371e-05,1.6993119730783923e-05,-5.5226548160980382e-19,1.2918268885164785e-16,-4.2351647362715017e-19,310,310,1.302734375,2
28,2.8000000000000003,7.8621665594663224e-18,6.8765369670421345e-15,5.4643789493269423e-17,1.0659132918600182e-17,-1.618090737551089e-20,2.8153179925993754e-05,-2.8153179925921763e-05,7.1991024253037494e-17,2.8153179925921069e-05,2.8153179925921201e-05,-1.3213713977167085e-19,7.2685591269786021e-17,-5.6242987697685543e-19,204,204,1.19921875,2
29,2.9000000000000004,1.1164932361390938e-17,9.8560389556794657e-15,5.7029034272737533e-17,1.5996485112018353e-17,-1.6298796639700317e-18,3.6556416968203109e-05,-3.6556416968320095e-05,-1.1698541441118593e-16,3.6556416968318678e-05,3.6556416968319593e-05,-9.1479558303464437e-19,-1.1556917532337674e-16,-5.014435047745458e-19,168,168,1.1640625,2
30,3,1.0187752156132738e-17,9.129415835897468e-15,6.8684207626956706e-17,1.4368749279866731e-17,-3.8283168734356998e-19,4.1772792362060329e-05,-4.1772792361912552e-05,1.4777675610977425e-16,4.1772792361912308e-05,4.1772792361912193e-05,1.1519648082658485e-19,1.4802070159858349e-16,-3.5914196963582334e-19,176,176,1.171875,2
31,3.1000000000000001,1.256732814914027e-17,1.1510123054857778e-14,6.1365842962679551e-17,1.8355329698453796e-17,-1.4275282999787492e-17,4.3386325788041802e-05,-4.3386325788662697e-05,-6.2089547912813625e-16,4.3386325788662623e-05,4.3386325788662392e-05,2.3039296165316969e-19,-6.2082094022877787e-16,-3.0493186101154812e-19,280,280,1.2734375,2
32,3.2000000000000002,1.1664008984577711e-17,1.0955849585651932e-14,6.6895274042355624e-17,1.6313363218833968e-17,5.0610121066717274e-18,4.3567261045929229e-05,-4.3567261046011045e-05,-8.1816606441187378e-17,4.3567261046009182e-05,4.3567261046010788e-05,-1.6059744679941534e-18,-7.9953133957227918e-17,-2.574980159653073e-19,282,282,1.275390625,2
33,3.3000000000000003,1.3078888424326428e-17,1.2526769286045255e-14,6.6570013390609972e-17,1.898652806283586e-17,-9.036549271651547e-18,3.7885225534495248e-05,-3.788522553422371e-05,2.7153843409899459e-16,3.7885225534222876e-05,3.788522553422354e-05,-6.6407383064737147e-19,2.7237191451909282e-16,-1.6940658945086007e-19,74,74,1.072265625,2
34,3.4000000000000004,1.2352691989803176e-17,1.1973190709665245e-14,6.4618449480136064e-17,1.7430346145404643e-17,6.1509116796823142e-18,3.2268772144128377e-05,-3.2268772144273904e-05,-1.4552703660186683e-16,3.2268772144273457e-05,3.2268772144273836e-05,-3.7947076036992655e-19,-1.4507980320571656e-16,-6.7762635780344027e-20,220,220,1.21484375,2
35,3.5,1.0845501056826927e-17,1.0687969146521162e-14,6.5160550566378816e-17,1.5056001331663297e-17,-4.3491126573938817e-18,2.2790544413453517e-05,-2.2790544412942231e-05,5.1128602762164077e-16,2.2790544412941828e-05,2.2790544412942184e-05,-3.5575383784680614e-19,5.1168921530453382e-16,-4.7433845046240819e-20,256,256,1.25,2
36,3.6000000000000001,1.0348550420812579e-17,1.0330952321073102e-14,7.1991024253037494e-17,1.4492113652254394e-17,-4.7659638124000336e-19,1.3514491732813383e-05,-1.3514491732612609e-05,2.0077391355358132e-16,1.351449173261247e-05,1.3514491732612567e-05,-9.6561755986990239e-20,2.0091282695693102e-16,-4.2351647362715017e-20,242,242,1.236328125,2
37,3.7000000000000002,8.7122238384214229e-18,8.7262954620972678e-15,5.8546917314217239e-17,1.1637879489152527e-17,2.977569177913576e-18,3.3750919952169056e-06,-3.3750919958924131e-06,-6.7550750488588364e-16,3.3750919958924872e-06,3.375091995892403e-06,8.4279778251802884e-20,-6.7558162026876839e-16,-1.0164395367051604e-20,138,138,1.134765625,2
38,3.8000000000000003,1.3841943586361587e-17,1.3851404334604204e-14,7.4506394469027546e-17,2.0043367927838723e-17,1.4548218560933417e-19,-6.0834758182082282e-06,6.0834758181220028e-06,-8.6225412931646012e-17,-6.0834758181219766e-06,-6.0834758181219893e-06,1.2705494208814505e-20,-8.6251670953010895e-17,1.3552527156068805e-20,190,190,1.185546875,2
39,3.9000000000000004,1.2529054323759769e-17,1.2471659057776711e-14,6.613633252161577e-17,1.8009947878307793e-17,-1.6900885404889464e-18,-1.4443260182517292e-05,1.4443260182894564e-05,3.7727186283885439e-16,-1.4443260182894598e-05,-1.4443260182894539e-05,-5.9292306307801024e-20,3.7730574415674456e-16,2.541098841762901e-20,168,168,1.1640625,2
40,4,1.1829063645621523e-17,1.1700001654187324e-14,7.3671537620390026e-17,1.6714891577418234e-17,-6.2751941554417359e-18,-2.0637551138236176e-05,2.0637551138475453e-05,2.3927664320397279e-16,-2.0637551138475419e-05,-2.0637551138475429e-05,1.0164395367051604e-20,2.3924276188608262e-16,2.3716922523120409e-20,260,260,1.25390625,2
41,4.1000000000000005,9.2875173858915497e-18,9.0016270068455457e-15,6.1582683397176652e-17,1.2627681483688007e-17,5.1175406001483796e-18,-2.4858773848279725e-05,2.4858773848401047e-05,1.2132222310112795e-16,-2.4858773848401003e-05,-2.4858773848401013e-05,1.0164395367051604e-20,1.2127817738787072e-16,3.3881317890172014e-20,296,296,1.2890625,2
42,4.2000000000000002,9.463735531403704e-18,9.0544939648814462e-15,4.3368086899420177e-17,1.3225612143098048e-17,-1.2373637455037741e-17,-2.5839704345109737e-05,2.5839704344341878e-05,-7.6785908360854638e-16,-2.5839704344341533e-05,-2.5839704344341861e-05,3.2864878353466853e-19,-7.6820467305102613e-16,1.6940658945086007e-20,172,172,1.16796875,2
43,4.2999999999999998,9.6448811567048355e-18,9.1399703973293982e-15,5.1499603193061461e-17,1.3424717825262012e-17,-9.8257120828255898e-18,-2.6584312198707494e-05,2.6584312198861423e-05,1.5392960343862949e-16,-2.6584312198861345e-05,-2.6584312198861471e-05,1.2536087619363645e-19,1.538516764074821e-16,-4.7433845046240819e-20,164,164,1.16015625,2
44,4.4000000000000004,1.0990430778869497e-17,1.0232492451767227e-14,6.2883726004159257e-17,1.5570391247000064e-17,9.5713865733794179e-19,-2.0627682189910956e-05,2.0627682190461013e-05,5.5005641968336461e-16,-2.062768219046085e-05,-2.0627682190461013e-05,1.6263032587282567e-19,5.4989378935749178e-16,0,176,176,1.171875,2
45,4.5,1.0113784532066966e-17,9.3881606629677765e-15,6.0932162093685349e-17,1.4130761559419405e-17,-5.8109364551107857e-18,-1.6759334302562934e-05,1.6759334302667668e-05,1.0473392986209973e-16,-1.6759334302667691e-05,-1.6759334302667722e-05,3.0493186101154812e-20,1.0475764678462285e-16,-5.4210108624275222e-20,112,112,1.109375,2
46,4.6000000000000005,8.9669235407195991e-18,8.2576548247914121e-15,5.1824863844807112e-17,1.2459060560722707e-17,7.2965170735467647e-18,-1.0615866061769452e-05,1.0615866061350327e-05,-4.1912545482858388e-16,-1.0615866061349659e-05,-1.0615866061350235e-05,5.7598240413292423e-19,-4.1979291679102027e-16,9.1479558303464437e-20,226,226,1.220703125,2
47,4.7000000000000002,1.5512171819642088e-17,1.4150673041685815e-14,6.9876830016690761e-17,2.2600568253815275e-17,-8.2609291817306937e-19,-5.088481671577938e-07,5.0884816747944948e-07,3.2165567952213703e-16,-5.0884816747910325e-07,-5.0884816747949299e-07,3.8974103485538494e-19,3.2130945480494683e-16,-4.351631766518968e-20,252,252,1.24609375,2
48,4.8000000000000007,1.0616972281583875e-17,9.7226073991712788e-15,4.7596475372113645e-17,1.5371604856552545e-17,5.6071898073661412e-19,4.8548890205779571e-06,-4.854889020490977e-06,8.6980119287649593e-17,4.8548890204910947e-06,4.8548890204907009e-06,3.9387032047324966e-19,8.6862381707981245e-17,-2.7613274080490191e-19,222,222,1.216796875,2
49,4.9000000000000004,8.2280627371346087e-18,7.5330491658854362e-15,4.6837533851373792e-17,1.1385558279653306e-17,3.5944763671353597e-18,1.1737595079885921e-05,-1.1737595080169819e-05,-2.8389833886532934e-16,1.1737595080169894e-05,1.1737595080169848e-05,4.5739779151732218e-20,-2.8397287776468771e-16,2.8799120206646212e-20,306,306,1.298828125,2
50,5,6.8559544818867901e-18,6.3362821460677407e-15,4.2934406030425976e-17,9.418829822105828e-18,-1.1382437092330634e-18,1.8288508036867768e-05,-1.8288508037319528e-05,-4.5175994022039756e-16,1.8288508037319707e-05,1.8288508037319419e-05,2.8799120206646212e-19,-4.5193951120521547e-16,-1.0842021724855044e-19,218,218,1.212890625,2
51,5.1000000000000005,6.6868750607723528e-18,6.2422131142814798e-15,3.7079714299004252e-17,9.3219731245316743e-18,-1.8629181655967306e-18,2.1381637629325212e-05,-2.1381637628595896e-05,7.293156963766867e-16,2.1381637628596076e-05,2.1381637628595744e-05,3.3203691532368573e-19,7.2913612539186878e-16,-1.5246593050577406e-19,202,202,1.197265625,2
52,5.2000000000000002,6.9902599023849556e-18,6.6939692436418887e-15,3.7513395167998453e-17,9.8632098070343086e-18,3.5944932695494783e-19,2.3886798816263877e-05,-2.3886798816326232e-05,-6.2355177445072574e-17,2.3886798816325886e-05,2.3886798816326218e-05,-3.3203691532368573e-19,-6.2009588002592819e-17,-1.3552527156068805e-20,170,170,1.166015625,2
53,5.3000000000000007,7.0754336571522842e-18,6.896161520718912e-15,3.426078865054194e-17,1.0310929171794454e-17,2.0501938585039314e-18,2.3535925166129346e-05,-2.3535925166354494e-05,-2.2514813364377106e-16,2.3535925166354372e-05,2.3535925166354338e-05,3.3881317890172014e-20,-2.2502616089936645e-16,-1.5585406229479126e-19,246,246,1.240234375,2
54,5.4000000000000004,7.0754001420444271e-18,7.1006322859448242e-15,3.3068166260807885e-17,1.0207898449826993e-17,1.360103839223307e-18,2.2881125285145743e-05,-2.2881125285128748e-05,1.6994869053710282e-17,2.288112528512889e-05,2.2881125285128795e-05,9.4867690092481638e-20,1.685256751857156e-17,4.7433845046240819e-20,188,188,1.18359375,2
55,5.5,5.6426868818086439e-18,5.8563408609375824e-15,3.1225022567582528e-17,7.8811130057898433e-18,-4.2628942590218794e-18,1.8421857945760678e-05,-1.8421857945932992e-05,-1.7231360652583683e-16,1.842185794593313e-05,1.8421857945933073e-05,5.7598240413292423e-20,-1.7245251992918653e-16,8.1315162936412833e-20,176,176,1.171875,2
56,5.6000000000000005,3.794519174662975e-18,4.0803646574980896e-15,2.3798237686056822e-17,5.1148647002767462e-18,1.8484064594446585e-19,1.3206826984912823e-05,-1.3206826985122841e-05,-2.1001843113991475e-16,1.3206826985122916e-05,1.3206826985122831e-05,8.4703294725430034e-20,-2.1009297003927313e-16,-1.0164395367051604e-20,202,202,1.197265625,2
57,5.7000000000000002,3.8816138934002224e-18,4.3390614931888878e-15,2.3852447794681098e-17,5.4038613403777665e-18,-8.6756853038550582e-19,7.552314416514605e-06,-7.552314415998241e-06,5.163639901404303e-16,7.5523144159982893e-06,7.5523144159982512e-06,3.8116482626443515e-20,5.1631570926243681e-16,1.0164395367051604e-20,250,250,1.244140625,2
58,5.8000000000000007,4.0603714924249543e-18,4.7227085700551982e-15,2.1467203015212988e-17,5.6290588581516731e-18,-2.5625072090850926e-20,8.6559217038484348e-07,-8.6559217035651913e-07,2.8324358239710176e-17,8.6559217035653533e-07,8.6559217035653109e-07,4.2351647362715017e-21,2.8308158734593938e-17,1.1964340379966992e-20,190,190,1.185546875,2
59,5.9000000000000004,4.0449428590535562e-18,4.9395503198382278e-15,1.9786689647860456e-17,5.8806325290216932e-18,1.3655268682307429e-18,-5.3070202339355887e-06,5.3070202335210161e-06,-4.1457265273709201e-16,-5.3070202335210271e-06,-5.3070202335210246e-06,-2.541098841762901e-21,-4.1456164130877771e-16,-8.4703294725430034e-21,154,154,1.150390625,2
60,6,3.537048198641977e-18,4.5096848274528946e-15,1.6913553890773869e-17,5.0994162751567059e-18,-6.9509044495564836e-19,-1.0584589736239991e-05,1.0584589736306432e-05,6.6441264382627319e-17,-1.0584589736306453e-05,-1.0584589736306439e-05,-1.3552527156068805e-20,6.6461593173361422e-17,-6.7762635780344027e-21,278,278,1.271484375,2
61,6.1000000000000005,2.586807527557465e-18,3.4377287749169856e-15,1.474514954580286e-17,3.587723026200734e-18,2.3006960348409972e-18,-1.5763564904069938e-05,1.5763564903855086e-05,-2.1485160113694779e-16,-1.5763564903855056e-05,-1.5763564903855117e-05,6.0986372202309624e-20,-2.1488209432304894e-16,-3.0493186101154812e-20,180,180,1.17578125,2
62,6.2000000000000002,2.9597615289551655e-18,4.1321187253257191e-15,1.6479873021779667e-17,4.2444440483831216e-18,-2.0672745722432849e-19,-1.7589676085449923e-05,1.7589676086218901e-05,7.6897716709892205e-16,-1.758967608621907e-05,-1.7589676086219019e-05,-5.082197683525802e-20,7.6914657368837291e-16,-1.1858461261560205e-19,194,194,1.189453125,2
63,6.3000000000000007,1.7309340523423267e-18,2.5095858063745828e-15,9.9746599868666408e-18,2.4610965178561864e-18,4.226590708632197e-19,-1.8544765605810198e-05,1.8544765605749856e-05,-6.0342627162396356e-17,-1.8544765605749937e-05,-1.854476560574993e-05,-6.7762635780344027e-21,-6.0261311999459943e-17,-7.453889935837843e-20,206,206,1.201171875,2
64,6.4000000000000004,1.6859387266481832e-18,2.5333262817218735e-15,9.1072982488782372e-18,2.35950953625036e-18,1.6918704114234313e-19,-1.7063400079564417e-05,1.706340007927461e-05,-2.8980724070537534e-16,-1.7063400079274501e-05,-1.7063400079274525e-05,2.3716922523120409e-20,-2.8991566092262389e-16,8.4703294725430034e-20,194,194,1.189453125,2
65,6.5,1.3837512056614706e-18,2.1452126482549722e-15,7.101524229780054e-18,1.9754568673711373e-18,8.9215229450720474e-20,-1.574939492332561e-05,1.5749394923165921e-05,-1.5968942747995873e-16,-1.5749394923166416e-05,-1.5749394923166067e-05,-3.4897757426877174e-19,-1.5919476023876222e-16,-1.4568966692773966e-19,246,246,1.240234375,2
66,6.6000000000000005,9.1833578216565804e-19,1.4556934520469568e-15,4.7704895589362195e-18,1.3109385822408835e-18,-2.2037486837073327e-19,-1.0758560748058699e-05,1.0758560748215583e-05,1.5688405435865249e-16,-1.0758560748215302e-05,-1.07585607482155e-05,1.9820570965750628e-19,1.5660283942016406e-16,8.3009228830921433e-20,166,166,1.162109375,2
67,6.7000000000000002,5.594243183397953e-19,9.0009963481738328e-16,3.0791765215061953e-18,7.7526892865830761e-19,2.2665982317334081e-19,-5.5906307911968156e-06,5.590630790874794e-06,-3.2202159775535089e-16,-5.5906307908750125e-06,-5.5906307908749643e-06,-4.8280877993495119e-20,-3.2180306325495928e-16,-1.7025362239811437e-19,190,190,1.185546875,2
68,6.8000000000000007,1.9551231644528352e-19,3.1560358765254458e-16,1.1926223897340549e-18,2.6553366202595369e-19,1.1767970987538551e-19,1.520139557342759e-06,-1.5201395573329876e-06,9.7713720795256087e-18,1.5201395573330189e-06,1.5201395573330704e-06,-5.1457251545698746e-20,9.7400318604771996e-18,8.2797470594107858e-20,230,230,1.224609375,2
69,6.9000000000000004,4.1838588506915347e-19,6.7139982125421888e-16,1.951563910473908e-18,6.1677569492037763e-19,-4.7256421335406079e-20,5.105949613337657e-06,-5.1059496126906864e-06,6.4697054137641263e-16,5.1059496126906415e-06,5.105949612690694e-06,-5.2516042729766621e-20,6.4701543412261711e-16,7.6232965252887031e-21,254,254,1.248046875,2
70,7,8.149304989281397e-19,1.2903035179736722e-15,3.903127820947816e-18,1.187679158393438e-18,-5.7924349013369048e-19,1.0473536473654121e-05,-1.0473536473662768e-05,-8.6465123255718979e-18,1.0473536473662817e-05,1.0473536473662815e-05,1.6940658945086007e-21,-8.6956402365126473e-18,4.7433845046240819e-20,178,178,1.173828125,2
71,7.1000000000000005,1.1381276686287381e-18,1.7598145107314147e-15,5.8546917314217239e-18,1.648030811878187e-18,4.6191792963364471e-19,1.528134060180264e-05,-1.528134060204149e-05,-2.3884973859855663e-16,1.5281340602041625e-05,1.5281340602041561e-05,6.4374503991326826e-20,-2.3898526387011731e-16,7.1150767569361228e-20,162,162,1.158203125,2
72,7.2000000000000002,1.741031636180828e-18,2.6053790111353195e-15,7.8062556418956319e-18,2.5348718261116018e-18,-6.0750126887423451e-19,1.857585747799817e-05,-1.857585747796975e-05,2.8419649446276285e-17,1.857585747796971e-05,1.8575857477969601e-05,1.0842021724855044e-19,2.8460307027744491e-17,-1.4907779871675686e-19,222,222,1.216796875,2
73,7.3000000000000007,1.8997719033489082e-18,2.7409762317892139e-15,9.3241386833753381e-18,2.7011235487061846e-18,2.1156266164013981e-19,1.8872277816939231e-05,-1.8872277817070677e-05,-1.3144596088671134e-16,1.8872277817070715e-05,1.8872277817070725e-05,-1.0164395367051604e-20,-1.3148323033639053e-16,4.7433845046240819e-20,216,216,1.2109375,2
74,7.4000000000000004,2.2072568056854973e-18,3.0526524256465614e-15,1.1709383462843448e-17,3.1435237285373079e-18,2.8817876075494647e-19,1.7093615420904484e-05,-1.7093615421129697e-05,-2.2521250814776239e-16,1.7093615421129548e-05,1.7093615421129616e-05,-6.7762635780344027e-20,-2.2506343034904563e-16,-8.1315162936412833e-20,236,236,1.23046875,2
75,7.5,2.5236380817087174e-18,3.3434625850703412e-15,1.702197410802242e-17,3.466558437254579e-18,7.6561035878388368e-19,1.4893709929353349e-05,-1.4893709929158837e-05,1.9451264600747753e-16,1.4893709929158743e-05,1.4893709929158733e-05,1.0164395367051604e-20,1.946058196316755e-16,-1.0333801956502464e-19,184,184,1.1796875,2
76,7.6000000000000005,3.6650706185978126e-18,4.6405299353747142e-15,2.0599841277224584e-17,5.332280852480184e-18,4.0055157822972907e-19,1.02940963513376e-05,-1.0294096351190545e-05,1.4705508403871359e-16,1.0294096351190527e-05,1.0294096351190584e-05,-5.7598240413292423e-20,1.4707371876355319e-16,3.8963515573697816e-20,194,194,1.189453125,2
77,7.7000000000000002,4.3003310056113391e-18,5.191056897847803e-15,2.2985086056692694e-17,6.2349863636817533e-18,-1.177568966784126e-19,5.0568430998154668e-06,-5.0568430996930239e-06,1.2244284769034539e-16,5.0568430996930434e-06,5.056843099693029e-06,1.4399560103323106e-20,1.2242336593255854e-16,5.082197683525802e-21,194,194,1.189453125,2
78,7.8000000000000007,4.272134765158363e-18,4.9260198327974786e-15,2.1684043449710089e-17,6.1339048928277733e-18,5.4935542990565266e-19,-1.6209685771428894e-06,1.6209685772174516e-06,7.4562192764427923e-17,-1.6209685772174667e-06,-1.6209685772174614e-06,-5.2939559203393771e-21,7.4577227599241687e-17,-9.7408788934244539e-21,224,224,1.21875,2
79,7.9000000000000004,3.4550860303123983e-18,3.8314293460904418e-15,2.2551405187698492e-17,4.6748670665347832e-18,-2.7149392734714164e-19,-7.9585736010301389e-06,7.9585736008418553e-06,-1.8828356571336941e-16,-7.9585736008419061e-06,-7.9585736008419028e-06,-3.3881317890172014e-21,-1.8823274373653415e-16,-4.7433845046240819e-20,246,246,1.240234375,2
80,8,5.0133718973438707e-18,5.3451473929534993e-15,2.7755575615628914e-17,6.9141856054199632e-18,2.4089565941149519e-19,-1.4034087634229309e-05,1.4034087634338356e-05,1.0904702162951863e-16,-1.4034087634338332e-05,-1.4034087634338434e-05,1.0164395367051604e-19,1.0902330470699551e-16,-7.7927031147395631e-20,194,194,1.189453125,2
81,8.0999999999999996,5.8429416449647112e-18,5.9989639115567539e-15,3.3393426912553537e-17,8.3741680719724888e-18,6.8844149561372931e-19,-1.8689859390796926e-05,1.8689859390916849e-05,1.1992292467226384e-16,-1.8689859390916944e-05,-1.8689859390917038e-05,9.4867690092481638e-20,1.2001779236235632e-16,-1.8973538018496328e-19,160,160,1.15625,2
82,8.2000000000000011,5.7055268367330123e-18,5.6655899333036491e-15,3.2959746043559335e-17,8.0018706218746221e-18,3.2325007375163433e-19,-2.2993648295610569e-05,2.2993648295575455e-05,-3.5114597861374275e-17,-2.2993648295575658e-05,-2.2993648295575617e-05,-4.0657581468206416e-20,-3.4911309954033243e-17,-1.6263032587282567e-19,222,222,1.216796875,2
83,8.3000000000000007,5.7630343662574552e-18,5.579760972628746e-15,3.3298559222461055e-17,8.0941939044028906e-18,-5.4192539317641675e-18,-2.5703895572881663e-05,2.5703895572863083e-05,-1.8580514730970332e-17,-2.5703895572863648e-05,-2.5703895572863452e-05,-1.9651164376299768e-19,-1.801469672220446e-17,-3.6930636500287495e-19,196,196,1.19140625,2
84,8.4000000000000004,6.5571914518849964e-18,6.1812189836623065e-15,3.2309224740068032e-17,9.3292638944507167e-18,7.7701403917002548e-18,-2.3833312777554738e-05,2.3833312776962303e-05,-5.9243517210039176e-16,-2.38333127769623e-05,-2.3833312776962479e-05,1.7957098481791167e-19,-5.9243856023218078e-16,-1.7618285302889447e-19,228,228,1.22265625,2
85,8.5,9.2422939840569104e-18,8.5702259848783272e-15,3.8597597340483958e-17,1.3463510114448911e-17,1.5024672622436024e-18,-2.1993865050973227e-05,2.1993865051413088e-05,4.3986082137736915e-16,-2.1993865051413379e-05,-2.1993865051413403e-05,2.3716922523120409e-20,4.4015220071122463e-16,-3.1509625637859973e-19,210,210,1.205078125,2
86,8.5999999999999996,7.8814875036649907e-18,7.2094755928110946e-15,4.8572257327350599e-17,1.0742508174852159e-17,-1.8472263381525776e-18,-1.6672475569023959e-05,1.667247556834533e-05,-6.7862924481298936e-16,-1.6672475568345994e-05,-1.6672475568345652e-05,-3.4220131069073734e-19,-6.7796517098234199e-16,-3.2187251995663413e-19,234,234,1.228515625,2
87,8.7000000000000011,9.1777946038892366e-18,8.3594543843662558e-15,5.2421175039674139e-17,1.3065956358707963e-17,-2.3948594395457031e-18,-1.0029961323709813e-05,1.0029961323949584e-05,2.3977131044516931e-16,-1.002996132394973e-05,-1.0029961323949815e-05,8.4703294725430034e-20,2.3991700011209705e-16,-2.3039296165316969e-19,172,172,1.16796875,2
88,8.8000000000000007,8.9458224187648554e-18,8.0674520824411161e-15,5.0306980803327406e-17,1.272569395937305e-17,2.4058353581473663e-18,-3.8570172051777263e-06,3.8570172052144265e-06,3.6700243538634325e-17,-3.8570172052148805e-06,-3.8570172052145841e-06,-2.9646153153900512e-19,3.715425319836263e-17,-1.5754812818929986e-19,158,158,1.154296875,2
89,8.9000000000000004,9.4267101866108209e-18,8.5151318268710326e-15,5.6378512969246231e-17,1.3447961290282022e-17,-2.8102624984921977e-18,2.6041882827954055e-06,-2.6041882830510061e-06,-2.5560066216345767e-16,2.6041882830503586e-06,2.6041882830505149e-06,-1.5627757876841841e-19,-2.5495310547528176e-16,-4.912791094074942e-19,218,218,1.212890625,2
90,9,1.0824441151293042e-17,9.8105275260845908e-15,5.7787975793477386e-17,1.5233844542976739e-17,4.0837504813327207e-18,1.1375795242685172e-05,-1.1375795242662132e-05,2.3039296165316969e-17,1.1375795242662215e-05,1.1375795242661788e-05,4.2690460541616737e-19,2.2956286936486048e-17,-3.4389537658524594e-19,194,194,1.189453125,2
91,9.0999999999999996,1.174777832492147e-17,1.0805768379474065e-14,5.6378512969246231e-17,1.6962353824601741e-17,2.5596979466802456e-18,1.7557368465759282e-05,-1.7557368465794681e-05,-3.539920093165172e-17,1.755736846579479e-05,1.7557368465794403e-05,3.8624702394796095e-19,-3.550762114890027e-17,-2.7782680669941051e-19,264,264,1.2578125,2
92,9.2000000000000011,1.2815379909901112e-17,1.18268986740993e-14,6.4184768611141862e-17,1.857657404253213e-17,-1.050021948096745e-17,2.2228105884813942e-05,-2.2228105884260796e-05,5.5314639587494829e-16,2.2228105884260247e-05,2.222810588426066e-05,-4.1335207826009857e-19,5.5369527322476908e-16,-1.3552527156068805e-19,200,200,1.1953125,2
93,9.3000000000000007,1.2116957204817051e-17,1.1416902498242056e-14,5.876375774871434e-17,1.7325289658117039e-17,7.6248556635008684e-18,2.6823133834952273e-05,-2.6823133834793654e-05,1.586187778346293e-16,2.6823133834793681e-05,2.6823133834793515e-05,1.6601845766184287e-19,1.5859167278031716e-16,-1.3891340334970526e-19,216,216,1.2109375,2
94,9.4000000000000004,1.0867360988015544e-17,1.039225403781095e-14,6.7600005454471201e-17,1.4872474769156157e-17,-1.3407481624450506e-17,2.6189668999698767e-05,-2.6189668999660746e-05,3.8021614936351034e-17,2.6189668999660702e-05,2.6189668999660661e-05,4.0657581468206416e-20,3.8065660649608257e-17,-8.4703294725430034e-20,238,238,1.232421875,2
95,9.5,1.1262296090435374e-17,1.0975936423069168e-14,5.8330076879720139e-17,1.5923608328703323e-17,5.9550022698721315e-18,2.4448866254189738e-05,-2.4448866254494799e-05,-3.0506061001953078e-16,2.4448866254494562e-05,2.444886625449465e-05,-8.8091426514447235e-20,-3.0482344079429957e-16,-1.4907779871675686e-19,210,210,1.205078125,2
96,9.6000000000000014,1.2217255747882425e-17,1.1985340479747766e-14,6.114900252818245e-17,1.7402054681449557e-17,-3.7103225521249034e-18,1.9153772486291132e-05,-1.9153772486078083e-05,2.1304911502519064e-16,1.9153772486077971e-05,1.9153772486078045e-05,-7.453889935837843e-20,2.1316092337422821e-16,-3.7269449679189215e-20,176,176,1.171875,2
97,9.7000000000000011,1.0267120272440717e-17,1.0288727209606562e-14,7.3508907294517201e-17,1.4504087608608982e-17,3.8622480023306855e-18,1.2578426066056636e-05,-1.2578426066742072e-05,-6.8543600157712492e-16,1.257842606674204e-05,1.2578426066742043e-05,-3.3881317890172014e-21,-6.8540381432512926e-16,-2.8799120206646212e-20,208,208,1.203125,2
98,9.8000000000000007,1.0065070502447521e-17,1.0041510228621573e-14,6.0064800355696946e-17,1.4022256556158068e-17,-1.3967111844817942e-18,3.5456905456143772e-06,-3.5456905450127513e-06,6.0162590309457455e-16,3.5456905450127543e-06,3.5456905450127454e-06,8.8938459461701536e-21,6.0162293847925916e-16,-5.9292306307801024e-21,178,178,1.173828125,2
99,9.9000000000000004,1.0866700292579282e-17,1.0946574743506894e-14,5.7462715141731735e-17,1.5272997793103441e-17,3.7200437962372601e-18,-6.6504481521789671e-06,6.6504481517262382e-06,-4.5272894591205648e-16,-6.6504481517262365e-06,-6.6504481517262373e-06,8.4703294725430034e-22,-4.5273063997795099e-16,8.4703294725430034e-22,204,204,1.19921875,2
100,10,1.142367867167378e-17,1.1474318840897977e-14,6.1365842962679551e-17,1.5976008979737638e-17,-1.3878117466308893e-19,-1.6927673586408787e-05,1.6927673586978864e-05,5.7007689042466725e-16,-1.6927673586978799e-05,-1.6927673586978857e-05,5.7598240413292423e-20,5.7001251592067592e-16,6.7762635780344027e-21,154,154,1.150390625,2
101,10.100000000000001,1.2649011036428384e-17,1.2498399966972588e-14,6.9388939039072284e-17,1.793557214032524e-17,-2.3449467996733836e-19,-2.7708636435086476e-05,2.7708636434399322e-05,-6.8715378439415664e-16,-2.7708636434399339e-05,-2.7708636434399332e-05,-6.7762635780344027e-21,-6.8713684373521156e-16,-1.0164395367051604e-20,232,232,1.2265625,2
102,10.200000000000001,1.3202071832726676e-17,1.2977291354534766e-14,5.8980598183211441e-17,1.8934672110234911e-17,-3.8878249963649131e-18,-3.5532331219556568e-05,3.5532331219934968e-05,3.7840011072459712e-16,-3.5532331219935069e-05,-3.5532331219935008e-05,-6.0986372202309624e-20,3.7850175467826763e-16,-4.0657581468206416e-20,214,214,1.208984375,2
103,10.300000000000001,1.2043905973812352e-17,1.1530422425011845e-14,5.5294310796760726e-17,1.7487413749454982e-17,4.6656824931992615e-18,-4.4342708281241983e-05,4.4342708281486037e-05,2.4405390902648705e-16,-4.4342708281485569e-05,-4.4342708281486064e-05,4.946672411965114e-19,2.4358634683960267e-16,-2.7105054312137611e-20,222,222,1.216796875,2
104,10.4,9.6954453667822488e-18,9.1083986624057367e-15,5.2041704279304213e-17,1.369174165316148e-17,-1.9202799631387715e-18,-4.8459447280713164e-05,4.845944727996436e-05,-7.4880423042711364e-16,-4.8459447279964475e-05,-4.8459447279964421e-05,-5.4210108624275222e-20,-7.4868903394628705e-16,-6.0986372202309624e-20,184,184,1.1796875,2
105,10.5,1.0925079833606849e-17,1.0101758997555018e-14,5.377642775528102e-17,1.5096097464290733e-17,7.0559141224568586e-18,-4.8346889841788254e-05,4.8346889841904318e-05,1.1606384256457325e-16,-4.8346889841904054e-05,-4.8346889841904454e-05,3.9979955110402976e-19,1.1579956828502991e-16,-1.3552527156068805e-19,220,220,1.21484375,2
106,10.600000000000001,1.1184323652107103e-17,1.0070134385301864e-14,5.4128793461338809e-17,1.5758789076134529e-17,-4.0269110716288367e-19,-4.697508844841991e-05,4.697508844895079e-05,5.3087959375752725e-16,-4.6975088448950844e-05,-4.6975088448951014e-05,1.6940658945086007e-19,5.3093380386615152e-16,-2.2361669807513529e-19,220,220,1.21484375,2
107,10.700000000000001,9.5671646547624462e-18,8.4499041700797692e-15,5.4643789493269423e-17,1.3400826367629643e-17,-1.1046967421221373e-17,-4.2682836154384063e-05,4.2682836154331425e-05,-5.263801547417124e-17,-4.2682836154331093e-05,-4.2682836154331669e-05,5.7598240413292423e-19,-5.2970052389494926e-17,-2.439454888092385e-19,188,188,1.18359375,2
108,10.800000000000001,1.1324114067382401e-17,9.8498591424114031e-15,4.8138576458356397e-17,1.6370001102556086e-17,-3.9653954839127068e-18,-3.2391706267453912e-05,3.2391706267736184e-05,2.8227203560660108e-16,-3.2391706267736063e-05,-3.2391706267736205e-05,1.4230153513872246e-19,2.8215006286219646e-16,-2.0328790734103208e-20,220,220,1.21484375,2
109,10.9,8.2650066753883582e-18,7.1136431747570233e-15,5.0523821237824507e-17,1.1379449240636872e-17,5.7547579340052341e-18,-1.9674056272123153e-05,1.9674056271459892e-05,-6.6326067901800734e-16,-1.9674056271459099e-05,-1.967405627145996e-05,8.6058547441036914e-19,-6.6405350185663736e-16,-6.7762635780344027e-20,194,194,1.189453125,2
110,11,7.9045515024085696e-18,6.7619871106830176e-15,4.5102810375396984e-17,1.106877902092089e-17,-4.3647954750542506e-18,-9.6532328850429394e-06,9.6532328854720666e-06,4.2912721986976265e-16,-9.6532328854727663e-06,-9.6532328854724766e-06,-2.8968526796097072e-19,4.2982686908419471e-16,-4.0996394647108136e-19,206,206,1.201171875,2
111,11.100000000000001,9.1049190282562796e-18,7.7628626681558282e-15,4.3368086899420177e-17,1.3399129820193297e-17,-2.7778847131447446e-18,7.5179725262941588e-06,-7.5179725262972488e-06,-3.0899761915836876e-18,7.51797252629748e-06,7.5179725262973309e-06,1.4907779871675686e-19,-3.3212161861841116e-18,8.2162195883667133e-20,196,196,1.19140625,2
112,11.200000000000001,6.5884102626882525e-18,5.6639923522083604e-15,4.0982842119952068e-17,9.1327721030224203e-18,3.4743941865913303e-18,2.145318658719475e-05,-2.1453186587128126e-05,6.6624223499234247e-17,2.1453186587128055e-05,2.1453186587127645e-05,4.0996394647108136e-19,6.6695374266803609e-17,-4.8111471404044259e-19,222,222,1.216796875,2
113,11.300000000000001,6.2637370192333869e-18,5.4327816868000161e-15,4.2283884726934673e-17,8.6339656500406935e-18,-4.3276207962208796e-19,3.294620780192048e-05,-3.2946207802393463e-05,-4.7298319774680131e-16,3.2946207802393409e-05,3.2946207802393307e-05,1.0164395367051604e-19,-4.7292898763817703e-16,-1.5585406229479126e-19,228,228,1.22265625,2
114,11.4,5.7802179940690455e-18,5.1079675145328734e-15,2.6454533008646308e-17,8.3381493193794798e-18,-1.987250747735668e-18,4.4286082846234365e-05,-4.4286082846313728e-05,-7.9363599025938925e-17,4.4286082846312854e-05,4.4286082846313261e-05,-4.0657581468206416e-19,-7.8489461024372487e-17,-4.6756218688437379e-19,162,162,1.158203125,2
115,11.5,5.5310565118074299e-18,5.0475148813222884e-15,2.6020852139652106e-17,7.8175325951865674e-18,3.1019207713051986e-18,5.1582834099228592e-05,-5.1582834098718122e-05,5.1046948786048763e-16,5.1582834098717323e-05,5.1582834098717729e-05,-4.0657581468206416e-19,5.1126908696269568e-16,-3.9302328752599536e-19,230,230,1.224609375,2
116,11.600000000000001,4.0257066928235752e-18,3.7845659357334456e-15,2.5370330836160804e-17,5.4658060013197188e-18,-1.4023242410543822e-19,5.6090347583470646e-05,-5.6090347583579093e-05,-1.0844732230286258e-16,5.6090347583579466e-05,5.6090347583579323e-05,1.4230153513872246e-19,-1.0882001679965447e-16,2.3039296165316969e-19,200,200,1.1953125,2
117,11.700000000000001,4.683843005697173e-18,4.6140725063946793e-15,2.1684043449710089e-17,6.6869859745215544e-18,2.2898178955929284e-18,5.3973588544309337e-05,-5.3973588544290892e-05,1.8444989459409644e-17,5.3973588544291176e-05,5.3973588544291047e-05,1.2874900798265365e-19,1.8160386389132199e-17,1.5585406229479126e-19,220,220,1.21484375,2
118,11.800000000000001,3.6859754091172001e-18,3.8062637152339617e-15,2.211772431870429e-17,5.1945947783643543e-18,1.3451073389691432e-18,4.6986400405124584e-05,-4.6986400405329892e-05,-2.0530723388728633e-16,4.6986400405329695e-05,4.6986400405329729e-05,-3.3881317890172014e-20,-2.0511072224352334e-16,-1.6263032587282567e-19,218,218,1.212890625,2
119,11.9,3.5227483496614378e-18,3.8773713326798424e-15,2.1250362580715887e-17,4.9800011732061006e-18,2.6169254681341249e-20,3.7131805753709557e-05,-3.7131805753777774e-05,-6.8216645440072332e-17,3.7131805753777652e-05,3.7131805753777699e-05,-4.7433845046240819e-20,-6.8094672695667713e-17,-7.453889935837843e-20,174,174,1.169921875,2
120,12,2.7663918030144226e-18,3.2722223595314242e-15,2.0383000842727483e-17,3.8463840581072908e-18,7.5688165481541787e-19,2.3060708137734309e-05,-2.3060708137355306e-05,3.7900319818304218e-16,2.3060708137355313e-05,2.3060708137355354e-05,-4.0657581468206416e-20,3.7899642191946414e-16,4.7433845046240819e-20,200,200,1.1953125,2
121,12.100000000000001,2.8634024809572221e-18,3.6704369914381426e-15,1.3444106938820255e-17,4.1182431702774375e-18,-1.4540670976877876e-18,4.7229654391856002e-06,-4.7229654395667345e-06,-3.81134333078334e-16,4.7229654395667489e-06,4.7229654395667413e-06,7.6232965252887031e-21,-3.8114873263843732e-16,6.7762635780344027e-21,208,208,1.203125,2
122,12.200000000000001,1.3154403585649752e-18,1.8494976399802984e-15,6.7220534694101275e-18,1.7720643927684512e-18,6.0076618778211027e-19,-1.4647788524335681e-05,1.4647788524732943e-05,3.9726184039405588e-16,-1.4647788524732873e-05,-1.4647788524732953e-05,7.9621097041904232e-20,3.9719238369238102e-16,-1.0164395367051604e-20,226,226,1.220703125,2
123,12.300000000000001,1.3673607720631022e-18,2.1281822713815185e-15,7.8062556418956319e-18,1.8833951290128004e-18,-8.0320709977529181e-20,-3.5645643849058217e-05,3.5645643848771459e-05,-2.8675792209525985e-16,-3.564564384877148e-05,-3.5645643848771507e-05,2.7105054312137611e-20,-2.8673759330452575e-16,-4.7433845046240819e-20,200,200,1.1953125,2
124,12.4,1.3191001120767057e-18,2.3074657111949124e-15,6.9388939039072284e-18,1.8804776629923259e-18,4.6960990558490823e-19,-5.4596775602711034e-05,5.4596775602777767e-05,6.6732643716482798e-17,-5.4596775602777936e-05,-5.4596775602777889e-05,-4.7433845046240819e-20,6.6902050305933658e-17,-1.2197274440461925e-19,214,214,1.208984375,2
125,12.5,1.3852193896432453e-18,2.7461639258867027e-15,5.4210108624275222e-18,2.0498979009232931e-18,2.726486175617856e-19,-7.0754925250327005e-05,7.0754925250598747e-05,2.7174172200633562e-16,-7.0754925250598869e-05,-7.0754925250598747e-05,-1.2197274440461925e-19,2.7186369475074024e-16,0,214,214,1.208984375,2
126,12.600000000000001,5.7606355441385701e-19,1.3124090600233914e-15,3.4694469519536142e-18,7.8027574950851452e-19,2.688069529707052e-19,-8.5108360897478974e-05,8.5108360897118233e-05,-3.6074116784023946e-16,-8.5108360897119412e-05,-8.5108360897118761e-05,-6.5052130349130266e-19,-3.5956209797766148e-16,-5.2854855908668341e-19,198,198,1.193359375,2
127,12.700000000000001,3.2586316128140143e-19,8.6498968109738474e-16,2.1684043449710089e-18,4.4690293749555564e-19,2.26266502146713e-19,-9.4476697862333481e-05,9.4476697862715879e-05,3.8239810623563741e-16,-9.4476697862716136e-05,-9.4476697862716204e-05,6.7762635780344027e-20,3.8265560425160272e-16,-3.2526065174565133e-19,228,228,1.22265625,2
128,12.800000000000001,2.0899630967458393e-19,6.5370611301697687e-16,1.5178830414797062e-18,2.8479538976986349e-19,2.3042133667711414e-20,-9.921383573718856e-05,9.9213835737023382e-05,-1.651782009781666e-16,-9.921383573702387e-05,-9.9213835737023531e-05,-3.3881317890172014e-19,-1.6469031000054812e-16,-1.4907779871675686e-19,200,200,1.1953125,2
129,12.9,8.6694505858521785e-20,3.2117173361381059e-16,5.4210108624275222e-19,1.1631994719479671e-19,-3.7614458326667866e-20,-9.4049030340492834e-05,9.4049030340748977e-05,2.5614276324970042e-16,-9.4049030340749939e-05,-9.4049030340749627e-05,-3.1170812458958252e-19,2.5710499267778131e-16,-6.5052130349130266e-19,180,180,1.17578125,2
130,13,1.5719296819213931e-19,6.8648311117578732e-16,9.7578195523695399e-19,2.0576283173379074e-19,-1.654823544507692e-20,-8.1495210451087985e-05,8.1495210450301613e-05,-7.8637183570373637e-16,-8.1495210450302209e-05,-8.1495210450302196e-05,-1.3552527156068805e-20,-7.8577552450886934e-16,-5.8275866771095863e-19,222,222,1.216796875,2
131,13.100000000000001,3.1160780531034658e-19,1.595153724469595e-15,1.6263032587282567e-18,4.4613314253799848e-19,-1.5491261809050382e-19,-6.9468183184540067e-05,6.9468183184600131e-05,6.0064800355696946e-17,-6.9468183184599996e-05,-6.9468183184600714e-05,7.1828393927164669e-19,5.9929275084136258e-17,-5.8275866771095863e-19,202,202,1.197265625,2
132,13.200000000000001,3.4959893833132072e-19,2.0651262531703172e-15,2.1141942363467336e-18,4.6561685841645367e-19,-1.2095962094457581e-19,-5.1640936484353972e-05,5.1640936484967847e-05,6.1387527006129261e-16,-5.1640936484969758e-05,-5.1640936484968606e-05,-1.1519648082658485e-18,6.1578617639029831e-16,-7.589415207398531e-19,220,220,1.21484375,2
133,13.300000000000001,4.4009980933680756e-19,2.9048636827259066e-15,2.7105054312137611e-18,5.8322292282975402e-19,-3.6905054563867506e-20,-2.6701196688350137e-05,2.6701196688029322e-05,-3.2081542283846076e-16,-2.6701196688030843e-05,-2.6701196688030514e-05,-3.2864878353466853e-19,-3.1929415166519204e-16,-1.1926223897340549e-18,174,174,1.169921875,2
134,13.4,4.4413975264700039e-19,3.1186686427966075e-15,2.6020852139652106e-18,5.8830998019937857e-19,1.8475259037733491e-19,-2.3219861065015834e-06,2.3219861061636376e-06,-3.3794581716373173e-16,-2.3219861061641488e-06,-2.3219861061644173e-06,2.6850944427961321e-19,-3.3743463278006376e-16,-7.7969382794758346e-19,238,238,1.232421875,2
135,13.5,6.0398382354439571e-19,4.2033294504701411e-15,3.6049722235143022e-18,8.0016758208403659e-19,4.3324948828602905e-19,2.1635581475720755e-05,-2.1635581475334888e-05,3.8586755318759103e-16,2.1635581475333733e-05,2.1635581475333919e-05,-1.8634724839594607e-19,3.8702290612764589e-16,-9.6900569165891959e-19,194,194,1.189453125,2
136,13.600000000000001,8.2232154972102622e-19,5.31613000872601e-15,3.6320772778264399e-18,1.1740927168322545e-18,4.7009607147616581e-19,4.7036523074694969e-05,-4.7036523075403495e-05,-7.0852611971927715e-16,4.7036523075403719e-05,4.7036523075403428e-05,2.9137933385547932e-19,-7.0874973641735228e-16,-6.7762635780344027e-20,200,200,1.1953125,2
137,13.700000000000001,8.5385097534117018e-19,4.7991561970183625e-15,4.4452289071905682e-18,1.2055111044485499e-18,2.3059600871164994e-19,6.9448370455305053e-05,-6.9448370454719584e-05,5.8546917314217239e-16,6.9448370454719638e-05,6.9448370454719137e-05,5.014435047745458e-19,5.8541496303354812e-16,-4.4723339615027058e-19,222,222,1.216796875,2
138,13.800000000000001,9.1359483170557854e-19,4.3245837221979754e-15,5.5294310796760726e-18,1.2961291541440403e-18,-4.9342204763043072e-19,8.885318986262547e-05,-8.8853189862967753e-05,-3.4228262585367375e-16,8.8853189862968105e-05,8.8853189862967156e-05,9.4867690092481638e-19,-3.4263499155973154e-16,-5.9631119486702744e-19,180,180,1.17578125,2
139,13.9,1.1946049017094793e-18,4.6760694692051985e-15,5.5294310796760726e-18,1.7287351019322295e-18,-3.5692095359408721e-19,9.9155164641651083e-05,-9.9155164641140966e-05,5.1011712215442984e-16,9.9155164641140939e-05,9.9155164641140763e-05,1.7618285302889447e-19,5.1014422720874197e-16,-2.0328790734103208e-19,240,240,1.234375,2
140,14,1.1550170845140049e-18,3.7196173037914998e-15,7.3725747729014302e-18,1.5981650558310403e-18,7.3313130455805203e-19,0.0001021881166165528,-0.00010218811661690864,-3.5583515300974256e-16,0.00010218811661690788,0.00010218811661690849,-6.0986372202309624e-19,-3.550762114890027e-16,-1.4907779871675686e-19,170,170,1.166015625,2
141,14.100000000000001,1.3553472174224076e-18,3.6527384711774654e-15,7.8062556418956319e-18,1.9075763066547162e-18,6.7789981012535781e-19,0.00010004698389209921,-0.00010004698389215043,-5.1228552649940085e-17,0.00010004698389215106,0.00010004698389215037,6.9117888495950908e-19,-5.185196889911925e-17,-6.7762635780344027e-20,238,238,1.232421875,2
142,14.200000000000001,1.6099358343216789e-18,3.6708798582748979e-15,7.589415207398531e-18,2.2958106320243358e-18,-4.1506464992265692e-19,8.8958093556357198e-05,-8.8958093555765902e-05,5.9129675981928198e-16,8.8958093555765753e-05,8.8958093555765902e-05,-1.4907779871675686e-19,5.9144583761799874e-16,0,176,176,1.171875,2
143,14.300000000000001,1.5865561500410464e-18,3.0916311892729963e-15,9.8662397696180903e-18,2.1949378174798723e-18,1.4301663558516219e-18,7.5741155640685065e-05,-7.5741155641055916e-05,-3.7085135309866679e-16,7.5741155641055876e-05,7.5741155641055903e-05,-2.7105054312137611e-20,-3.7081069551719859e-16,-1.3552527156068805e-20,206,206,1.201171875,2
144,14.4,1.7601318903004311e-18,2.9734266783645514e-15,1.1221492485224971e-17,2.4386616218849466e-18,1.2399084572430036e-18,5.2023149446078776e-05,-5.2023149446520487e-05,-4.4171074133417254e-16,5.2023149446520636e-05,5.2023149446520629e-05,6.7762635780344027e-21,-4.418598191328893e-16,1.4230153513872246e-19,224,224,1.21875,2
145,14.5,3.2175349087106659e-18,4.7812084224366854e-15,1.6696713456276768e-17,4.7559295257940611e-18,1.207806116220281e-18,2.4744694469447381e-05,-2.4744694468644184e-05,8.0319729816799579e-16,2.4744694468644123e-05,2.4744694468644194e-05,-7.1150767569361228e-20,8.032582845401981e-16,1.0164395367051604e-20,208,208,1.203125,2
146,14.600000000000001,2.7740828882490193e-18,3.6537310615123325e-15,1.7726705520137997e-17,3.8646074673872934e-18,-9.786815303894674e-19,-3.9800577908977175e-06,3.9800577907347501e-06,-1.6296744498583288e-16,-3.9800577907348051e-06,-3.9800577907347441e-06,-6.0986372202309624e-20,-1.6291238784426135e-16,5.9292306307801024e-21,214,214,1.208984375,2
147,14.700000000000001,3.0124322688718022e-18,3.572925482368851e-15,1.7672495411513722e-17,4.2454565174528865e-18,-2.6793849459575902e-20,-3.5070213054488875e-05,3.5070213054763503e-05,2.7462841029057827e-16,-3.5070213054763503e-05,-3.5070213054763598e-05,9.4867690092481638e-20,2.7462841029057827e-16,-9.4867690092481638e-20,200,200,1.1953125,2
148,14.800000000000001,4.2160005998858131e-18,4.5414204939143162e-15,2.0383000842727483e-17,5.9706723794690091e-18,-6.3848350321553088e-19,-6.6026476981839721e-05,6.6026476981641773e-05,-1.9794821164154097e-16,-6.6026476981642098e-05,-6.6026476981641922e-05,-1.7618285302889447e-19,-1.9762295098979532e-16,-1.4907779871675686e-19,220,220,1.21484375,2
149,14.9,3.5851171803281561e-18,3.5515134607747377e-15,3.1658703436576729e-17,4.9063820986888811e-18,9.1153798355813544e-19,-9.3409605533167905e-05,9.340960553295097e-05,-2.1693530218719337e-16,-9.3409605532951133e-05,-9.3409605532951065e-05,-6.7762635780344027e-20,-2.1677267186132054e-16,-9.4867690092481638e-20,180,180,1.17578125,2
150,15,4.7729405170801718e-18,4.3689869180787945e-15,2.9923979960599922e-17,6.8986037974261486e-18,1.6459143890840082e-18,-0.00011812048678105924,0.00011812048678119637,1.3712446976510417e-16,-0.00011812048678119703,-0.00011812048678119703,0,1.3778854359575154e-16,-6.6407383064737147e-19,230,230,1.224609375,2
151,15.100000000000001,7.4780405998955588e-18,6.4161043608105643e-15,3.903127820947816e-17,1.0914996425675085e-17,3.9123698042363141e-18,-0.0001314774601741675,0.00013147746017418453,1.702197410802242e-17,-0.00013147746017418512,-0.00013147746017418531,1.8973538018496328e-19,1.7618285302889447e-17,-7.8604657505199071e-19,172,172,1.16796875,2
152,15.200000000000001,6.0942084864856486e-18,4.9462492917198584e-15,3.1225022567582528e-17,8.5746915417063687e-18,-9.419102630328045e-19,-0.00014408021171519181,0.00014408021171544074,2.4893281880267182e-16,-0.00014408021171544164,-0.00014408021171544185,2.1684043449710089e-19,2.4982728559497236e-16,-1.111307226797642e-18,222,222,1.216796875,2
153,15.300000000000001,7.4094420221038544e-18,5.735076715612903e-15,3.7079714299004252e-17,1.0636325067570258e-17,9.1367757715958427e-19,-0.00014750609977198792,0.00014750609977152865,-4.5926804026485968e-16,-0.00014750609977152979,-0.00014750609977152979,0,-4.581296279837499e-16,-1.1384122811097797e-18,226,226,1.220703125,2
154,15.4,9.4015198824407153e-18,6.9879673106043388e-15,3.9898639947466563e-17,1.360359004925747e-17,2.3133003312232941e-18,-0.00013862157767441374,0.00013862157767479018,3.7643499428696714e-16,-0.00013862157767479199,-0.00013862157767479151,-4.87890977618477e-19,3.7825103292588036e-16,-1.3281476612947429e-18,196,196,1.19140625,2
155,15.5,7.5782300394556834e-18,5.4471908221021194e-15,4.5102810375396984e-17,1.0589081474064904e-17,9.2783273293466832e-19,-0.00012290954496929629,0.00012290954496866192,-6.3436669112126864e-16,-0.00012290954496866217,-0.00012290954496866355,1.3823577699190182e-18,-6.3412274563245941e-16,-1.6263032587282567e-18,188,188,1.18359375,2
156,15.600000000000001,7.9583292252260454e-18,5.5817389978806132e-15,4.4235448637408581e-17,1.1055391309501873e-17,-3.3868507121180949e-18,-0.00010261834879088383,0.0001026183487909478,6.3967928176644762e-17,-0.0001026183487909488,-0.00010261834879094923,4.3368086899420177e-19,6.4970815186193853e-17,-1.4365678785432934e-18,192,192,1.1875,2
157,15.700000000000001,9.7265702464062808e-18,6.7109939683354971e-15,4.5970172113385388e-17,1.4005066088667991e-17,4.4169300367028413e-18,-7.3796628582201151e-05,7.3796628582641554e-05,4.404029224636119e-16,-7.3796628582641717e-05,-7.3796628582643303e-05,1.5856456772600502e-18,4.4056555278948473e-16,-1.7482760031328759e-18,224,224,1.21875,2
158,15.800000000000001,1.0313206955155075e-17,7.0565624581283943e-15,5.6378512969246231e-17,1.4469518903629778e-17,1.0830807521692373e-18,-4.0157801294959938e-05,4.0157801295009812e-05,4.9873299934333204e-17,-4.0157801295009032e-05,-4.0157801295011899e-05,2.8663594935085523e-18,4.9094029622859248e-17,-2.087089182034596e-18,252,252,1.24609375,2
159,15.9,1.3855436420839778e-17,9.4754679633828688e-15,7.6544673377476613e-17,2.0100577393364116e-17,-9.9677094379051263e-19,-7.4457057497312462e-06,7.4457057491106489e-06,-6.2059732353070274e-16,-7.4457057491119609e-06,-7.4457057491121109e-06,1.4992483166401116e-19,-6.1928526949540583e-16,-1.4619788669609224e-18,178,178,1.173828125,2
160,16,1.3218253310039459e-17,9.0168129876192384e-15,6.7654215563095477e-17,1.8889446837424187e-17,3.4877152579327138e-18,3.2518188484154109e-05,-3.2518188483461521e-05,6.9258834778374023e-16,3.2518188483460016e-05,3.2518188483459833e-05,1.8295911660692887e-19,6.9409267829806387e-16,-1.6872896309305663e-18,154,154,1.150390625,2
161,16.100000000000001,1.4106782843408651e-17,9.7397687387443783e-15,7.6761513811973714e-17,2.0284650722256153e-17,-3.2910245684205052e-18,6.8965510400254004e-05,-6.8965510400483855e-05,-2.2985086056692694e-16,6.8965510400480697e-05,6.8965510400482066e-05,-1.3688052427629493e-18,-2.2669312173956291e-16,-1.7889335846010823e-18,252,252,1.24609375,2
162,16.199999999999999,1.3866997568253795e-17,9.7457726524441594e-15,6.4184768611141862e-17,2.0295564543258178e-17,-5.7470484648029411e-19,9.8392014153958485e-05,-9.8392014153740994e-05,2.1749095580059219e-16,9.8392014153740018e-05,9.8392014153739747e-05,2.7105054312137611e-19,2.1846673775582914e-16,-1.2468324983583301e-18,200,200,1.1953125,2
163,16.300000000000001,1.4435971341035336e-17,1.0291969326517561e-14,6.8955258170078082e-17,2.0926197116101256e-17,2.2323416243744067e-18,0.00012338589081117846,-0.00012338589081171546,-5.3700533603207035e-16,0.00012338589081171465,0.00012338589081171386,7.8604657505199071e-19,-5.3619218440270622e-16,-1.599198204416119e-18,210,210,1.205078125,2
164,16.400000000000002,1.4022221897148017e-17,1.0217206100940659e-14,8.118471986253567e-17,1.9907900765716067e-17,1.5098393048159164e-18,0.00013843041413164059,-0.00013843041413188627,-2.456802122852153e-16,0.00013843041413188619,0.00013843041413188529,8.9446679230054116e-19,-2.4559889712227889e-16,-9.7578195523695399e-19,212,212,1.20703125,2
165,16.5,1.5807950747468647e-17,1.1909175224559564e-14,8.2778835869268264e-17,2.2723237070705358e-17,-6.7060389868567867e-18,0.00015080296118252789,-0.00015080296118237296,1.5493249044817858e-16,0.00015080296118237169,0.00015080296118237231,-6.2341624917916505e-19,1.5620642800084905e-16,-6.5052130349130266e-19,192,192,1.1875,2
166,16.600000000000001,1.4789023726168095e-17,1.1311123641728457e-14,7.6761513811973714e-17,2.1195786858260863e-17,-3.3768451609930092e-18,0.00015253573660167774,-0.00015253573660113309,5.4464896134809315e-16,0.00015253573660113206,0.00015253573660113258,-5.1499603193061461e-19,5.4567895341195438e-16,-5.1499603193061461e-19,216,216,1.2109375,2
167,16.699999999999999,1.4676365900498322e-17,1.1455268860000375e-14,7.6436253160228063e-17,2.0992304977066187e-17,-8.8206401976621526e-18,0.00014268641095149803,-0.00014268641095154265,-4.4614919397778507e-17,0.00014268641095154243,0.00014268641095154224,1.8973538018496328e-19,-4.4398078963281407e-17,-4.0657581468206416e-19,208,208,1.203125,2
168,16.800000000000001,1.7983559766340933e-17,1.4227346403018104e-14,8.3395475854869394e-17,2.5696227589797508e-17,-1.1542715080629518e-19,0.00012442787124200549,-0.00012442787124235867,-3.5317885768715307e-16,0.00012442787124235905,0.00012442787124235829,7.589415207398531e-19,-3.53558328447523e-16,-3.7947076036992655e-19,192,192,1.1875,2
169,16.900000000000002,1.6596724791708596e-17,1.3263373947628029e-14,9.5192950744227289e-17,2.3101845288491545e-17,-6.4568191139601061e-18,9.9805121108076378e-05,-9.9805121107895262e-05,1.8111597291370352e-16,9.9805121107895614e-05,9.9805121107895153e-05,4.6078592330633938e-19,1.8076360720764573e-16,-1.0842021724855044e-19,222,222,1.216796875,2
170,17,1.4601047533963798e-17,1.1602987395743031e-14,8.1748843805407034e-17,2.0625100064409503e-17,-5.414702739682905e-18,6.7428136565794716e-05,-6.7428136565482927e-05,3.1178943975251894e-16,6.7428136565483117e-05,6.7428136565482886e-05,2.3039296165316969e-19,3.1159970437233397e-16,-4.0657581468206416e-20,208,208,1.203125,2
171,17.100000000000001,1.5512105573769337e-17,1.2195576672047944e-14,7.8496237287950521e-17,2.2629642411575595e-17,1.3545648066915819e-18,3.2519276307318989e-05,-3.251927630807455e-05,-7.5556016521441394e-16,3.2519276308074367e-05,3.2519276308074522e-05,-1.5585406229479126e-19,-7.5537720609780701e-16,-2.7105054312137611e-20,198,198,1.193359375,2
172,17.199999999999999,1.5152900959266101e-17,1.1656782734930472e-14,8.1098322501915732e-17,2.1762684337726118e-17,-3.3600469074883291e-18,-4.7508707972099273e-06,4.7508707977665017e-06,5.5657433821248645e-16,-4.7508707977665347e-06,-4.7508707977665195e-06,-1.5246593050577406e-20,5.5660737249742936e-16,-1.7787691892340307e-20,234,234,1.228515625,2
173,17.300000000000001,1.604771291472665e-17,1.1940878583578431e-14,7.1991024253037494e-17,2.3210474162049612e-17,7.4636298427170068e-18,-4.2424010493924413e-05,4.2424010493934801e-05,1.0388012065126739e-17,-4.2424010493934978e-05,-4.2424010493934849e-05,-1.2874900798265365e-19,1.0564194918155634e-17,-4.7433845046240819e-20,170,170,1.166015625,2
174,17.400000000000002,1.4683624675358715e-17,1.0552895705892606e-14,7.4593109467002705e-17,2.0889343738270181e-17,-8.1910906182294268e-18,-7.7198581243997921e-05,7.7198581243330595e-05,-6.6732643716482798e-16,-7.7198581243330554e-05,-7.7198581243330771e-05,2.1684043449710089e-19,-6.6736709474629619e-16,-1.7618285302889447e-19,188,188,1.18359375,2
175,17.5,1.3686495202538054e-17,9.444456792087155e-15,7.6327832942979512e-17,1.9430968587045422e-17,-5.5526051567460586e-18,-0.00010638234814308589,0.00010638234814338047,2.9457773026431155e-16,-0.00010638234814338027,-0.00010638234814338051,2.439454888092385e-19,2.9437444235697052e-16,-4.0657581468206416e-20,242,242,1.236328125,2
176,17.600000000000001,1.1610542103492792e-17,7.6510346454105626e-15,5.9847959921199845e-17,1.6440773848585511e-17,7.6673687852481842e-18,-0.00013057167791696855,0.00013057167791740221,4.3365376393988964e-16,-0.00013057167791740299,-0.00013057167791740245,-5.4210108624275222e-19,4.3443981051494163e-16,-2.439454888092385e-19,212,212,1.20703125,2
177,17.699999999999999,1.1788994240607558e-17,7.5044372989493515e-15,6.1582683397176652e-17,1.6665566797491697e-17,-3.1780273096692846e-18,-0.00014580817835962989,0.00014580817835906795,-5.6194198599923695e-16,-0.00014580817835906833,-0.00014580817835906849,1.6263032587282567e-19,-5.6156251523886702e-16,-5.4210108624275222e-19,186,186,1.181640625,2
178,17.800000000000001,1.1494780028206026e-17,7.0278689132215026e-15,5.377642775528102e-17,1.5977985734606487e-17,3.3548601222307359e-18,-0.00015508547026410469,0.00015508547026414274,3.8055496254241206e-17,-0.00015508547026414163,-0.00015508547026414301,1.3823577699190182e-18,3.6944189027443564e-17,-2.7105054312137611e-19,188,188,1.18359375,2
179,17.900000000000002,9.4315975457449812e-18,5.5721431895570081e-15,5.1716443627558562e-17,1.3150570317927237e-17,-4.2106206082526447e-18,-0.00015107461631558294,0.00015107461631594095,3.5800355735471356e-16,-0.00015107461631594198,-0.00015107461631594154,-4.3368086899420177e-19,3.5903354941857479e-16,-5.9631119486702744e-19,254,254,1.248046875,2
180,18,9.680765043467458e-18,5.539238190967642e-15,5.3342746886286818e-17,1.3675181497298168e-17,-6.6263295630053989e-19,-0.00014488095927056577,0.00014488095927013469,-4.3107878378023656e-16,-0.00014488095927013575,-0.00014488095927013588,1.3552527156068805e-19,-4.300216866620632e-16,-1.1926223897340549e-18,200,200,1.1953125,2
181,18.100000000000001,8.2272230915167828e-18,4.5869404076281188e-15,5.377642775528102e-17,1.1622152304166056e-17,1.2071564791474805e-19,-0.00012377749476133459,0.00012377749476129979,-3.4802889736784692e-17,-0.00012377749476130226,-0.00012377749476130177,-4.87890977618477e-19,-3.233632979438017e-17,-1.9786689647860456e-18,180,180,1.17578125,2
182,18.199999999999999,9.285375931415896e-18,5.0845779006830319e-15,4.8572257327350599e-17,1.3328017102932113e-17,3.1354727146010203e-18,-9.7654111383960185e-05,9.7654111384282843e-05,3.2265856653168612e-16,-9.7654111384284551e-05,-9.7654111384284673e-05,1.2197274440461925e-19,3.2436618495335079e-16,-1.8295911660692887e-18,182,182,1.177734375,2
183,18.300000000000001,7.2697012425951342e-18,3.912086563159854e-15,3.5561831257524545e-17,1.0419190156775088e-17,-3.2799409969729961e-18,-7.2646173423507321e-05,7.2646173423367025e-05,-1.4029576111962427e-16,-7.2646173423367798e-05,-7.264617342336815e-05,3.5236570605778894e-19,-1.3952326707172835e-16,-1.1248597539537109e-18,238,238,1.232421875,2
184,18.400000000000002,5.5993428529356387e-18,2.9816093255916659e-15,2.9923979960599922e-17,7.8137714049412887e-18,1.7535850440100357e-18,-3.7362955213282589e-05,3.7362955213792381e-05,5.0979186150268418e-16,-3.7362955213795268e-05,-3.7362955213795769e-05,5.014435047745458e-19,5.1267854978692684e-16,-3.3881317890172014e-18,198,198,1.193359375,2
185,18.5,5.6788142414165344e-18,3.0110508419465736e-15,3.1658703436576729e-17,8.1203063419799646e-18,-4.1345533413880097e-19,-9.3020888680683811e-06,9.302088868178536e-06,1.1015494072452725e-16,-9.3020888681802572e-06,-9.3020888681800675e-06,-1.8973538018496328e-19,1.1187611167334799e-16,-1.531435568635775e-18,210,210,1.205078125,2
186,18.600000000000001,4.1944855254722998e-18,2.2272623621533881e-15,2.0816681711721685e-17,6.0085895115678273e-18,-1.5653315730976313e-18,2.5606212559203811e-05,-2.5606212559175622e-05,2.8189256484623115e-17,2.5606212559174026e-05,2.560621255917407e-05,-4.4045713257223618e-20,2.9785066557250217e-17,-1.5517643593698782e-18,242,242,1.236328125,2
187,18.699999999999999,2.5836454729176894e-18,1.3781384040875775e-15,1.6479873021779667e-17,3.4398934430283196e-18,3.215854980444912e-18,5.3430286740763222e-05,-5.3430286741221406e-05,-4.5818383809237417e-16,5.3430286741221196e-05,5.3430286741220674e-05,5.2177229550864901e-19,-4.5797377392145511e-16,-7.3183646642771549e-19,206,206,1.201171875,2
188,18.800000000000001,1.448760372609607e-18,7.8188200058761976e-16,1.2359904766334751e-17,1.8590057086516744e-18,2.4322501222831018e-19,7.9015140918237137e-05,-7.9015140918421451e-05,-1.8431436932253575e-16,7.9015140918423199e-05,7.9015140918421519e-05,1.6805133673525319e-18,-1.8606264532566863e-16,6.7762635780344027e-20,152,152,1.1484375,2
189,18.900000000000002,1.0576179202384129e-18,5.8051888006878287e-16,6.9388939039072284e-18,1.4499591054799143e-18,8.0469351786056351e-20,9.982961349841446e-05,-9.9829613498540444e-05,-1.2598429244281562e-16,9.9829613498539956e-05,9.982961349853978e-05,1.7618285302889447e-19,-1.2549640146519714e-16,-6.6407383064737147e-19,230,230,1.224609375,2
190,19,1.1788780934287913e-18,6.6094274559471696e-16,7.8062556418956319e-18,1.5991440240859968e-18,-2.1809914609243164e-19,0.00011618661237733363,-0.0001161866123770834,2.5023386140965442e-16,0.0001161866123770834,0.00011618661237708242,9.7578195523695399e-19,2.5023386140965442e-16,-9.7578195523695399e-19,200,200,1.1953125,2
191,19.100000000000001,2.2631817958286302e-18,1.3027369894005035e-15,1.214306433183765e-17,3.1736070466449427e-18,-3.0776128517273083e-19,0.00012647404342036594,-0.00012647404342015713,2.0881733842070815e-16,0.00012647404342015629,0.00012647404342015564,6.5052130349130266e-19,2.0965759510438442e-16,-1.4907779871675686e-18,194,194,1.189453125,2
192,19.200000000000003,2.6354091594581595e-18,1.5659612353116285e-15,1.3877787807814457e-17,3.6093298109812316e-18,-1.2926679171595553e-18,0.00012761449011389203,-0.00012761449011432723,-4.3519875203568148e-16,0.00012761449011432517,0.00012761449011432598,-8.1315162936412833e-19,-4.3313876790795902e-16,-1.2468324983583301e-18,222,222,1.216796875,2
193,19.300000000000001,4.204261958311158e-18,2.5889043341235419e-15,1.9949319973733282e-17,6.0184726655266109e-18,-2.1563929679968309e-18,0.00012594195010873221,-0.00012594195010855863,1.7358076781492926e-16,0.00012594195010855812,0.00012594195010855869,-5.6920614055488983e-19,1.7409576384685987e-16,5.4210108624275222e-20,164,164,1.16015625,2
194,19.400000000000002,4.9396205484767956e-18,3.1632513928025246e-15,2.6020852139652106e-17,7.173793345537587e-18,1.9756723095497345e-18,0.00012069805247882925,-0.00012069805247826769,5.6156251523886702e-16,0.00012069805247826567,0.00012069805247826712,-1.4501204056993622e-18,5.6358184178512127e-16,-5.6920614055488983e-19,224,224,1.21875,2
195,19.5,7.0361283880176229e-18,4.7076257793794208e-15,3.2742905609062234e-17,1.025449849681578e-17,-2.3844742946979287e-18,0.00010906989474879225,-0.00010906989474957163,-7.7937873169120486e-16,0.00010906989474957095,0.00010906989474957056,3.9302328752599536e-19,-7.7870110533340142e-16,-1.0706496453294356e-18,220,220,1.21484375,2
196,19.600000000000001,6.5947598705960475e-18,4.6524533418437654e-15,3.426078865054194e-17,9.2833487530091232e-18,-4.0429303652463673e-18,9.569408926779488e-05,-9.5694089267634418e-05,1.6046192152785466e-16,9.5694089267634092e-05,9.5694089267634079e-05,1.3552527156068805e-20,1.6078718217960031e-16,-3.3881317890172014e-19,212,212,1.20703125,2
197,19.700000000000003,7.6656359375588132e-18,5.6850910740631197e-15,3.7296554733501353e-17,1.0922529559513605e-17,-3.1925332717633205e-18,7.7619175587351208e-05,-7.7619175587046683e-05,3.0452528519686606e-16,7.7619175587046574e-05,7.7619175587046574e-05,0,3.0463370541411461e-16,-1.0842021724855044e-19,200,200,1.1953125,2
198,19.800000000000001,8.9881359180416107e-18,7.0285612964073102e-15,5.4210108624275222e-17,1.2701930714735627e-17,-4.5254359212427464e-18,5.6366590627021651e-05,-5.6366590627441901e-05,-4.2025031458253759e-16,5.6366590627441779e-05,5.6366590627441698e-05,8.1315162936412833e-20,-4.2012834183813297e-16,-2.0328790734103208e-19,200,200,1.1953125,2
199,19.900000000000002,8.9583884689829293e-18,7.4194614304268548e-15,4.5536491244391186e-17,1.2873184398494318e-17,2.8089624840073978e-19,3.4568327941464361e-05,-3.4568327940993871e-05,4.7048953275008465e-16,3.4568327940993824e-05,3.456832794099381e-05,1.3552527156068805e-20,4.7053696659513089e-16,-6.0986372202309624e-20,218,218,1.212890625,2
200,20,9.6935369769772367e-18,8.4920939211050541e-15,4.9439619065339002e-17,1.37864273635192e-17,-3.6775441750663486e-18,1.4236521696631144e-05,-1.4236521696795292e-05,-1.6414820891430537e-16,1.4236521696795217e-05,1.4236521696795302e-05,-8.4703294725430034e-20,-1.6407367001494699e-16,1.0164395367051604e-20,232,232,1.2265625,2
201,20.100000000000001,8.7254338850043148e-18,8.0748385347925197e-15,6.5594231435373018e-17,1.1730297897451239e-17,9.8362822901373784e-19,-3.7608565284230622e-06,3.7608565284204736e-06,-2.5885326868091418e-18,-3.7608565284205215e-06,-3.7608565284205571e-06,3.5575383784680614e-20,-2.5406753252892739e-18,-8.3432745304548583e-20,230,230,1.224609375,2
202,20.200000000000003,1.1896692837682182e-17,1.1598422263138096e-14,5.7679555576228836e-17,1.7073401994656373e-17,4.3771557302969495e-19,-2.6496259573072223e-05,2.6496259573526612e-05,4.5438913048867491e-16,-2.6496259573526883e-05,-2.6496259573526663e-05,-2.2022856628611809e-19,4.5466018103179628e-16,-5.082197683525802e-20,180,180,1.17578125,2
203,20.300000000000001,8.6814904681610365e-18,8.8119822803644021e-15,5.7462715141731735e-17,1.2048957699607505e-17,-3.4558153695552933e-18,-4.6588960274540625e-05,4.6588960274223022e-05,-3.1760347390247246e-16,-4.6588960274223259e-05,-4.6588960274223299e-05,4.0657581468206416e-20,-3.1736630467724125e-16,-2.7782680669941051e-19,196,196,1.19140625,2
204,20.400000000000002,9.8783661833566098e-18,1.0411040316143767e-14,5.377642775528102e-17,1.4043055185480101e-17,4.0205911537863232e-18,-6.4722852873622116e-05,6.4722852873640534e-05,1.8417884405097507e-17,-6.4722852873640236e-05,-6.4722852873640507e-05,2.7105054312137611e-19,1.8119728807663993e-17,2.7105054312137611e-20,228,228,1.22265625,2
205,20.5,9.7967464075431762e-18,1.0493626995693185e-14,5.4210108624275222e-17,1.3348610798257386e-17,-4.5132939198366531e-18,-7.8352627904898497e-05,7.8352627904487233e-05,-4.1126498907806397e-16,-7.83526279044873e-05,-7.8352627904487612e-05,3.1170812458958252e-19,-4.1119722644228363e-16,-3.7947076036992655e-19,192,192,1.1875,2
206,20.600000000000001,9.6196355369290392e-18,1.0568690233235139e-14,6.591949208711867e-17,1.3359465682640766e-17,-2.9246041978156848e-18,-9.1513110748842053e-05,9.151311074873e-05,-1.1205229452637688e-16,-9.1513110748731247e-05,-9.151311074873042e-05,-8.2670415652019713e-19,-1.1080546202801855e-16,-4.2012834183813297e-19,190,190,1.185546875,2
207,20.700000000000003,1.1018505218621922e-17,1.1955320217149756e-14,6.3100566438656358e-17,1.5489035759008789e-17,1.8782386806955085e-18,-0.0001015871211409447,0.0001015871211416754,7.3069805414660571e-16,-0.00010158712114167602,-0.00010158712114167563,-3.9302328752599536e-19,7.3132147039578488e-16,-2.3039296165316969e-19,214,214,1.208984375,2
208,20.800000000000001,1.4897974969754143e-17,1.612992705051852e-14,6.9605779473569385e-17,2.1521115338816744e-17,7.6850545709727938e-19,-0.0001013333109129988,0.00010133331091217226,-8.2654152619432431e-16,-0.00010133331091217223,-0.00010133331091217254,3.1170812458958252e-19,-8.2656863124863644e-16,-2.8460307027744491e-19,260,260,1.25390625,2
209,20.900000000000002,1.1737032743726917e-17,1.2544986189986172e-14,6.5485811218124468e-17,1.6860495010767115e-17,-5.1373550800460445e-19,-9.7482328537346064e-05,9.7482328537489829e-05,1.4376520807157789e-16,-9.7482328537490845e-05,-9.7482328537490384e-05,-4.6078592330633938e-19,1.4478164760828305e-16,-5.5565361339882102e-19,190,190,1.185546875,2
210,21,1.0324585600761037e-17,1.0873025254753242e-14,6.0715321659188248e-17,1.4357498175969937e-17,1.8411792425442731e-19,-9.0501461949443751e-05,9.0501461949290337e-05,-1.5341460740669888e-16,-9.0501461949290093e-05,-9.0501461949291082e-05,9.893344823930228e-19,-1.5365855289550812e-16,-7.453889935837843e-19,154,154,1.150390625,2
211,21.100000000000001,1.2872180659841809e-17,1.3346822184979161e-14,6.5052130349130266e-17,1.8706157675752849e-17,4.5052088691381524e-18,-7.7005442975064398e-05,7.7005442975321245e-05,2.56847494661816e-16,-7.7005442975320147e-05,-7.7005442975321909e-05,1.7618285302889447e-18,2.5574973996217443e-16,-6.6407383064737147e-19,202,202,1.197265625,2
212,21.200000000000003,1.1473431699667997e-17,1.1753257867051389e-14,5.8980598183211441e-17,1.6607100224230377e-17,-4.1386076396118032e-18,-5.9493228677709453e-05,5.9493228678364637e-05,6.5518337283299033e-16,-5.9493228678364183e-05,-5.9493228678365362e-05,1.1790698625779861e-18,6.5472936317326202e-16,-7.2506020284968109e-19,234,234,1.228515625,2
213,21.300000000000001,9.0648693839434466e-18,9.1655113275244195e-15,5.0740661672321608e-17,1.2438094013736325e-17,-4.075028504576234e-18,-3.8415633002664151e-05,3.8415633001859673e-05,-8.0447801198424429e-16,-3.8415633001859646e-05,-3.8415633001860459e-05,8.1315162936412833e-19,-8.0450511703855643e-16,-7.8604657505199071e-19,224,224,1.21875,2
214,21.400000000000002,1.1025842989798167e-17,1.110787001998592e-14,5.3342746886286818e-17,1.5963607887994243e-17,-2.3496794119090848e-18,-1.1334421616382429e-05,1.1334421616872271e-05,4.898425415289509e-16,-1.1334421616873143e-05,-1.1334421616872752e-05,-3.9132922163148676e-19,4.9071498546462283e-16,-4.8111471404044259e-19,202,202,1.197265625,2
215,21.5,9.7642238903407089e-18,9.8483168763097927e-15,6.5268970783627367e-17,1.3603402072463267e-17,7.9416028736826409e-18,5.8287962199088383e-06,-5.8287962199875514e-06,-7.8713077722447622e-17,5.8287962199879241e-06,5.8287962199866857e-06,1.2383621688857871e-18,-7.9085772219239514e-17,-8.6566767209389495e-19,200,200,1.1953125,2
216,21.600000000000001,7.7868196261152728e-18,7.8893749305205162e-15,5.0957502106818708e-17,1.0730180702183281e-17,-2.6793407911717487e-20,2.6906812349736242e-05,-2.6906812349574588e-05,1.6165454391758871e-16,2.6906812349574943e-05,2.6906812349574134e-05,8.0976349757511112e-19,1.612987900797419e-16,-4.5400965972830498e-19,180,180,1.17578125,2
217,21.700000000000003,8.8654967935390722e-18,9.1022309767592468e-15,4.8355416892853498e-17,1.2457532758131322e-17,-8.4979281773778893e-18,4.2690851280724473e-05,-4.2690851281310701e-05,-5.8622811466291225e-16,4.2690851281310884e-05,4.2690851281310207e-05,6.7762635780344027e-19,-5.8641107377951918e-16,-4.946672411965114e-19,212,212,1.20703125,2
218,21.800000000000001,9.3487458110486934e-18,9.7343633410150621e-15,5.2041704279304213e-17,1.3540172386439713e-17,7.7453906830700933e-18,5.2878678086010211e-05,-5.2878678085208552e-05,8.0165908633578198e-16,5.287867808520717e-05,5.2878678085207732e-05,-5.6242987697685543e-19,8.03041444105701e-16,-8.1992789294216273e-19,198,198,1.193359375,2
219,21.900000000000002,7.2931471901348918e-18,7.7357063551645259e-15,3.8814437774981059e-17,1.0208276884957236e-17,5.7065742374475051e-19,5.7740058077015988e-05,-5.774005807787576e-05,-8.5977232278100502e-16,5.7740058077874527e-05,5.7740058077875177e-05,-6.5052130349130266e-19,-8.5853904280980275e-16,-5.8275866771095863e-19,210,210,1.205078125,2
220,22,9.9503494650030748e-18,1.067953749142635e-14,4.9439619065339002e-17,1.4241609138175493e-17,-3.1134750170383362e-18,5.3986008682116449e-05,-5.3986008681471782e-05,6.4466661175988094e-16,5.3986008681471592e-05,5.3986008681471457e-05,1.3552527156068805e-19,6.448563471400659e-16,-3.2526065174565133e-19,238,238,1.232421875,2
221,22.100000000000001,7.1974939272382452e-18,7.8918439132747235e-15,3.9464959078472361e-17,9.9541086845477608e-18,6.0226180536369374e-18,4.7166791546260356e-05,-4.7166791546919876e-05,-6.5952018152293235e-16,4.71667915469189e-05,4.7166791546919402e-05,-5.014435047745458e-19,-6.5854439956769539e-16,-4.7433845046240819e-19,182,182,1.177734375,2
222,22.200000000000003,7.9408355726170011e-18,8.7803090830201676e-15,3.6259786406062089e-17,1.1480146072506015e-17,-1.3955331073259123e-18,3.4762434439450374e-05,-3.4762434439114596e-05,3.3577741281876072e-16,3.476243443911379e-05,3.4762434439114108e-05,-3.1848438816761693e-19,3.3658378818454682e-16,-4.87890977618477e-19,236,236,1.23046875,2
223,22.300000000000001,7.7215471640870467e-18,8.5542745962971051e-15,3.8597597340483958e-17,1.0926739081650888e-17,-2.553624296388002e-19,1.9910848335413789e-05,-1.9910848335444797e-05,-3.1008182133085427e-17,1.9910848335444441e-05,1.9910848335444309e-05,1.3213713977167085e-19,-3.0652428295238621e-17,-4.87890977618477e-19,210,210,1.205078125,2
224,22.400000000000002,6.4087209816876913e-18,7.1585724134001635e-15,2.9490299091605721e-17,9.1849572735071657e-18,1.984070888433382e-18,1.0557486768369984e-05,-1.0557486768333229e-05,3.67544536472586e-17,1.0557486768333055e-05,1.0557486768332848e-05,2.0667603913004928e-19,3.6928942434392986e-17,-3.8116482626443515e-19,172,172,1.16796875,2
225,22.5,8.7471239662485023e-18,9.7638066902612551e-15,4.163336342344337e-17,1.2709409254653719e-17,-1.5160036777367577e-18,6.9670356266371414e-06,-6.9670356261926185e-06,4.4452289071905682e-16,6.9670356261929056e-06,6.9670356261923949e-06,5.107608671943431e-19,4.4423574654993761e-16,-2.2361669807513529e-19,198,198,1.193359375,2
226,22.600000000000001,5.4050743144972612e-18,6.0444680712548921e-15,2.7321894746634712e-17,7.5379931110288658e-18,2.0031848214084661e-18,8.802684770436997e-06,-8.8026847712337772e-06,-7.9678017655959721e-16,8.8026847712335909e-06,8.8026847712336468e-06,-5.5904174518783822e-20,-7.9659382931120126e-16,-1.3044307387716225e-19,188,188,1.18359375,2
227,22.700000000000003,5.2746737897097568e-18,5.9179368426271236e-15,2.8189256484623115e-17,7.498032015636429e-18,-1.0895904849059685e-18,1.4764557514368448e-05,-1.4764557514240838e-05,1.2761059570154387e-16,1.476455751424037e-05,1.4764557514240573e-05,-2.0328790734103208e-19,1.2807815788842825e-16,-2.6427427954334171e-19,220,220,1.21484375,2
228,22.800000000000001,4.5690096404930397e-18,5.1566498537549581e-15,2.6346112791397758e-17,6.1834662464095005e-18,-7.8157949588867915e-19,2.8376619550130044e-05,-2.8376619550215913e-05,-8.5868812060851951e-17,2.8376619550215961e-05,2.8376619550215903e-05,5.7598240413292423e-20,-8.5916245905898192e-17,-1.0164395367051604e-20,222,222,1.216796875,2
229,22.900000000000002,5.258214232336234e-18,6.0648399169677317e-15,3.1008182133085427e-17,7.4835013474060163e-18,3.1101234185809104e-18,4.5441532897427805e-05,-4.544153289749443e-05,-6.6624223499234247e-17,4.5441532897493752e-05,4.5441532897494186e-05,-4.3368086899420177e-19,-6.5946597141430807e-17,-2.439454888092385e-19,220,220,1.21484375,2
230,23,4.1175348388326738e-18,4.8997225250084063e-15,2.200930410145574e-17,5.7481177813003919e-18,-5.7622141824516883e-20,6.1488691351030411e-05,-6.1488691350696368e-05,3.3404268934278392e-16,6.1488691350696165e-05,6.1488691350696477e-05,-3.1170812458958252e-19,3.3424597725012495e-16,1.0842021724855044e-19,216,216,1.2109375,2
231,23.100000000000001,4.675695669555312e-18,5.8163719943455254e-15,2.4719809532669501e-17,6.4810494348591276e-18,4.8398740535026699e-19,7.8262685607732863e-05,-7.8262685607386297e-05,3.4656522443499149e-16,7.8262685607386365e-05,7.8262685607386352e-05,1.3552527156068805e-20,3.4649746179921115e-16,5.4210108624275222e-20,174,174,1.169921875,2
232,23.200000000000003,4.4327759755912871e-18,5.8443475176250996e-15,2.9598719308854271e-17,6.1215542591017441e-18,-1.5891053494863207e-19,8.5674316820494312e-05,-8.5674316821147544e-05,-6.5323180892251642e-16,8.5674316821148167e-05,8.5674316821147584e-05,5.8275866771095863e-19,-6.5385522517169559e-16,4.0657581468206416e-20,198,198,1.193359375,2
233,23.300000000000001,4.3031776930716826e-18,6.128964649860673e-15,2.7105054312137611e-17,5.7299231165466755e-18,2.0326123726737488e-18,8.5648627975665192e-05,-8.5648627975349364e-05,3.1582809284502744e-16,8.5648627975349473e-05,8.5648627975349405e-05,6.7762635780344027e-20,3.1571967262777889e-16,4.0657581468206416e-20,240,240,1.234375,2
234,23.400000000000002,3.8370792292173369e-18,5.9326827379915888e-15,2.1033522146218786e-17,5.1710137202568457e-18,1.9787595552060977e-18,7.2181045481123363e-05,-7.2181045480750736e-05,3.7262673415611181e-16,7.2181045480750695e-05,7.2181045480750804e-05,-1.0842021724855044e-19,3.7266739173758001e-16,6.7762635780344027e-20,204,204,1.19921875,2
235,23.5,2.9253716439555695e-18,4.9757039479317164e-15,2.2551405187698492e-17,3.6416045890254608e-18,-4.89459225516811e-19,5.2456971773473526e-05,-5.2456971773511636e-05,-3.8109706362865481e-17,5.2456971773511731e-05,5.2456971773511534e-05,1.9651164376299768e-19,-3.8204574052957962e-17,-1.0164395367051604e-19,172,172,1.16796875,2
236,23.600000000000001,3.265006079141578e-18,6.1002336540773943e-15,2.7470972545351469e-17,4.2673472319786429e-18,-2.2654576825169649e-19,2.3691051039165245e-05,-2.3691051039309891e-05,-1.4464612233672236e-16,2.3691051039309959e-05,2.3691051039309817e-05,1.4230153513872246e-19,-1.447138849725027e-16,-7.453889935837843e-20,186,186,1.181640625,2
237,23.700000000000003,2.5775791115277915e-18,5.1564262833696611e-15,2.087089182034596e-17,3.2319003255679328e-18,1.2526859843167767e-18,-9.7140170893794675e-06,9.7140170892654111e-06,-1.1405637447958056e-16,-9.714017089265506e-06,-9.7140170892654941e-06,-1.1858461261560205e-20,-1.1396150678948808e-16,-8.3009228830921433e-20,220,220,1.21484375,2
238,23.800000000000001,3.0130136039010929e-18,6.2862158341032582e-15,2.6725583551767684e-17,3.9231277556896411e-18,2.7818759094234854e-19,-4.7069916108810617e-05,4.7069916109003428e-05,1.9281180384939089e-16,-4.7069916109003706e-05,-4.7069916109003523e-05,-1.8295911660692887e-19,1.9308963065609031e-16,-9.4867690092481638e-20,238,238,1.232421875,2
239,23.900000000000002,2.6708652603409332e-18,5.6301917213106456e-15,2.2226144535952841e-17,3.3968531678056542e-18,-3.4953784204378738e-18,-8.0332012973194367e-05,8.033201297286958e-05,-3.2478631329518892e-16,-8.033201297286958e-05,-8.0332012972869878e-05,2.9815559743351372e-19,-3.2478631329518892e-16,-2.9815559743351372e-19,214,214,1.208984375,2
240,24,2.2148812953759213e-18,4.5176076133449415e-15,2.1575623232461538e-17,2.7937777034794744e-18,-5.3819860111701187e-19,-0.00010775524388151325,0.00010775524388137252,-1.4072944198861848e-16,-0.00010775524388137331,-0.00010775524388137297,-3.3881317890172014e-19,-1.3994339541356648e-16,-4.4723339615027058e-19,194,194,1.189453125,2
241,24.100000000000001,2.3298400185690945e-18,4.5261589480373649e-15,2.2551405187698492e-17,3.141642306234056e-18,9.5341134690683864e-19,-0.00013155577186108047,0.00013155577186094321,-1.3725999503666486e-16,-0.0001315557718609443,-0.00013155577186094365,-6.5052130349130266e-19,-1.3617579286417936e-16,-4.3368086899420177e-19,242,242,1.236328125,2
242,24.200000000000003,1.8228461403515618e-18,3.3397839817095169e-15,1.3227266504323154e-17,2.4261914605604035e-18,-7.5497184625790635e-19,-0.00014705027004691118,0.00014705027004702112,1.0993810029003015e-16,-0.00014705027004702266,-0.00014705027004702185,-8.1315162936412833e-19,1.1148308838582199e-16,-7.3183646642771549e-19,192,192,1.1875,2
243,24.300000000000001,1.680786568938714e-18,2.9297383063687499e-15,1.3227266504323154e-17,2.3875929901307829e-18,6.4329434024284594e-19,-0.00014731087258645914,0.00014731087258677085,3.1170812458958252e-16,-0.00014731087258677123,-0.00014731087258677147,2.439454888092385e-19,3.1208759534995245e-16,-6.2341624917916505e-19,196,196,1.19140625,2
244,24.400000000000002,1.7163452513950024e-18,2.8881440893838236e-15,1.1438332919722072e-17,2.4914163062214348e-18,4.6022641684389286e-19,-0.00014361454230726878,0.00014361454230723658,-3.2200804522819482e-17,-0.00014361454230723785,-0.00014361454230723747,-3.7947076036992655e-19,-3.0926866970149014e-17,-8.9446679230054116e-19,204,204,1.19921875,2
245,24.5,1.7521561858385287e-18,2.9018870898833161e-15,8.4567769453869346e-18,2.4203497559781891e-18,-1.842594777562386e-19,-0.00012835631690144567,0.00012835631690134158,-1.0408340855860843e-16,-0.00012835631690134261,-0.00012835631690134267,5.4210108624275222e-20,-1.030534164947472e-16,-1.0842021724855044e-18,226,226,1.220703125,2
246,24.600000000000001,1.9936619010924099e-18,3.3156675996976321e-15,1.0028870095490916e-17,2.7550540702834169e-18,-1.2236120064395059e-19,-0.00011536013642565734,0.00011536013642552074,-1.3660947373317356e-16,-0.0001153601364255217,-0.00011536013642552168,-1.3552527156068805e-20,-1.3564724430509267e-16,-9.4867690092481638e-19,190,190,1.185546875,2
247,24.700000000000003,2.0472724534064951e-18,3.4490294919644862e-15,1.474514954580286e-17,2.6849728472460868e-18,7.3197140819441693e-19,-0.00011286818391731401,0.00011286818391711907,-1.949395506128937e-16,-0.00011286818391712019,-0.00011286818391712043,2.439454888092385e-19,-1.9382824338609606e-16,-1.3552527156068805e-18,180,180,1.17578125,2
248,24.800000000000001,2.6371475182357289e-18,4.5328222206229561e-15,1.6479873021779667e-17,3.5169842462752124e-18,3.1033734907258252e-18,-0.00011432446236270266,0.00011432446236296938,2.6671373443143409e-16,-0.00011432446236297146,-0.00011432446236297129,-1.7618285302889447e-19,2.6880082361346869e-16,-1.9109063290057016e-18,208,208,1.203125,2
249,24.900000000000002,3.0576280542733973e-18,5.347753474215673e-15,2.0166160408230382e-17,4.0736366285649029e-18,1.4182966115775864e-19,-0.00012523758662119633,0.00012523758662083507,-3.6125616387217008e-16,-0.0001252375866208367,-0.00012523758662083675,5.4210108624275222e-20,-3.5962986061344182e-16,-1.6805133673525319e-18,196,196,1.19140625,2
250,25,3.1797097828906364e-18,5.5303940006938832e-15,1.8594067258126401e-17,4.2659650131750668e-18,3.5721927316866775e-18,-0.00014697578301525738,0.00014697578301532612,6.8738417735580981e-17,-0.00014697578301532766,-0.0001469757830153275,-1.6263032587282567e-19,7.0283405831372825e-17,-1.3823577699190182e-18,210,210,1.205078125,2
251,25.100000000000001,3.7129589449413285e-18,6.2368420276245949e-15,2.4286128663675299e-17,4.8061029930290776e-18,-2.2946831984066468e-19,-0.00018745390997931821,0.00018745390997986638,5.4817261840867104e-16,-0.00018745390997986874,-0.00018745390997986861,-1.3552527156068805e-19,5.5053075813382701e-16,-2.2226144535952841e-18,238,238,1.232421875,2
252,25.200000000000003,3.6271867213854513e-18,5.7058350746171616e-15,2.1250362580715887e-17,4.8931463817074201e-18,2.40244404130983e-18,-0.00022363372941125448,0.00022363372941158429,3.2981430087009045e-16,-0.00022363372941158427,-0.00022363372941158676,2.4936649967166602e-18,3.2978719581577831e-16,-2.4665599424045226e-18,196,196,1.19140625,2
253,25.300000000000001,3.8026038849213414e-18,5.4566160020172884e-15,2.3418766925686896e-17,5.063525632161066e-18,7.567887974906717e-19,-0.00025600655935775762,0.00025600655935707761,-6.8001160258290838e-16,-0.00025600655935707891,-0.00025600655935708021,1.3010426069826053e-18,-6.7871055997592578e-16,-2.6020852139652106e-18,188,188,1.18359375,2
254,25.400000000000002,4.9659918449607356e-18,6.4525658223455444e-15,2.9490299091605721e-17,7.0083377842825864e-18,-1.4340846723315836e-18,-0.00027480587429895564,0.00027480587429933945,3.8380756905986857e-16,-0.00027480587429933999,-0.00027480587429934227,2.2768245622195593e-18,3.8434967014611132e-16,-2.8189256484623115e-18,202,202,1.197265625,2
255,25.5,5.1013063869332758e-18,6.0654039810120789e-15,2.8622937353617317e-17,7.3749967577349854e-18,1.998414617102261e-18,-0.00026642774447083184,0.00026642774447102873,1.9689111452336761e-16,-0.00026642774447102987,-0.00026642774447103144,1.5720931501039814e-18,1.9802952680447738e-16,-2.7105054312137611e-18,198,198,1.193359375,2
256,25.600000000000001,5.6025700965389107e-18,6.1574231121661624e-15,2.8839777788114418e-17,8.0266046146596648e-18,-3.9677678711907169e-19,-0.00023277169566782163,0.00023277169566719843,-6.2319940874466795e-16,-0.00023277169566719629,-0.00023277169566720087,4.5807541787512562e-18,-6.2534070803532682e-16,-2.439454888092385e-18,196,196,1.19140625,2
257,25.700000000000003,5.5474233709429402e-18,5.7796155524720138e-15,2.6454533008646308e-17,8.0351083932482279e-18,-1.5074582478433483e-18,-0.00015950150153720699,0.00015950150153747414,2.6714741530042829e-16,-0.0001595015015374762,-0.00015950150153747747,1.2739375526704677e-18,2.6920739942815075e-16,-3.3339216803929261e-18,242,242,1.236328125,2
258,25.800000000000001,5.4638516053915285e-18,5.5271206554239319e-15,2.6454533008646308e-17,7.7696064742782809e-18,9.3188512124417638e-19,-6.8286288980701215e-05,6.8286288981063339e-05,3.6212352561015848e-16,-6.8286288981063786e-05,-6.8286288981066036e-05,2.2497195079074217e-18,3.6257075900630875e-16,-2.6969529040576923e-18,202,202,1.197265625,2
259,25.900000000000002,6.4629786635240416e-18,6.4936681559939127e-15,3.6429192995512949e-17,9.2534798814752928e-18,2.5587782168584013e-20,4.1048089103767893e-05,-4.1048089104097924e-05,-3.3003114130458755e-16,4.1048089104091683e-05,4.1048089104095044e-05,-3.3610267347050637e-18,-3.2379020254921786e-16,-2.8799120206646212e-18,222,222,1.216796875,2
260,26,5.951815961873244e-18,6.1052308549690702e-15,3.426078865054194e-17,8.4054098565280041e-18,-2.430291973773906e-18,0.00015984464669127618,-0.00015984464669123455,4.163336342344337e-17,0.00015984464669123306,0.00015984464669123192,1.1384122811097797e-18,4.3124141410610939e-17,-2.6291902682773483e-18,182,182,1.177734375,2
261,26.100000000000001,5.6365935038192722e-18,6.027384175452107e-15,3.9464959078472361e-17,7.6849553953290183e-18,-3.6934259015442268e-19,0.00026910726086271097,-0.00026910726086257133,1.3964523981613297e-16,0.00026910726086257041,0.00026910726086256878,1.6263032587282567e-18,1.4056681166274565e-16,-2.5478751053409354e-18,196,196,1.19140625,2
262,26.200000000000003,8.2812363751123195e-18,9.4880646941652177e-15,4.5102810375396984e-17,1.204853413143509e-17,-6.2078601634794073e-18,0.00034207804321884083,-0.00034207804321917216,-3.3133218391157016e-16,0.0003420780432191707,0.00034207804321917027,4.3368086899420177e-19,-3.2986851097871472e-16,-1.8973538018496328e-18,210,210,1.205078125,2
263,26.300000000000001,7.803073860584791e-18,9.7691185708753878e-15,5.1608023410310011e-17,1.1018619408961134e-17,1.7368145735467638e-18,0.00039027625929488607,-0.00039027625929484227,4.3801767768414379e-17,0.00039027625929484216,0.00039027625929484048,1.6805133673525319e-18,4.391018798566293e-17,-1.7889335846010823e-18,198,198,1.193359375,2
264,26.400000000000002,6.7604357403464061e-18,9.1703272902220057e-15,4.5970172113385388e-17,9.2645576910337561e-18,-5.3287342897782085e-18,0.00040994808037009278,-0.00040994808036982065,2.7213474529386161e-16,0.00040994808036982103,0.00040994808036982005,9.7578195523695399e-19,2.7175527453349169e-16,-5.9631119486702744e-19,210,210,1.205078125,2
265,26.5,7.6583918770282345e-18,1.1081310664022911e-14,4.6837533851373792e-17,1.0737151766795571e-17,1.0178497097695624e-18,0.00037785814226865,-0.00037785814226881827,-1.6826817716975029e-16,0.0003778581422688168,0.00037785814226881729,-4.87890977618477e-19,-1.6680450423689486e-16,-9.7578195523695399e-19,224,224,1.21875,2
266,26.600000000000001,7.5291220357780417e-18,1.0991273131834269e-14,5.0306980803327406e-17,1.0317973958878839e-17,2.9472898497596352e-18,0.00031681490235069276,-0.00031681490235021875,4.7401318981066254e-16,0.00031681490235021788,0.00031681490235021837,-4.87890977618477e-19,4.7488055154865094e-16,-3.7947076036992655e-19,220,220,1.21484375,2
267,26.700000000000003,8.356897121384769e-18,1.1323162349931626e-14,5.4643789493269423e-17,1.1851191171156476e-17,-6.1703864935639454e-18,0.00022752383065771653,-0.00022752383065843481,-7.1828393927164669e-16,0.00022752383065843284,0.00022752383065843425,-1.4094628242311558e-18,-7.1630527030686064e-16,-5.6920614055488983e-19,222,222,1.216796875,2
268,26.800000000000001,7.8588045854469637e-18,9.3865431033314771e-15,4.5970172113385388e-17,1.0833536506131475e-17,-1.3260105048568273e-18,0.00012061624334513965,-0.00012061624334503123,1.0842021724855044e-16,0.0001206162433450326,0.00012061624334503137,1.2332799712022613e-18,1.0705141200578749e-16,1.3552527156068805e-19,174,174,1.169921875,2
269,26.900000000000002,5.7038179974037872e-18,5.8671606252212395e-15,3.3827107781547738e-17,7.7227987015581662e-18,-3.298195092698557e-18,1.3184421098877408e-05,-1.3184421098340945e-05,5.3646323494582759e-16,1.3184421098340601e-05,1.3184421098341351e-05,-7.504711912673101e-19,5.3680713032241284e-16,4.0657581468206416e-19,168,168,1.1640625,2
270,27,4.7852234510785959e-18,4.2543256713312523e-15,3.1658703436576729e-17,6.4144508489957988e-18,-7.1083347955979373e-18,-8.6428788745429586e-05,8.6428788744907325e-05,-5.2226018648626749e-16,-8.642878874490841e-05,-8.6428788744907217e-05,-1.1926223897340549e-18,-5.2117598431378198e-16,1.0842021724855044e-19,248,248,1.2421875,2
271,27.100000000000001,5.3198174049520199e-18,4.1117307351884416e-15,3.2526065174565133e-17,7.0863173413988792e-18,-1.8437606071367035e-18,-0.00019604968350872554,0.00019604968350840689,-3.1864701849348975e-16,-0.00019604968350840879,-0.00019604968350840716,-1.6263032587282567e-18,-3.1674966469164012e-16,-2.7105054312137611e-19,204,204,1.19921875,2
272,27.200000000000003,4.7073313687282333e-18,3.2086312686410727e-15,3.2092384305570931e-17,6.1074452461885802e-18,-4.3182781831087897e-18,-0.00028717549211698667,0.00028717549211776155,7.7487929267539002e-16,-0.00028717549211776345,-0.00028717549211776193,-1.5178830414797062e-18,7.7677664647723965e-16,-3.7947076036992655e-19,214,214,1.208984375,2
273,27.300000000000001,4.025657509620319e-18,2.4561130905625996e-15,2.688821387764051e-17,5.3818413788812987e-18,9.5623459293481874e-19,-0.00035106023770659078,0.00035106023770667448,8.3700407715880942e-17,-0.00035106023770667633,-0.0003510602377066753,-1.0299920638612292e-18,8.55435514091063e-17,-8.1315162936412833e-19,206,206,1.201171875,2
274,27.400000000000002,3.4649023247645165e-18,1.9218716950059014e-15,2.6020852139652106e-17,4.5126275835013889e-18,-2.8879332773991771e-18,-0.00038869651574291453,0.00038869651574253311,-3.8142232428040046e-16,-0.0003886965157425362,-0.00038869651574253549,-7.0473141211557788e-19,-3.7833234808881677e-16,-2.3852447794681098e-18,212,212,1.20703125,2
275,27.5,2.4131494369759929e-18,1.2305636230740036e-15,1.8214596497756474e-17,3.0252442421701613e-18,1.8380062310277363e-18,-0.00044711107263140093,0.00044711107263149265,9.1723503792273675e-17,-0.00044711107263149,-0.0004471110726314946,4.6078592330633938e-18,8.9067208469684189e-17,-1.951563910473908e-18,180,180,1.17578125,2
276,27.600000000000001,2.4441945367740681e-18,1.1586596778532101e-15,1.7347234759768071e-17,3.233882457110763e-18,-2.1928112797368409e-18,-0.00047569585104767498,0.00047569585104738745,-2.8753041614315578e-16,-0.00047569585104738777,-0.00047569585104738956,1.7889335846010823e-18,-2.8720515549141012e-16,-2.1141942363467336e-18,200,200,1.1953125,2
277,27.700000000000003,2.8177418328211079e-18,1.2506630852682505e-15,2.1684043449710089e-17,3.5263216161260759e-18,1.1417985477810681e-18,-0.00051106779034260086,0.00051106779034324704,6.4618449480136064e-16,-0.00051106779034324954,-0.00051106779034325062,1.0842021724855044e-18,6.486781597980773e-16,-3.5778671692021646e-18,254,254,1.248046875,2
278,27.800000000000001,3.8159300101871485e-18,1.5973544358112864e-15,3.2959746043559335e-17,4.8585214284465629e-18,-8.4153821582944971e-19,-0.00056489699596795617,0.00056489699596808281,1.2663481374630692e-16,-0.00056489699596808823,-0.00056489699596808953,1.3010426069826053e-18,1.3205582460873444e-16,-6.7220534694101275e-18,180,180,1.17578125,2
279,27.900000000000002,5.047587664630909e-18,1.9974234057007733e-15,3.5778671692021646e-17,6.7271125060365018e-18,5.5879014507722231e-18,-0.00064534604029287124,0.00064534604029276065,-1.1058862159352145e-16,-0.00064534604029276271,-0.00064534604029276607,3.3610267347050637e-18,-1.0852863746579899e-16,-5.4210108624275222e-18,194,194,1.189453125,2
280,28,5.7194782182726859e-18,2.1489778087376723e-15,4.163336342344337e-17,7.293196039779004e-18,-2.6314434534672047e-19,-0.0007408761355929272,0.0007408761355925499,-3.7730235602495554e-16,-0.00074087613559255955,-0.00074087613559255564,-3.903127820947816e-18,-3.6765295668983455e-16,-5.7462715141731735e-18,192,192,1.1875,2
281,28.100000000000001,7.9694865579778132e-18,2.8447221911077988e-15,5.5511151231257827e-17,1.0668889513925245e-17,3.0812428225534936e-18,-0.00085327628697307034,0.00085327628697281967,-2.5066754227864863e-16,-0.00085327628697282889,-0.0008532762869728303,1.4094628242311558e-18,-2.4145182381252184e-16,-1.0625181290357943e-17,238,238,1.232421875,2
282,28.200000000000003,7.2268578607497786e-18,2.4641255098225928e-15,4.90059381963448e-17,9.1417577660165838e-18,8.3430035064579405e-18,-0.0009663613756307754,0.00096636137563105295,2.7755575615628914e-16,-0.00096636137563105957,-0.0009663613756310638,4.2283884726934673e-18,2.8416938940845071e-16,-1.0842021724855044e-17,208,208,1.203125,2
283,28.300000000000001,9.6610096042004895e-18,3.1415787267923025e-15,5.8546917314217239e-17,1.2928088511652525e-17,-4.297772885854355e-18,-0.0010401141635378863,0.0010401141635377779,-1.0842021724855044e-16,-0.0010401141635377851,-0.0010401141635377864,1.3010426069826053e-18,-1.0126448291014611e-16,-8.4567769453869346e-18,212,212,1.20703125,2
284,28.400000000000002,1.101641973500389e-17,3.4326322011267221e-15,5.8113236445223038e-17,1.4926064699116171e-17,-2.4520484692270891e-19,-0.0010697803997938848,0.0010697803997938484,-3.6429192995512949e-17,-0.0010697803997938571,-0.0010697803997938543,-2.8189256484623115e-18,-2.7755575615628914e-17,-5.8546917314217239e-18,198,198,1.193359375,2
285,28.5,1.1769157118491949e-17,3.5398419309801691e-15,6.9477030465586731e-17,1.6002417754769159e-17,2.6273459628817091e-18,-0.0010100167355231449,0.0010100167355235491,4.0419056990259605e-16,-0.0010100167355235588,-0.0010100167355235601,1.3010426069826053e-18,4.1394838945496559e-16,-1.1058862159352145e-17,208,208,1.203125,2
286,28.600000000000001,1.4026157313667167e-17,4.1008533575466479e-15,9.6819254002955546e-17,1.9683738748822106e-17,1.1717361357013809e-19,-0.00085960781124061469,0.00085960781124021918,-3.9551695252271202e-16,-0.00085960781124023707,-0.00085960781124023186,-5.2041704279304213e-18,-3.7762761667670119e-16,-1.2685165418080402e-17,222,222,1.216796875,2
287,28.700000000000003,1.5922706089709058e-17,4.5728902425866528e-15,1.0798653637955624e-16,2.2291761465224222e-17,3.0840221566044702e-19,-0.00060838107244709505,0.0006083810724471523,5.7245874707234634e-17,-0.00060838107244716856,-0.00060838107244716856,0,7.3508907294517201e-17,-1.6263032587282567e-17,182,182,1.177734375,2
288,28.800000000000001,2.1904705873325912e-17,6.230330630081391e-15,9.8879238130678004e-17,3.1604784495528073e-17,2.3310617218685415e-18,-0.00025074738769603755,0.00025074738769613469,9.7144514654701197e-17,-0.00025074738769614445,-0.00025074738769614418,-2.7105054312137611e-19,1.0690233420707074e-16,-9.4867690092481638e-18,196,196,1.19140625,2
289,28.900000000000002,1.8175800931946886e-17,5.2037785704151796e-15,1.3183898417423734e-16,2.5767707575250666e-17,-2.4528094807192231e-18,0.00015736380930331251,-0.00015736380930375313,-4.40619762898109e-16,0.00015736380930373762,0.00015736380930373914,-1.5178830414797062e-18,-4.2511567183156629e-16,-1.3986208025063007e-17,242,242,1.236328125,2
290,29,2.2028031754914451e-17,6.4207233921362552e-15,1.2576745200831851e-16,3.1083317843255762e-17,-1.2843008191719386e-17,0.00059860671431000156,-0.00059860671430993044,7.1123662515049091e-17,0.00059860671430991797,0.00059860671430991808,-1.0842021724855044e-19,8.3591987498632392e-17,-1.2359904766334751e-17,164,164,1.16015625,2
291,29.100000000000001,2.2152291723119322e-17,6.6379219701528237e-15,1.2923689896027213e-16,3.0338399929030827e-17,1.7636042100534179e-18,0.00099681621604919002,-0.00099681621604906859,1.214306433183765e-16,0.00099681621604905709,0.00099681621604905059,6.5052130349130266e-18,1.3292318634672284e-16,-1.7997756063259374e-17,202,202,1.197265625,2
292,29.200000000000003,2.5560806985469298e-17,7.9618818766578034e-15,1.3791051634015616e-16,3.6707370526792082e-17,-1.9838386658442573e-17,0.0013212895775218669,-0.0013212895775217871,7.9797279894933126e-17,0.0013212895775217804,0.0013212895775217782,2.1684043449710089e-18,8.6519333364343254e-17,-8.8904578143811364e-18,186,186,1.181640625,2
293,29.300000000000001,2.6549830432201893e-17,8.678197787815589e-15,1.2836953722228372e-16,3.8411811747723935e-17,5.8838310255669016e-18,0.0015296690578772143,-0.0015296690578770382,1.7607443281164592e-16,0.0015296690578770285,0.0015296690578770304,-1.951563910473908e-18,1.8583225236401546e-16,-7.8062556418956319e-18,228,228,1.22265625,2
294,29.400000000000002,3.1152510165957645e-17,1.06419363239591e-14,1.6891869847324159e-16,4.4572537971913741e-17,-3.4819990707190197e-17,0.0015827102185506092,-0.0015827102185506708,-6.1582683397176652e-17,0.0015827102185506619,0.0015827102185506626,-6.5052130349130266e-19,-5.2692225582795515e-17,-8.2399365108898337e-18,218,218,1.212890625,2
295,29.5,3.165141817834215e-17,1.1438311402850618e-14,1.4433441421213278e-16,4.5178318730433275e-17,-7.3540303319845503e-18,0.0014897015074231135,-0.0014897015074229036,2.0990154059319366e-16,0.0014897015074229057,0.0014897015074229016,4.1199682554449168e-18,2.0773313624822265e-16,-1.951563910473908e-18,206,206,1.201171875,2
296,29.600000000000001,2.6137484198864833e-17,9.7521276771159937e-15,1.2836953722228372e-16,3.7307936738730082e-17,-2.1161393720206039e-17,0.0012301492156794325,-0.001230149215680047,-6.1452579136478391e-16,0.0012301492156800422,0.0012301492156800442,-1.951563910473908e-18,-6.0975530180584769e-16,-2.8189256484623115e-18,198,198,1.193359375,2
297,29.700000000000003,2.7218115829590942e-17,1.0277519838482167e-14,1.5352302762394743e-16,3.7423477326691489e-17,-5.9523044561443785e-18,0.00086384992054711063,-0.00086384992054667261,4.3801767768414379e-16,0.00086384992054667142,0.00086384992054667174,-3.2526065174565133e-19,4.3921030007387785e-16,-8.6736173798840355e-19,232,232,1.2265625,2
298,29.800000000000001,2.9214089261607119e-17,1.0932423714279696e-14,1.8041124150158794e-16,4.1037057191660018e-17,-1.851313572268016e-17,0.00045046600070985932,-0.00045046600071011822,-2.5890747878953846e-16,0.00045046600071011801,0.00045046600071011763,3.7947076036992655e-19,-2.5869063835504136e-16,-5.9631119486702744e-19,206,206,1.201171875,2
299,29.900000000000002,3.466873045875473e-17,1.2571103717042633e-14,1.7770073607037418e-16,5.0655303250551035e-17,-3.2034556101771574e-17,4.3794677777597713e-06,-4.3794677780512048e-06,-2.9143354396410359e-16,4.3794677780508787e-06,4.3794677780507338e-06,1.4484263398048536e-19,-2.9110743627941069e-16,-4.7095031867339099e-19,190,190,1.185546875,2
300,30,3.2270918234309109e-17,1.1149241109876185e-14,1.6631661325927638e-16,4.6292924753513779e-17,-2.9234303981793876e-17,-0.00042741576502436374,0.00042741576502519077,8.2702941717194278e-16,-0.00042741576502518881,-0.00042741576502519077,1.951563910473908e-18,8.2507785326146887e-16,0,222,222,1.216796875,2
