step,time,gauss_rms,gauss_max,gauge_rms,field_energy,kinetic_energy,total_energy,rho_mode,E_mode_re,E_mode_im,E_mode_abs,theory_E_abs,E_over_theory,mean_rho,picard_iterations,picard_current_error,picard_velocity_error,crossing_particles,avg_path_segments,max_path_segments
0,0,2.2029715303568446e-14,3.8691272408186705e-14,0,3.1114102426267851,6.0391036705501895,9.1505139131769742,0.24879618166804907,4.1459849245455446e-17,-0.49759236333609774,0.49759236333609774,0.49759236333609774,1,8.0230960763927328e-18,0,nan,nan,0,0,1
1,0.10000000000000001,3.1489270888487416e-14,6.2394533983933798e-14,2.0157784406163643e-15,3.073273537492768,6.0772403756842035,9.1505139131769724,0.24726654308882354,-1.6143778158808027e-17,-0.49453308617764646,0.49453308617764646,0.49001953008358556,1.0092109718428794,5.9969932665604464e-18,5,2.2983830714042534e-11,5.8917150246069015e-15,64,1.0625,2
2,0.20000000000000001,3.0195538251767907e-14,6.7890137955828322e-14,4.3750593541411567e-15,2.9608446887247797,6.1896692244521896,9.1505139131769688,0.24269888905035203,-5.4012363722657571e-17,-0.48539777810070328,0.48539777810070328,0.48256194740100961,1.005876614836638,5.8546917314217239e-18,5,3.6075832402741132e-11,2.5537240985918138e-14,276,1.26953125,2
3,0.30000000000000004,1.8448631271954941e-14,4.6629367034256575e-14,6.0480700368062364e-15,2.7801244081146281,6.3703895050623389,9.1505139131769671,0.23516472651777315,-1.3019047011508181e-16,-0.47032945303554535,0.47032945303554535,0.47521786129571891,0.98971333222441404,4.5536491244391186e-18,5,5.4321676297698468e-11,6.0512027281632084e-14,254,1.248046875,2
4,0.40000000000000002,8.3615261615169873e-15,1.5987211554602254e-14,6.3155877925384543e-15,2.5406762086626751,6.6098377045142893,9.1505139131769653,0.2247834304619192,-1.3374470504058331e-16,-0.44956686092383719,0.44956686092383719,0.4679855444689891,0.960642622912528,5.0957502106818708e-18,5,6.1014709045144405e-11,9.1786040330438207e-14,200,1.1953125,2
5,0.5,1.2452810825669512e-14,3.3861802251067274e-14,5.2767449956762862e-15,2.2549921209981694,6.8955217921787924,9.1505139131769617,0.21172104718783388,-1.3682981626684936e-16,-0.42344209437566632,0.42344209437566632,0.46086329590976838,0.91880194872054055,2.8189256484623115e-18,5,6.479305375384313e-11,1.2048082078652473e-13,226,1.220703125,2
6,0.60000000000000009,1.3411998511987009e-14,3.7414515929867775e-14,4.0586098125303896e-15,1.9377414397409789,7.2127724734359813,9.1505139131769599,0.19619147071778226,-1.9432475765740009e-16,-0.39238294143556285,0.39238294143556285,0.45384944049460696,0.86456632183559012,3.0357660829594124e-18,5,6.6929186608826919e-11,1.4526954043199748e-13,224,1.21875,2
7,0.70000000000000007,1.2641626208329654e-14,4.0578651550049472e-14,3.447704313356503e-15,1.6050410037140967,7.5454729094628616,9.1505139131769582,0.17846218445911738,-2.1128095411264683e-16,-0.35692436891823293,0.35692436891823293,0.44694232859367511,0.79859155439877916,0,5,6.8774767615330098e-11,1.6727660206550086e-13,208,1.203125,2
8,0.80000000000000004,9.080763882531919e-15,2.5368596112684827e-14,3.5028729437076198e-15,1.2731227679047423,7.877391145272215,9.1505139131769582,0.15883516442340695,-2.5818192520655222e-16,-0.3176703288468119,0.3176703288468119,0.44014033568277655,0.72174782243944857,1.7347234759768071e-18,5,7.0128350722354494e-11,1.858011401390731e-13,242,1.236328125,2
9,0.90000000000000002,1.4423022540212246e-14,2.7255975254547593e-14,3.8940488215527477e-15,0.95767702896058815,8.1928368842163692,9.1505139131769582,0.1376538437515506,-3.2529471075786375e-16,-0.27530768750309909,0.27530768750309909,0.43344186196126755,0.63516635485406958,-9.7578195523695399e-19,5,7.1381491160616301e-11,2.0102289994422394e-13,244,1.23828125,2
10,1,2.1402090572051032e-14,4.6296300126869028e-14,4.5023023999687376e-15,0.6729574251955206,8.4775564879814365,9.1505139131769564,0.11530323521927902,-3.29696964761985e-16,-0.23060647043855581,0.23060647043855581,0.42684533197579033,0.5402576839041906,-1.7076184216646695e-18,5,7.2418586761605939e-11,2.1222153604322087e-13,216,1.2109375,2
11,1.1000000000000001,1.9982966704852646e-14,4.8100412541884907e-14,5.4127290997960913e-15,0.43061310078993992,8.7199008123870172,9.1505139131769564,0.092181077857246246,-4.0266863824510234e-16,-0.18436215571449022,0.18436215571449022,0.42034919424973255,0.43859286097491434,-7.3183646642771549e-19,5,7.3298734209703521e-11,2.1981858402993021e-13,240,1.234375,2
12,1.2000000000000002,1.5396389127930778e-14,3.9551695252271202e-14,6.1852093571021363e-15,0.23924559250040636,8.9112683206765517,9.1505139131769582,0.068703947221563061,-4.9189536147172436e-16,-0.13740789444312379,0.13740789444312379,0.413951920918327,0.33194167607265307,-7.3183646642771549e-19,5,7.4156399778891567e-11,2.23670113511321e-13,244,1.23828125,2
13,1.3,1.4567435924431693e-14,3.2293612228784241e-14,6.2868327550715417e-15,0.10379231071739568,9.0467216024595629,9.1505139131769582,0.045294982157856045,-5.3314627097307045e-16,-0.090589964315709787,0.090589964315709787,0.40765200736930379,0.22222376605063962,-7.1828393927164669e-19,5,7.5031448896063193e-11,2.240632208455063e-13,230,1.224609375,2
14,1.4000000000000001,1.2376812475432657e-14,3.4389158187764224e-14,6.0359722977228249e-15,0.025169560998980059,9.1253443521779811,9.1505139131769617,0.022365759910467103,-5.9618298369783619e-16,-0.044731519820931903,0.044731519820931903,0.4014479718890116,0.11142544726393296,-8.1315162936412833e-19,5,7.5943022025062446e-11,2.2077157019316814e-13,254,1.248046875,2
15,1.5,1.3910600019139459e-14,4.4915026559122495e-14,6.1335515199236944e-15,0.00036713833885125406,9.1501467748381113,9.1505139131769617,0.00031271413251199971,-6.149715536101415e-16,-0.00062542826502164648,0.00062542826502164648,0.39533835531392514,0.0015820075553382989,5.4210108624275222e-20,5,7.696602381008556e-11,2.139787831695396e-13,246,1.240234375,2
16,1.6000000000000001,1.8703186300699501e-14,4.8263476548626727e-14,5.8764599499649021e-15,0.022790687968472546,9.1277232252084897,9.1505139131769617,0.020494242040052631,-6.0144256728948191e-16,0.040988484080107482,0.040988484080107482,0.38932172068745569,0.10528178085653922,-6.7762635780344027e-19,5,7.8099540105526688e-11,2.0382665966346577e-13,258,1.251953125,2
17,1.7000000000000002,1.5192416859550548e-14,2.8033131371785203e-14,5.712414856620396e-15,0.082970341845916479,9.0675435713310488,9.1505139131769653,0.039721382255127141,-5.6683671277520325e-16,0.079442764510256419,0.079442764510256419,0.38339665292198472,0.20720776747735925,-4.3368086899420177e-19,5,7.9462459391467161e-11,1.9065747749664018e-13,252,1.24609375,2
18,1.8,1.3137133241663132e-14,3.6248781754011361e-14,5.9502719580053526e-15,0.16952624813537059,8.9809876650415958,9.1505139131769671,0.057076521594642736,-5.9097053467824683e-16,0.11415304318928735,0.11415304318928735,0.37756175846604156,0.30234270455002776,-2.0599841277224584e-18,5,8.0983057239391654e-11,1.7439077369697654e-13,218,1.212890625,2
19,1.9000000000000001,1.5363630743851575e-14,4.188316360398403e-14,5.9702931616856763e-15,0.27028147944619896,8.8802324337307699,9.1505139131769688,0.072308216646470219,-5.6856197430765253e-16,0.14461643329294221,0.14461643329294221,0.37181566497654533,0.38894658540560639,-2.8189256484623115e-18,5,8.2851062354213003e-11,1.558910362925986e-13,252,1.24609375,2
20,2,1.5647238615900899e-14,3.6790015478516125e-14,6.4912042911405125e-15,0.37329281493216859,8.7772210982447998,9.1505139131769688,0.085214863469987773,-5.3957664441777943e-16,0.17042972693997704,0.17042972693997704,0.36615702099603581,0.46545530241743527,-1.5178830414797062e-18,5,8.5003340751797426e-11,1.3490906732775133e-13,246,1.240234375,2
21,2.1000000000000001,1.0190890241796666e-14,2.2593038551121936e-14,7.4652284568292946e-15,0.46787553135465532,8.682638381822315,9.1505139131769706,0.09564370782318235,-4.7162669121574927e-16,0.19128741564636603,0.19128741564636603,0.36058449563481632,0.53049262506309558,-1.0842021724855044e-18,5,8.7749812286881205e-11,1.1225803207395794e-13,238,1.232421875,2
22,2.2000000000000002,1.4843233096066665e-14,3.3306690738754696e-14,7.6359743705932992e-15,0.54529939363206203,8.6052145195449086,9.1505139131769706,0.10349412400381233,-4.1128812074989154e-16,0.20698824800762575,0.20698824800762575,0.35509677825793357,0.58290657837868243,-2.0599841277224584e-18,5,9.1121513672158958e-11,8.867874221757317e-14,254,1.248046875,2
23,2.3000000000000003,2.7993966932068876e-14,5.0376369742366478e-14,7.0728091123707053e-15,0.59926911019766871,8.5512448029793013,9.1505139131769706,0.10871611289613271,-3.6748139949251291e-16,0.21743222579226629,0.21743222579226629,0.34969257817692212,0.62178107103622726,4.3368086899420177e-19,5,9.5125018971501869e-11,6.4830943220153674e-14,230,1.224609375,2
24,2.4000000000000004,3.4969902363841342e-14,5.2569060216001162e-14,5.7534261002779031e-15,0.62608991178883344,8.5244240013881356,9.1505139131769688,0.11131111903322341,-2.6038088620836219e-16,0.22262223806644738,0.22262223806644738,0.34437062434623961,0.64646117388519442,1.1926223897340549e-18,5,9.5590848113936079e-11,4.1975293269760809e-14,230,1.224609375,2
25,2.5,3.3041173893599047e-14,5.4595217235942073e-14,5.3237793000050424e-15,0.62478290457488506,8.5257310086020812,9.1505139131769671,0.11133571172296819,-1.307803772748914e-16,0.22267142344593666,0.22267142344593666,0.33912966506432213,0.65659671324743285,7.589415207398531e-19,5,6.9614733487041002e-11,2.2162022378061831e-14,250,1.244140625,2
26,2.6000000000000001,2.5040399197374397e-14,4.2577052994374753e-14,5.3886336079454278e-15,0.59677051679058413,8.5537433963863823,9.1505139131769671,0.10889269624096166,-4.8552162449086104e-17,0.21778539248192352,0.21778539248192352,0.3339684676791892,0.65211363813882162,-6.5052130349130266e-19,5,3.7725433552056918e-11,1.7747746821224178e-14,252,1.24609375,2
27,2.7000000000000002,1.7431697747422776e-14,2.9351521213527576e-14,5.2846980522491888e-15,0.54534621565571872,8.6051676975212441,9.1505139131769635,0.10414138881399877,5.5242158472937251e-17,0.20828277762799757,0.20828277762799757,0.32888581829852892,0.63329814190692701,-5.4210108624275222e-19,5,5.08756561154241e-11,3.35525808805757e-14,208,1.203125,2
28,2.8000000000000003,1.4959755049576652e-14,3.0531133177191805e-14,5.5013286441513411e-15,0.47590062138665984,8.6746132917903012,9.1505139131769617,0.097278441220057049,1.8326057331102567e-16,0.19455688244011385,0.19455688244011385,0.32388052150419588,0.60070572177831127,-1.1926223897340549e-18,5,5.8525784296742863e-11,5.0453800503727882e-14,246,1.240234375,2
29,2.9000000000000004,1.5561975181863236e-14,2.8338442703557121e-14,6.0689039866590744e-15,0.39446129659077772,8.7560526165861781,9.1505139131769564,0.088545548892119172,3.4386896452002058e-16,0.1770910977842379,0.1770910977842379,0.31895140007105349,0.55522909679903254,1.0842021724855044e-18,5,6.5007715681202346e-11,6.8186932694877703e-14,244,1.23828125,2
30,3,1.7871680769900947e-14,3.9121483830228954e-14,6.7235485228711835e-15,0.3081729177294551,8.842340995447497,9.1505139131769528,0.07823194835429044,5.2737246956173824e-16,0.15646389670858024,0.15646389670858024,0.3140972946900954,0.4981383136806562,1.6263032587282567e-18,5,6.7622527183244881e-11,8.3748625938786746e-14,228,1.22265625,2
31,3.1000000000000001,2.9397382060932226e-14,6.4087624096487161e-14,7.8420762575445976e-15,0.22403484133186452,8.926479071845085,9.1505139131769493,0.06664131133846718,6.5039009075434182e-16,0.13328262267693358,0.13328262267693358,0.30931706369578127,0.43089321062487312,2.0328790734103208e-18,5,6.7631160939694612e-11,9.459221972631306e-14,278,1.271484375,2
32,3.2000000000000002,4.8356615199324311e-14,8.8540286213856234e-14,7.2679640969256741e-15,0.14851255743868927,9.0020013557382583,9.1505139131769475,0.054094293612794435,8.4300123317184746e-16,0.10818858722558801,0.10818858722558801,0.30460958279752104,0.35517131874837543,3.9302328752599536e-19,5,6.9140199412488603e-11,1.0332280989993425e-13,256,1.25,2
33,3.3000000000000003,5.9326805159836686e-14,9.8726582464792045e-14,5.6895156334460105e-15,0.08537568414497336,9.0651382290319695,9.1505139131769422,0.0409381956198328,1.0744689722349866e-15,0.081876391239664628,0.081876391239664628,0.29997374481524713,0.27294519155365426,-3.7947076036992655e-19,5,7.1845933937153552e-11,1.1066734007363346e-13,210,1.205078125,2
34,3.4000000000000004,5.6196459924032994e-14,8.8311302715027296e-14,5.7117005287598341e-15,0.038605388235892525,9.1119085249410467,9.1505139131769386,0.027509829504249364,1.2795753559303339e-15,0.05501965900849759,0.05501965900849759,0.29540845941900978,0.18624943617629194,2.7105054312137611e-19,5,7.1096704731308909e-11,1.1509770425540678e-13,256,1.25,2
35,3.5,4.11558367503694e-14,7.6411099669826399e-14,6.0019740137508317e-15,0.011121990238497711,9.1393919229384384,9.1505139131769369,0.014143941751590196,1.4812285554969176e-15,0.028287883503179109,0.028287883503179109,0.29091265287253631,0.097238408930853462,6.3696877633523385e-19,5,7.2171220370453136e-11,1.1506125725506835e-13,224,1.21875,2
36,3.6000000000000001,2.6691695634033373e-14,6.6179700608515191e-14,6.7640490395367952e-15,0.0010845232934651942,9.1494293898834673,9.1505139131769333,0.001155275845989988,1.6697662940888288e-15,0.0023105516919785982,0.0023105516919785982,0.28648526778069233,0.0080651675734591394,4.0657581468206416e-19,5,7.4159937009829699e-11,1.1415627175792343e-13,276,1.26953125,2
37,3.7000000000000002,1.9051355153819443e-14,3.9850067690139213e-14,5.8962967696365266e-15,0.0074580043534312667,9.1430559088234968,9.150513913176928,0.011159163791464768,1.8349211591570237e-15,-0.022318327582931001,0.022318327582931001,0.28212526284078709,0.079107866336401059,6.7762635780344027e-19,5,7.5616888968948506e-11,1.1146768925726036e-13,236,1.23046875,2
38,3.8000000000000003,1.4895282784205113e-14,3.9748613471848881e-14,6.5722233934229301e-15,0.026863741831153191,9.1236501713457727,9.1505139131769262,0.022543275266783083,2.042598007618145e-15,-0.045086550533567707,0.045086550533567707,0.27783161259766365,0.16228013116296777,6.7932042369794887e-19,5,7.7919157594435303e-11,1.057767600215941e-13,260,1.25390625,2
39,3.9000000000000004,1.2824689405009499e-14,2.6104118866498993e-14,7.8891715447777669e-15,0.055077042359435072,9.0954368708174886,9.1505139131769244,0.032764519011347096,2.2276706867289836e-15,-0.065529038022695774,0.065529038022695774,0.27360330720251519,0.23950382286202634,6.5052130349130266e-19,5,7.8699701801704664e-11,9.6010035971124213e-14,248,1.2421875,2
40,4,3.2175112143653412e-14,6.1152471975134404e-14,8.5023188673183611e-15,0.088303131235743085,9.062210781941177,9.1505139131769209,0.041635779457916716,2.4055872975128677e-15,-0.08327155891583507,0.08327155891583507,0.26943935217537385,0.30905492550930319,-6.0986372202309624e-19,5,7.8081960461882814e-11,8.568243186262694e-14,266,1.259765625,2
41,4.1000000000000005,5.4413174827779561e-14,9.1600338425479322e-14,7.2365404200602964e-15,0.12182411674880789,9.0286897964281128,9.1505139131769209,0.049008739845496536,2.5940731136751032e-15,-0.098017479690994752,0.098017479690994752,0.26533876817121216,0.36940504535601115,-3.2526065174565133e-19,5,7.9676415971771908e-11,7.3163193669505291e-14,238,1.232421875,2
42,4.2000000000000002,5.8873003905783522e-14,9.223177777073488e-14,7.0296974158573817e-15,0.15167569491439462,8.9988382182625237,9.1505139131769191,0.054775130093566764,2.7769553489657482e-15,-0.10955026018713518,0.10955026018713518,0.26130059074960582,0.41924995222116784,-6.5052130349130266e-19,5,7.9776337965080403e-11,6.1058116050958211e-14,236,1.23046875,2
43,4.2999999999999998,4.3546915745036383e-14,6.9236283373186325e-14,8.3848522997948916e-15,0.17501807182166779,8.975495841355249,9.1505139131769173,0.058886988215539227,2.9543114889540259e-15,-0.11777397643108006,0.11777397643108006,0.25732387014790098,0.45768772389202605,5.9631119486702744e-19,5,7.2277625917566367e-11,4.8043051732771761e-14,224,1.21875,2
44,4.4000000000000004,2.1141558614687677e-14,4.8613890690774042e-14,8.0708557479285754e-15,0.18971150319867755,8.9608024099782391,9.1505139131769173,0.061325062432448285,3.136393042838723e-15,-0.12265012486489812,0.12265012486489812,0.25340767105783391,0.48400320461059099,8.1315162936412833e-19,5,6.2055648782811044e-11,3.4033370255838238e-14,250,1.244140625,2
45,4.5,1.4127839450479498e-14,3.9163117193652397e-14,7.9720009695145736e-15,0.19525306763318651,8.9552608455437301,9.1505139131769173,0.062123519552887523,3.2916701028396934e-15,-0.12424703910577661,0.12424703910577661,0.24955107240555069,0.49788220867213961,1.2197274440461925e-18,5,4.7817254734990494e-11,2.0797084454408009e-14,262,1.255859375,2
46,4.6000000000000005,1.7673196240535215e-14,3.1225022567582528e-14,7.631156780776242e-15,0.19044717604086667,8.9600667371360494,9.1505139131769155,0.061355061682470492,3.4217522472666684e-15,-0.12271012336494247,0.12271012336494247,0.24575316713497408,0.49932265286960414,2.2226144535952841e-18,5,2.4377500454041876e-11,1.0817767873000959e-14,240,1.234375,2
47,4.7000000000000002,2.391710161202275e-14,5.1431081615760377e-14,8.5086360353468291e-15,0.17718849092602235,8.9733254222508947,9.1505139131769173,0.059131927534343112,3.5403072686321557e-15,-0.11826385506868764,0.11826385506868764,0.24201306199446804,0.48866724008223544,1.7042302898756523e-18,5,2.7722652854620712e-11,1.4267052268802646e-14,216,1.2109375,2
48,4.8000000000000007,4.7824421100214022e-14,7.7153561317544472e-14,7.976284141390744e-15,0.15656904647930292,8.9939448666976141,9.1505139131769173,0.055602339596541941,3.6394631567557981e-15,-0.11120467919308522,0.11120467919308522,0.23832987732674815,0.46659982558806334,2.927345865710862e-18,5,4.1445938075862554e-11,2.5077364167054493e-14,264,1.2578125,2
49,4.9000000000000004,6.0698477980255625e-14,1.1496359419993496e-13,7.1453082170318687e-15,0.1314770737254235,9.0190368394514948,9.1505139131769191,0.050935864796426408,3.7371193855701961e-15,-0.1018717295928542,0.1018717295928542,0.23470274686199047,0.43404574916524796,1.7889335846010823e-18,5,5.3425187898603067e-11,3.7353161841868097e-14,236,1.23046875,2
50,5,5.923117758448262e-14,1.2512213487525514e-13,7.6421041074335477e-15,0.10412811617858035,9.0463857969983383,9.1505139131769191,0.045334632864141702,3.817662164662602e-15,-0.09066926572828482,0.09066926572828482,0.23113081751408787,0.3922854888130976,1.4094628242311558e-18,5,5.6918385070651274e-11,4.6203205911021196e-14,272,1.265625,2
51,5.1000000000000005,4.1689816153949656e-14,9.7560848288935631e-14,9.0840916199406786e-15,0.07752839079383346,9.0729855223830871,9.1505139131769209,0.03900858616467251,3.8511500549910522e-15,-0.078017172329346324,0.078017172329346324,0.22761324918000805,0.34276199918242195,9.7578195523695399e-19,5,6.2823036506058181e-11,5.3968658716452434e-14,222,1.216796875,2
52,5.2000000000000002,2.1555281603556509e-14,5.3561322044259896e-14,9.3633992331380753e-15,0.053334588813753275,9.097179324363168,9.1505139131769209,0.032174135416756261,3.8764634484657745e-15,-0.064348270833513785,0.064348270833513785,0.22414921454220466,0.28707783324129277,4.0657581468206416e-19,5,6.6100378794301652e-11,5.8526817000344085e-14,254,1.248046875,2
53,5.3000000000000007,1.7756810157173472e-14,5.1486592766991635e-14,8.4856658145371332e-15,0.032873289746764928,9.117640623430157,9.1505139131769226,0.025052578538221335,3.8674328101907049e-15,-0.050105157076443807,0.050105157076443807,0.22073789887403564,0.22698937215596302,0,5,6.8162429143796574e-11,6.2004729930037815e-14,232,1.2265625,2
54,5.4000000000000004,1.9748733670423596e-14,5.7370774797504964e-14,7.1936313693904786e-15,0.017175821495893945,9.1333380916810292,9.1505139131769226,0.017853980574532097,3.8639072592136041e-15,-0.035707961149065277,0.035707961149065277,0.21737849984814286,0.16426629668532208,-2.405573570202213e-19,5,6.7435387979262623e-11,6.3765691894898467e-14,268,1.26171875,2
55,5.5,1.7914764849086961e-14,4.4898113005231721e-14,6.5995164767327482e-15,0.0078231070856834249,9.1426908060912417,9.1505139131769244,0.010781496192116071,3.8264629804474164e-15,-0.021562992384233252,0.021562992384233252,0.21407022734774817,0.10072859103944927,-2.439454888092385e-19,5,6.6768457555881644e-11,6.3873602708030334e-14,232,1.2265625,2
56,5.6000000000000005,2.322387888971941e-14,5.2968480296344822e-14,6.4492511570994454e-15,0.0030613370731271427,9.1474525761037988,9.1505139131769262,0.0040165081667046122,3.7720839040646765e-15,-0.0080330163334102964,0.0080330163334102964,0.21081230328082096,0.038105064118148721,-2.7782680669941051e-19,5,6.9558723226945347e-11,6.1798877554489642e-14,222,1.216796875,2
57,5.7000000000000002,3.8061976095096161e-14,6.7465998065951993e-14,5.8937184781590118e-15,0.0025272610183289059,9.1479866521585969,9.1505139131769262,0.0022780783396714717,3.684466343715368e-15,0.0045561566793418974,0.0045561566793418974,0.20760396139707435,0.02194638603560917,7.0473141211557788e-19,5,7.0638225181301825e-11,6.0110033354055626e-14,264,1.2578125,2
58,5.8000000000000007,4.3281382847543123e-14,6.993971374269492e-14,6.0345297739190656e-15,0.004829615239857748,9.1456842979370698,9.150513913176928,0.0079653073774226934,3.5842282674925502e-15,0.015930614754844467,0.015930614754844467,0.20444444710774606,0.077921484198828522,1.3010426069826053e-18,5,6.9133535460187435e-11,5.5116102227205267e-14,238,1.232421875,2
59,5.9000000000000004,3.7855657450907859e-14,6.7581357177104451e-14,7.0250692893970978e-15,0.0099309909321724059,9.1405829222447554,9.150513913176928,0.012937989872416815,3.4757880788423269e-15,0.025875979744832731,0.025875979744832731,0.20133301730812261,0.12852327994087429,5.4210108624275222e-19,5,5.6454724860423557e-11,4.7060831053133744e-14,208,1.203125,2
60,6,2.1791235034919757e-14,5.9827143239488123e-14,7.5629573575598724e-15,0.01605023161056765,9.1344636815663591,9.1505139131769262,0.017112943472927883,3.300686109415824e-15,0.034225886945854739,0.034225886945854739,0.19826894020276375,0.17262354310691802,7.0473141211557788e-19,5,5.4994948143672609e-11,4.3605581321500209e-14,266,1.259765625,2
61,6.1000000000000005,1.7787225347294711e-14,4.2701953084645083e-14,6.8649538739384541e-15,0.023522748614166894,9.1269911645627602,9.1505139131769262,0.020437519458177612,3.1603860374427788e-15,0.04087503891635412,0.04087503891635412,0.19525149513338738,0.20934558728182881,-7.589415207398531e-19,5,4.6174587006352927e-11,3.618285251909182e-14,252,1.24609375,2
62,6.2000000000000002,2.0868192754026102e-14,4.9307780081164765e-14,5.3073769066892522e-15,0.029058003724223215,9.1214559094527043,9.150513913176928,0.022897778456099461,3.0350219494407755e-15,0.045795556912197832,0.045795556912197832,0.19227997240937383,0.23817122677080879,-2.1684043449710089e-19,5,6.025839905491203e-11,3.0243627822765228e-14,260,1.25390625,2
63,6.3000000000000007,1.96303666817998e-14,3.6706748751669238e-14,4.5083822832636529e-15,0.031881120671051907,9.1186327925058759,9.150513913176928,0.024502660737347456,2.8741637151393652e-15,0.049005321474693754,0.049005321474693754,0.18935367314084925,0.25880312043506826,-5.9631119486702744e-19,5,3.7301672534902979e-11,2.2782837721308943e-14,214,1.208984375,2
64,6.4000000000000004,1.5924438601732527e-14,3.091971123581061e-14,4.5071471048682038e-15,0.034882700423658028,9.1156312127532697,9.150513913176928,0.025279788143305316,2.6797715904006722e-15,0.050559576286609523,0.050559576286609523,0.18647190907430997,0.27113776298853293,-8.6736173798840355e-19,5,2.704065343325005e-11,1.6385754026021884e-14,234,1.228515625,2
65,6.5,1.8672911284973784e-14,3.7664316110408436e-14,4.3166408248301808e-15,0.035365798482346521,9.1151481146945805,9.1505139131769262,0.025291061714428582,2.4705646591926853e-15,0.050582123428856096,0.050582123428856096,0.18363400243074771,0.27545074855040363,-3.2526065174565133e-19,5,2.7395264010536636e-11,1.2853194022990339e-14,284,1.27734375,2
66,6.6000000000000005,3.0106540434048923e-14,6.9607514197045361e-14,3.9693424486192097e-15,0.032576774146407576,9.1179371390305199,9.150513913176928,0.024614055645148972,2.3205115942821985e-15,0.049228111290296889,0.049228111290296889,0.18083928574623909,0.27222022630290488,-5.4210108624275222e-19,5,2.3143973199796856e-11,1.3112007554370358e-14,192,1.1875,2
67,6.7000000000000002,3.3727361887144127e-14,7.8465229105817436e-14,4.1703804643182676e-15,0.029357399193828831,9.1211565139830988,9.150513913176928,0.023349393385224026,2.1217063461916677e-15,0.046698786770446948,0.046698786770446948,0.17808710171496075,0.26222441895422161,1.2061749168901237e-18,5,2.9092229678121823e-11,1.9086705557301809e-14,252,1.24609375,2
68,6.8000000000000007,3.0103933309417763e-14,6.6779914931203166e-14,5.3958204678954754e-15,0.025509624277553555,9.1250042888993743,9.150513913176928,0.021601004635774475,1.9912202670966416e-15,0.043202009271547909,0.043202009271547909,0.17537680303459363,0.24633821876104206,9.4867690092481638e-19,5,3.7410086276516599e-11,2.231937715833914e-14,276,1.26953125,2
69,6.9000000000000004,1.6780140100220577e-14,3.771635781468774e-14,6.6466968582457914e-15,0.022126579644174187,9.1283873335327534,9.150513913176928,0.019476044288267557,1.8018155233358626e-15,0.038952088576534032,0.038952088576534032,0.17270775225408039,0.22553758049742526,1.0842021724855044e-18,5,3.780408294573078e-11,2.2936534586215741e-14,232,1.2265625,2
70,7,2.0101927185884622e-14,4.9418802383627281e-14,6.4662515170745482e-15,0.018047709423712189,9.1324662037532143,9.1505139131769262,0.017098438867286649,1.6373417836925581e-15,0.034196877734572202,0.034196877734572202,0.17007932162369929,0.20106428816921576,3.2526065174565133e-19,5,4.4594955147910578e-11,2.1960799083465633e-14,224,1.21875,2
71,7.1000000000000005,2.5199819970445364e-14,5.0931481254679056e-14,5.4684190111501529e-15,0.013818498619178438,9.1366954145577477,9.1505139131769262,0.014575481333124181,1.3819160247277263e-15,0.02915096266624714,0.02915096266624714,0.16749089294742014,0.17404506091801902,-1.4094628242311558e-18,5,3.5915398575961075e-11,2.38444402533255e-14,248,1.2421875,2
72,7.2000000000000002,2.7543835615381247e-14,5.7773230643931583e-14,5.4382091772996998e-15,0.0092847667069581516,9.1412291464699695,9.150513913176928,0.012008809401701162,1.1637865604616009e-15,0.024017618803401215,0.024017618803401215,0.16494185743750731,0.1456126369408744,-1.0842021724855044e-18,5,4.0483065021629355e-11,2.9579746011457902e-14,232,1.2265625,2
73,7.3000000000000007,2.2747584452436749e-14,4.9016346537200661e-14,6.541227854622502e-15,0.0076209700403585866,9.1428929431365678,9.1505139131769262,0.0095032083820650384,9.5000558236866278e-16,0.019006416764128946,0.019006416764128946,0.16243161557133504,0.11701180645945065,-1.5720931501039814e-18,5,3.3021957129521477e-11,2.9693493775588497e-14,276,1.26953125,2
74,7.4000000000000004,1.9591759583159284e-14,4.0897840669629204e-14,7.3765846692270619e-15,0.0064428573358800466,9.1440710558410476,9.150513913176928,0.0071369698336090498,7.4037258239918769e-16,0.014273939667217111,0.014273939667217111,0.15995957695038249,0.089234667528813941,-5.4210108624275222e-19,5,4.5256306911153876e-11,2.6955525569880111e-14,214,1.208984375,2
75,7.5,2.3387741806564075e-14,6.0965121839728909e-14,7.7662414004831531e-15,0.0044029134217882472,9.1461109997551393,9.150513913176928,0.0049799929511361524,5.4538164188786612e-16,0.0099599859022712848,0.0099599859022712848,0.15752516016137438,0.063227905256962896,1.4094628242311558e-18,5,4.2289793664564271e-11,2.7496631109436998e-14,226,1.220703125,2
76,7.6000000000000005,2.6039871492197339e-14,6.1589622291080559e-14,8.0332691716658421e-15,0.0046877163842373266,9.1458261967926902,9.150513913176928,0.0030859490713874343,2.9651375487394572e-16,0.0061718981427738989,0.0061718981427738989,0.1551277926395348,0.039785895472098473,1.0299920638612292e-18,5,4.6539832739957701e-11,2.8951383936027233e-14,260,1.25390625,2
77,7.7000000000000002,2.6387762120453334e-14,6.2456984029068963e-14,8.3417870207483189e-15,0.0050854785418061633,9.1454284346351216,9.150513913176928,0.0014853305469153754,7.1411828838184445e-17,0.0029706610938299346,0.0029706610938299346,0.15276691053392261,0.019445710353422938,-2.1684043449710089e-19,5,5.415580970940426e-11,2.5883102984277102e-14,240,1.234375,2
78,7.8000000000000007,2.0827273018792162e-14,5.7700372257940558e-14,8.9517180781258138e-15,0.0047558334051815785,9.1457580797717455,9.1505139131769262,0.00020701820042520009,-1.3061136521267667e-16,0.00041403640084967507,0.00041403640084967507,0.15044195857481582,0.002752133811417856,-7.589415207398531e-19,5,3.7330707007168189e-11,2.2625597048747834e-14,236,1.23046875,2
79,7.9000000000000004,2.1964473885550445e-14,5.6343818499726694e-14,9.1657445274652744e-15,0.0055183690982150545,9.1449955440787125,9.150513913176928,0.00075874739464918068,-3.3406074992207416e-16,-0.0015174947892991268,0.0015174947892991268,0.14815238994311458,0.010242796554829743,2.1684043449710089e-19,5,2.438334528952821e-11,1.6882654065522918e-14,260,1.25390625,2
80,8,2.4591058227277574e-14,5.7048116230973278e-14,8.9114496720629463e-15,0.0061398761341979764,9.1443740370427307,9.150513913176928,0.0014264760342582042,-5.655987283063742e-16,-0.002852952068517183,0.002852952068517183,0.14589766614173147,0.019554473652414008,1.951563910473908e-18,5,2.7447301948860641e-11,1.7362856868616306e-14,250,1.244140625,2
81,8.0999999999999996,3.3586892821889006e-14,7.6169105744927634e-14,8.5296270405458478e-15,0.0053783644734854887,9.1451355487034434,9.150513913176928,0.0018203378698766848,-7.5937124409148953e-16,-0.0036406757397540335,0.0036406757397540335,0.14367725686893934,0.025339262588198033,8.1315162936412833e-19,5,2.9604601433105629e-11,1.7318499239723089e-14,238,1.232421875,2
82,8.2000000000000011,3.507920441938185e-14,7.8145823145803206e-14,8.698229411798723e-15,0.0042147752908361343,9.1462991378860927,9.150513913176928,0.0019903209702410254,-9.2639489662434937e-16,-0.003980641940482638,0.003980641940482638,0.14149063989364641,0.028133606176880308,1.4094628242311558e-18,5,2.8448024025881524e-11,1.2888541683229114e-14,242,1.236328125,2
83,8.3000000000000007,2.5383041536123285e-14,5.7863436264682377e-14,9.8214957170370273e-15,0.0022595209793933452,9.1482543921975346,9.150513913176928,0.0019793422782353257,-1.1195040951334459e-15,-0.0039586845564712359,0.0039586845564712359,0.13933730093256977,0.028410802634873649,1.2739375526704677e-18,5,3.433866668450505e-11,1.8066190140353628e-14,230,1.224609375,2
84,8.4000000000000004,1.6050141274688172e-14,3.0336844147882402e-14,1.0784445893273043e-14,0.0020066508287681344,9.1485072623481596,9.150513913176928,0.0018481226190345534,-1.2668828153208801e-15,-0.0036962452380696533,0.0036962452380696533,0.13721673352927799,0.026937277568125348,1.6263032587282567e-18,5,4.0582575351833193e-11,2.6040741562292289e-14,248,1.2421875,2
85,8.5,2.1518471373596876e-14,4.3132164506687332e-14,1.1081118714653843e-14,0.0039593668888930171,9.1465545462880353,9.150513913176928,0.0016624347250904711,-1.422586814305128e-15,-0.0033248694501813916,0.0033248694501813916,0.1351284389350747,0.024605253167905648,1.463672932855431e-18,5,4.5251584158035533e-11,2.8415894066191928e-14,252,1.24609375,2
86,8.5999999999999996,2.7577243559140408e-14,5.2402526762307389e-14,1.129076947624296e-14,0.0060381292866396111,9.1444757838902877,9.150513913176928,0.0014718631988383021,-1.5175384966468624e-15,-0.0029437263976769519,0.0029437263976769519,0.13307192599169498,0.022121318044654059,1.7889335846010823e-18,5,3.4469387671342557e-11,2.2473723543307889e-14,240,1.234375,2
87,8.7000000000000011,2.998983626811743e-14,5.7620574978045624e-14,1.1075059961304728e-14,0.0072112616871009907,9.1433026514898277,9.150513913176928,0.0013394121697760191,-1.6232616452118143e-15,-0.0026788243395523296,0.0026788243395523296,0.13104671101578691,0.020441751790547552,7.589415207398531e-19,5,3.1182290512330164e-11,1.5798613067424626e-14,232,1.2265625,2
88,8.8000000000000007,3.0778825003717238e-14,7.0589367684448234e-14,1.1469287952396311e-14,0.0053402666701794074,9.1451736465067484,9.150513913176928,0.0013145336600501618,-1.7145563076056205e-15,-0.0026290673201004823,0.0026290673201004823,0.12905231768515132,0.02037210464142622,6.2341624917916505e-19,5,2.6698357598132611e-11,1.3144421025044883e-14,238,1.232421875,2
89,8.9000000000000004,3.2366561726346612e-14,8.0782602829287953e-14,1.1836928316744763e-14,0.0034932877579698565,9.1470206254189588,9.150513913176928,0.0014344346935425429,-1.8218540402803315e-15,-0.002868869387085209,0.002868869387085209,0.12708827692671279,0.022573831799919532,9.0801931945660996e-19,5,2.6549879128494436e-11,1.8523648551712226e-14,260,1.25390625,2
90,9,3.2474649159939935e-14,5.8925087031980183e-14,1.2144076872497354e-14,0.0039449221608364267,9.1465689910160926,9.1505139131769297,0.0017392057960285198,-1.8454313544679234e-15,-0.0034784115920571219,0.0034784115920571219,0.12515412680619531,0.027793023536839021,6.0986372202309624e-19,5,3.404208830451227e-11,2.3171801210455485e-14,236,1.23046875,2
91,9.0999999999999996,3.4431155446363253e-14,6.2033711500930622e-14,1.2058889067986687e-14,0.0045105317218910763,9.1460033814550368,9.150513913176928,0.0022455021445224881,-1.9287315099546139e-15,-0.0044910042890448972,0.0044910042890448972,0.12324941241947773,0.036438342389494109,1.4094628242311558e-18,5,3.8002569179392031e-11,2.1803073301899765e-14,226,1.220703125,2
92,9.2000000000000011,3.2566629855972264e-14,6.2783112042552602e-14,1.228098621165884e-14,0.0050728087854034739,9.1454411043915247,9.150513913176928,0.0029635515088224547,-1.941586667138887e-15,-0.0059271030176447845,0.0059271030176447845,0.12137368578560175,0.048833509333436602,1.8431436932253575e-18,5,3.1094473895837608e-11,1.7635509548077795e-14,238,1.232421875,2
93,9.3000000000000007,3.1318822786100217e-14,6.1228799808077383e-14,1.236341108857991e-14,0.0057219003050237496,9.1447920128719051,9.1505139131769297,0.0038864728022503063,-1.9608047960594163e-15,-0.0077729456045004357,0.0077729456045004357,0.11952650574140894,0.065031145654980568,-2.1684043449710089e-19,5,2.8396972928863767e-11,1.5424616056668263e-14,256,1.25,2
94,9.4000000000000004,2.7378633820761127e-14,4.7337134212455112e-14,1.2685400003901372e-14,0.0042384331020493158,9.1462754800748787,9.150513913176928,0.0049971741573454301,-1.9754392120807115e-15,-0.0099943483146906487,0.0099943483146906487,0.11770743783778091,0.084908383856459518,-1.111307226797642e-18,5,2.9610985473934161e-11,1.7008899262126584e-14,248,1.2421875,2
95,9.5,2.4012091097306329e-14,4.8780424144467815e-14,1.3000243653096263e-14,0.0048599510579930465,9.145653962118935,9.150513913176928,0.0062561063329173855,-1.9536576039082054e-15,-0.012512212665834448,0.012512212665834448,0.1159160542374585,0.10794201673050999,-1.1926223897340549e-18,5,2.5651452925727878e-11,1.9788604903006635e-14,230,1.224609375,2
96,9.6000000000000014,2.8175108212582928e-14,6.2687268570504884e-14,1.3236554649711806e-14,0.006376143409638246,9.1441377697672923,9.1505139131769297,0.0076283319212829739,-1.9570083894419197e-15,-0.015256663842565538,0.015256663842565538,0.11415193361441646,0.13365225940105097,-1.0570971181733668e-18,5,3.1213091146256759e-11,1.6422680639598244e-14,236,1.23046875,2
97,9.7000000000000011,3.2905030236293061e-14,7.9450335199737765e-14,1.428321362735447e-14,0.0075075751371234713,9.1430063380398074,9.1505139131769315,0.0090608783751894833,-1.9381984522376447e-15,-0.018121756750378502,0.018121756750378502,0.11241466105476926,0.16120456691631571,-7.0473141211557788e-19,5,3.3043916258948498e-11,1.9450678764704554e-14,260,1.25390625,2
98,9.8000000000000007,4.5732379721418282e-14,9.7544368415913851e-14,1.4132052747361137e-14,0.0098529186437853206,9.1406609945331461,9.1505139131769315,0.010491153617674973,-1.9085820698810764e-15,-0.020982307235349409,0.020982307235349409,0.11070382795918489,0.18953551672201727,2.1108061045577164e-18,5,3.6058604842690809e-11,2.5156127049593486e-14,248,1.2421875,2
99,9.9000000000000004,5.1908817321598461e-14,8.4830146379610838e-14,1.4046457791498329e-14,0.01349929535418694,9.1370146178227429,9.1505139131769297,0.011858060561001494,-1.8555868376134773e-15,-0.023716121122002397,0.023716121122002397,0.1090190319467842,0.21754110909349317,2.4665599424045226e-18,5,4.3109986393467792e-11,2.7830739521836821e-14,228,1.22265625,2
100,10,5.2896307884297767e-14,8.5820239803524601e-14,1.3859838726011112e-14,0.016800054751626183,9.1337138584253044,9.1505139131769297,0.013098972159727794,-1.8345487071065616e-15,-0.026197944319454949,0.026197944319454949,0.10735987676050242,0.24401988070363681,5.4210108624275222e-19,5,4.6259988376574436e-11,2.479037084871562e-14,242,1.236328125,2
101,10.100000000000001,4.3444769910049253e-14,7.9748707637605776e-14,1.410143389435455e-14,0.018556310627562009,9.1319576025493685,9.1505139131769297,0.014151589092310351,-1.8232951280850997e-15,-0.028303178184620015,0.028303178184620015,0.10572597217389124,0.26770317267046528,2.2768245622195593e-18,5,4.4083913798557774e-11,2.2064874873849696e-14,262,1.255859375,2
102,10.200000000000001,3.2440953364009108e-14,6.8056671409522096e-14,1.4801444067014781e-14,0.019067966255888105,9.1314459469210423,9.1505139131769297,0.014957736793234564,-1.8195391763503426e-15,-0.029915473586468393,0.029915473586468393,0.10411693389933914,0.2873257256633282,1.9786689647860456e-18,5,3.2359132002592567e-11,1.7152827832730817e-14,222,1.216796875,2
103,10.300000000000001,2.2217568680675175e-14,3.9634961979118088e-14,1.5392134441440273e-14,0.018965154354278368,9.1315487588226532,9.1505139131769315,0.015463207151127152,-1.8413474162051774e-15,-0.030926414302253503,0.030926414302253503,0.10253238349768845,0.30162582051894588,-3.2526065174565133e-19,5,3.0919442764209158e-11,1.6995971797866894e-14,256,1.25,2
104,10.4,2.693902832267181e-14,6.4219463080661399e-14,1.5401057518272087e-14,0.018341670346085415,9.1321722428308458,9.1505139131769315,0.015622938211481594,-1.8949268671611507e-15,-0.031245876422962331,0.031245876422962331,0.10097194828922817,0.30945105994647509,4.6078592330633938e-19,5,3.0476103081811032e-11,2.0098328224662321e-14,260,1.25390625,2
105,10.5,4.215391374074295e-14,7.6522121972288915e-14,1.504574303390361e-14,0.019079035880938112,9.1314348772959928,9.1505139131769315,0.015401691435906419,-1.9288088998525355e-15,-0.030803382871811922,0.030803382871811922,0.09943526126604102,0.30978329497618412,-1.9718927012080112e-18,5,3.3536422114468934e-11,2.313361060871912e-14,232,1.2265625,2
106,10.600000000000001,5.0819982594568145e-14,8.9192542240823514e-14,1.4642281626438724e-14,0.019132534541793124,9.1313813786351385,9.1505139131769315,0.014776370030288664,-2.0068657966755431e-15,-0.029552740060576392,0.029552740060576392,0.09792196100568494,0.30179889942012789,-9.7578195523695399e-19,5,4.4441642872112955e-11,2.306596248654281e-14,228,1.22265625,2
107,10.700000000000001,4.5919399925754004e-14,9.5090602059144658e-14,1.4599383716681915e-14,0.016273075941855369,9.1342408372350743,9.1505139131769297,0.013736597556679513,-2.067569394258699e-15,-0.027473195113358079,0.027473195113358079,0.09643169158618789,0.28489799008454936,-6.0986372202309624e-19,5,5.4869927341544785e-11,2.2599582006795376e-14,240,1.234375,2
108,10.800000000000001,4.0580688347965534e-14,1.0288991880713638e-13,1.4785740491717509e-14,0.011908495089446766,9.1386054180874829,9.1505139131769297,0.012281479141691216,-2.1546039659554754e-15,-0.024562958283381453,0.024562958283381453,0.094964102502336487,0.25865519323764585,-4.0657581468206416e-19,5,4.3226805956770372e-11,2.5433830199891406e-14,248,1.2421875,2
109,10.9,3.6751069531455363e-14,9.4493857183408636e-14,1.4625440284004975e-14,0.0082015274542471418,9.1423123857226827,9.1505139131769297,0.010427494385052647,-2.2684517107823951e-15,-0.020854988770104294,0.020854988770104294,0.09351884858323864,0.22300305324591141,-7.589415207398531e-19,5,4.2142046260605347e-11,2.591229650367837e-14,248,1.2421875,2
110,11,3.4952056928297669e-14,8.1094853054963778e-14,1.4390779678063243e-14,0.0062288627116961169,9.144285050465232,9.150513913176928,0.0082110715864528866,-2.3589083728224006e-15,-0.016422143172904705,0.016422143172904705,0.09209558991114071,0.17831628190611259,0,5,4.5559527870581972e-11,2.7930686879194535e-14,222,1.216796875,2
111,11.100000000000001,3.1379043850134411e-14,7.0062011747751285e-14,1.4426010073105867e-14,0.0062586644655750695,9.1442552487113531,9.150513913176928,0.0056732412768756109,-2.4897683112956785e-15,-0.011346482553750179,0.011346482553750179,0.09069399174148042,0.12510732338359162,1.5178830414797062e-18,5,4.3335031878355243e-11,2.9504172631659387e-14,262,1.255859375,2
112,11.200000000000001,2.4233447500625099e-14,4.9724113715399199e-14,1.4718435912421805e-14,0.0063259180178503,9.1441879951590774,9.150513913176928,0.0028720517696755902,-2.6335746746877549e-15,-0.0057441035393501847,0.0057441035393501847,0.08931372442415618,0.064313783535339938,1.1926223897340549e-18,5,5.3116936073437355e-11,2.9171347812205061e-14,242,1.236328125,2
113,11.300000000000001,3.2178867257257428e-14,6.411537967210279e-14,1.4549779686546596e-14,0.0061262544682214731,9.1443876587087054,9.1505139131769262,0.00011789670951773204,-2.7808637693126092e-15,0.0002357934190365253,0.0002357934190365253,0.087954463325994783,0.0026808579135157657,-2.1684043449710089e-19,5,4.2909563343959557e-11,2.8718571578562069e-14,236,1.23046875,2
114,11.4,4.2814450368674772e-14,7.7979289692109433e-14,1.3760373567724646e-14,0.0061899438687420434,9.1443239693081839,9.1505139131769262,0.0032281129842103087,-2.9244218778023944e-15,0.0064562259684216739,0.0064562259684216739,0.08661588875439899,0.074538587102978601,-2.1684043449710089e-19,5,4.1180134146670354e-11,2.825484593995219e-14,226,1.220703125,2
115,11.5,5.0773105019884612e-14,9.2710561450104478e-14,1.305267316601477e-14,0.0071941752368623376,9.1433197379400628,9.1505139131769244,0.0063756475073796582,-3.0494373131223412e-15,0.012751295014760342,0.012751295014760342,0.085297685882157248,0.14949168764527626,5.8953493128899304e-19,5,5.1280893091977167e-11,2.8260793551651602e-14,274,1.267578125,2
116,11.600000000000001,4.9203266475102644e-14,9.536121892139704e-14,1.2914038348058095e-14,0.0078672986400272604,9.1426466145368988,9.1505139131769262,0.0094702437639991865,-3.2161347569336381e-15,0.018940487527999456,0.018940487527999456,0.0839995446733975,0.22548321662507623,5.1499603193061461e-19,5,5.0104298369244649e-11,3.0853198666457247e-14,232,1.2265625,2
117,11.700000000000001,3.572635024063936e-14,8.008871343889723e-14,1.3198962625066797e-14,0.010852979613280831,9.1396609335636452,9.1505139131769262,0.01242903266701964,-3.3540281744281691e-15,0.024858065334040315,0.024858065334040315,0.08272115981066816,0.30050431341793743,-7.589415207398531e-19,5,4.877551054447769e-11,3.5389167371133762e-14,244,1.23828125,2
118,11.800000000000001,2.5256119786983195e-14,5.5207574622961886e-14,1.2472654584362419e-14,0.016176590913358307,9.1343373222635673,9.1505139131769262,0.015174348988321745,-3.5174861658391573e-15,0.030348697976644471,0.030348697976644471,0.081462230623128615,0.37254931204925684,-7.589415207398531e-19,5,5.8545102210554092e-11,3.8038227647151439e-14,236,1.23046875,2
119,11.9,3.3783834931723653e-14,7.9498907457065116e-14,1.1322001850968259e-14,0.023207960075633353,9.1273059531012919,9.1505139131769244,0.017630909293750122,-3.6414511388037625e-15,0.035261818587501173,0.035261818587501173,0.080222461015832691,0.43955044685729483,1.1926223897340549e-18,5,5.3281820370697437e-11,3.8592009068926849e-14,250,1.244140625,2
120,12,3.6684121442125157e-14,8.1747109081931058e-14,1.0465967353549062e-14,0.030862755461208924,9.1196511577157153,9.1505139131769244,0.019725758341703932,-3.7667918857314069e-15,0.039451516683408738,0.039451516683408738,0.079001559400088434,0.49937642981974578,2.7105054312137611e-19,5,5.8553757072495335e-11,3.2095237599124215e-14,224,1.21875,2
121,12.100000000000001,3.7125535879675164e-14,7.3736156069870162e-14,1.0382128559206601e-14,0.034763982574912845,9.1157499306020107,9.1505139131769226,0.021407068395481604,-3.9017926680971754e-15,0.042814136790964061,0.042814136790964061,0.077799238624877462,0.55031562708987236,9.7578195523695399e-19,5,6.0703442346533958e-11,2.5117376617710088e-14,250,1.244140625,2
122,12.200000000000001,4.0517254587461608e-14,8.0241369104783189e-14,1.0396545280387593e-14,0.036017908010416939,9.1144960051665063,9.1505139131769226,0.022628700908195232,-3.9807781729377317e-15,0.045257401816391173,0.045257401816391173,0.076615215909318524,0.59071036058891568,1.2468324983583301e-18,5,2.8465870255805311e-11,1.6311362259501358e-14,232,1.2265625,2
123,12.300000000000001,4.9208066309489047e-14,1.1152190282359697e-13,1.0043251790334615e-14,0.037883042420981283,9.1126308707559414,9.1505139131769226,0.02336102714906645,-4.0093679621234947e-15,0.046722054298133503,0.046722054298133503,0.075449212776158306,0.61925171355661268,2.7105054312137611e-18,5,2.347450993783327e-11,1.7984490564413392e-14,246,1.240234375,2
124,12.4,6.3645459620774111e-14,1.4642453916025033e-13,9.7930821311894103e-15,0.039549483026756461,9.1109644301501653,9.1505139131769226,0.023579384685494028,-4.0626468418419607e-15,0.04715876937098859,0.04715876937098859,0.074300954986274939,0.63469937068372639,4.6620693416876691e-18,5,3.7632208737813601e-11,2.6341661256113887e-14,256,1.25,2
125,12.5,5.1490575477851528e-14,1.1896039708858552e-13,1.0699915171160565e-14,0.03781447307264911,9.112699440104274,9.1505139131769226,0.023289340716823193,-4.0426923929875241e-15,0.046578681433646907,0.046578681433646907,0.073170172474177952,0.63658017821516977,2.1684043449710089e-18,5,4.6942149885333951e-11,3.1222500273760687e-14,236,1.23046875,2
126,12.600000000000001,3.6331365215856586e-14,5.8664878510583662e-14,1.1154593499099192e-14,0.032907128653855353,9.1176067845230673,9.1505139131769226,0.022498920020043917,-4.0471977632831156e-15,0.044997840040088222,0.044997840040088222,0.072056599284490069,0.62447909680597224,2.1684043449710089e-18,5,3.3722736889041777e-11,3.0121473718568213e-14,238,1.232421875,2
127,12.700000000000001,3.3844044066595866e-14,6.5051262987392278e-14,1.0529445018873919e-14,0.032773399392852336,9.1177405137840708,9.1505139131769226,0.021238282171270266,-4.0188261993887872e-15,0.042476564342541032,0.042476564342541032,0.070959973509395605,0.59859893178957901,7.0473141211557788e-19,5,4.1881302303370484e-11,3.6061231969662258e-14,248,1.2421875,2
128,12.800000000000001,4.6529218919112052e-14,1.2049389264134902e-13,9.0393636937345886e-15,0.034026881631594223,9.1164870315453292,9.1505139131769226,0.019559465658706688,-3.9636735206579851e-15,0.039118931317413869,0.039118931317413869,0.069880037227040795,0.55980123751674815,1.7347234759768071e-18,5,4.4533253116426263e-11,2.9510496387628014e-14,238,1.232421875,2
129,12.9,4.8038893288726424e-14,1.2360858864246538e-13,7.4642412805067932e-15,0.029610777980247357,9.1209031351966754,9.1505139131769226,0.017508931128572783,-3.8633129609795257e-15,0.035017862257145885,0.035017862257145885,0.068816536440871615,0.50885824931386736,5.4210108624275222e-19,5,3.7557765287755158e-11,2.1097987349094849e-14,270,1.263671875,2
130,13,5.0781999905159985e-14,8.3072437817577338e-14,7.2814882039713185e-15,0.022158980303408512,9.1283549328735134,9.1505139131769226,0.015153619252511994,-3.7800595120990274e-15,0.030307238505024328,0.030307238505024328,0.06776922101989491,0.44721243728221516,1.4094628242311558e-18,5,2.5387301118062282e-11,1.8361178919011569e-14,222,1.216796875,2
131,13.100000000000001,5.5983825637563497e-14,9.4479979395600822e-14,8.310715783287679e-15,0.016377676319777237,9.1341362368571453,9.1505139131769226,0.012564848451309257,-3.6693382453618419e-15,0.025129696902618931,0.025129696902618931,0.066737844639848512,0.37654342956731085,1.8431436932253575e-18,5,3.7428860859247879e-11,2.8311907255870507e-14,246,1.240234375,2
132,13.200000000000001,5.4785329325640274e-14,9.2328922285389581e-14,9.9384667928702654e-15,0.01133459522397085,9.1391793179529515,9.1505139131769226,0.0098146917094919985,-3.5093189264398804e-15,0.019629383418984375,0.019629383418984375,0.065722164725266985,0.29867219835255715,3.0357660829594124e-18,5,3.963580810926742e-11,3.0898785170570121e-14,246,1.240234375,2
133,13.300000000000001,4.9120415349844253e-14,1.3608211779647661e-13,1.0961948101991165e-14,0.0080941684656197499,9.1424197447113009,9.1505139131769209,0.0069888725853937614,-3.3204696087977509e-15,0.013977745170787894,0.013977745170787894,0.064721942392428636,0.21596609517737608,1.0842021724855044e-18,5,4.2147282453537875e-11,3.6211410807619692e-14,240,1.234375,2
134,13.4,5.2129581346023064e-14,1.4636208911511517e-13,1.0827246289173993e-14,0.0079328262333610011,9.1425810869435598,9.1505139131769209,0.0041678794491633343,-3.1168345274202203e-15,0.0083357588983272585,0.0083357588983272585,0.063736942393171195,0.13078379014334951,1.5178830414797062e-18,5,5.9547812606661907e-11,3.7330659967902302e-14,240,1.234375,2
135,13.5,6.6705193496771045e-14,1.1546319456101628e-13,9.6546234148738281e-15,0.0089205566630273861,9.1415933565138925,9.1505139131769191,0.0014273152115312788,-2.9343837128418031e-15,0.0028546304230631378,0.0028546304230631378,0.062766933059562435,0.045479845579745749,1.3010426069826053e-18,5,5.8182603232611062e-11,3.4144229133264017e-14,240,1.234375,2
136,13.600000000000001,6.801344354744633e-14,1.2256862191861728e-13,9.7095883856017569e-15,0.0095784596314393185,9.140935453545481,9.1505139131769209,0.0011583681801281072,-2.7141954528259244e-15,-0.0023167363602554485,0.0023167363602554485,0.061811686249412731,0.03748055587591189,1.6127507315721878e-18,5,6.1738444722956442e-11,3.3122613877291536e-14,250,1.244140625,2
137,13.700000000000001,5.6699116407015298e-14,1.1396439347777232e-13,1.1783183624036839e-14,0.01026942973938548,9.1402444834375345,9.1505139131769191,0.0035346164013612905,-2.4684127178199227e-15,-0.0070692328027217883,0.0070692328027217883,0.060870977292617041,0.11613470190791902,2.1684043449710089e-19,5,4.4053659308679627e-11,3.0074079707083535e-14,212,1.20703125,2
138,13.800000000000001,3.1891407026641445e-14,7.2858385991025898e-14,1.3046007248178007e-14,0.013074959348842232,9.1374389538280774,9.1505139131769191,0.0056485478938151723,-2.162744202007323e-15,-0.011297095787629691,0.011297095787629691,0.059944584938313387,0.18845898756751903,-1.2739375526704677e-18,5,3.568048375746578e-11,2.9343364923993805e-14,240,1.234375,2
139,13.9,4.8456096559403885e-14,1.1429746038515987e-13,1.2480736258672267e-14,0.017528817790543078,9.1329850953863758,9.1505139131769191,0.0074588720698321445,-1.8412095675667758e-15,-0.014917744139663618,0.014917744139663618,0.059032291302845624,0.25270481308497872,-2.6020852139652106e-18,5,4.4045975561801086e-11,2.9812667677693157e-14,252,1.24609375,2
140,14,6.8854283234742056e-14,1.2237433288930788e-13,1.1699186301572346e-14,0.019273287861253298,9.1312406253156659,9.1505139131769191,0.0089403890728475908,-1.5162643153618331e-15,-0.017880778145694571,0.017880778145694571,0.058133881818517946,0.30757929087747299,-2.1684043449710089e-18,5,4.1541953476598259e-11,2.2170162152384044e-14,266,1.259765625,2
141,14.100000000000001,6.841970007676811e-14,1.2387313397255184e-13,1.3042309586538238e-14,0.020683917167460153,9.1298299960094589,9.1505139131769191,0.010080012284111336,-1.1854617052261221e-15,-0.0201600245682221,0.0201600245682221,0.057249145183129638,0.35214542511916702,-2.3310346708438345e-18,5,3.0788561232801997e-11,1.8561784220107934e-14,244,1.23828125,2
142,14.200000000000001,4.6891895052195281e-14,1.0287604101932857e-13,1.5954222289750915e-14,0.020264484629401024,9.1302494285475166,9.1505139131769173,0.010874727364227812,-8.072745274671171e-16,-0.021749454728455162,0.021749454728455162,0.056377873310277646,0.38577997805550873,-1.9922214919421144e-18,5,3.7440970266725661e-11,1.877432954344722e-14,240,1.234375,2
143,14.300000000000001,3.813621033029388e-14,8.2982232196826544e-14,1.7616680354366968e-14,0.019070250020642499,9.1314436631562756,9.1505139131769173,0.011334560711874043,-4.2494301244886881e-16,-0.022669121423747617,0.022669121423747617,0.05551986128041534,0.4083065213231028,-1.0570971181733668e-18,5,2.8677995334957003e-11,1.5858230251249505e-14,244,1.23828125,2
144,14.4,6.9099625148682284e-14,1.3354942152155047e-13,1.6648184851671124e-14,0.017970982496225366,9.1325429306806942,9.1505139131769191,0.0114854995367006,2.3716045419721571e-17,-0.022970999073400781,0.022970999073400781,0.054674907292656477,0.42013786965279543,-1.0299920638612292e-18,5,2.5373690085646144e-11,1.5418239371637841e-14,202,1.197265625,2
145,14.5,9.0259271422191626e-14,1.5360455962731834e-13,1.4653717986091293e-14,0.018521652368243938,9.1319922608086745,9.1505139131769191,0.011359990578872213,4.6174055361878796e-16,-0.022719981157743978,0.022719981157743978,0.053842812617312386,0.42196869096022471,-1.2739375526704677e-18,5,2.765560000000648e-11,1.6953221823165797e-14,280,1.2734375,2
146,14.600000000000001,7.6966533825381541e-14,1.4578616092109087e-13,1.549208958339848e-14,0.015308157104700912,9.1352057560722173,9.1505139131769191,0.010999484850738189,8.7209400302623255e-16,-0.02199896970147603,0.02199896970147603,0.053023381549151566,0.41489186579100856,-4.8111471404044259e-19,5,4.2131128525508256e-11,1.7195653159864431e-14,234,1.228515625,2
147,14.700000000000001,4.5657905102551454e-14,8.9317442331093844e-14,1.7637257931491068e-14,0.011204821313348911,9.13930909186357,9.1505139131769191,0.010453004334708365,1.3826503203190065e-15,-0.020906008669416436,0.020906008669416436,0.052216421361370634,0.40037229906533894,-1.5720931501039814e-18,5,2.244821476012046e-11,1.5220076188164732e-14,258,1.251953125,2
148,14.800000000000001,3.4807157705458005e-14,7.5564554613549717e-14,1.8540892172285069e-14,0.011136498294060593,9.1393774148828584,9.1505139131769191,0.0097667861587692265,1.8468545360576814e-15,-0.019533572317538214,0.019533572317538214,0.051421742260265774,0.37986990442041185,-1.5178830414797062e-18,5,2.5384608182518887e-11,1.9758116793631457e-14,230,1.224609375,2
149,14.9,5.3778492106543149e-14,1.0980105713542798e-13,1.8427573951330559e-14,0.014080130894420595,9.1364337822824986,9.1505139131769191,0.009002566478439316,2.3472443277238009e-15,-0.018005132956878528,0.018005132956878528,0.05063915734059405,0.35555751522044005,-1.3010426069826053e-18,5,3.4768396373079011e-11,2.0780376346221875e-14,220,1.21484375,2
150,15,6.6472060819428598e-14,1.4283019211802639e-13,1.9001844857907875e-14,0.016002483975704113,9.1345114292012148,9.1505139131769191,0.0082145979738819687,2.8421581670977696e-15,-0.016429195947763799,0.016429195947763799,0.049868482541614023,0.32945048877422806,-3.903127820947816e-18,5,3.6796380725998842e-11,1.7114844159117089e-14,280,1.2734375,2
151,15.100000000000001,5.5806387737411824e-14,1.1357581541915351e-13,2.0485162011115053e-14,0.014726297942015118,9.1357876152349053,9.1505139131769209,0.0074552645818317465,3.3347877792971166e-15,-0.014910529163663358,0.014910529163663358,0.049109536603795488,0.30361779391155935,-2.5207700510287978e-18,5,3.6323531122260422e-11,1.7761351869406214e-14,210,1.205078125,2
152,15.200000000000001,5.1558019517130673e-14,1.2831055662410051e-13,2.1595854309041163e-14,0.012792438775180784,9.1377214744017401,9.1505139131769209,0.0067618880968812771,3.8226918784902506e-15,-0.013523776193762611,0.013523776193762611,0.048362141026187938,0.27963559732476551,-3.0357660829594124e-18,5,3.4120071901978765e-11,2.3549694817009567e-14,256,1.25,2
153,15.300000000000001,6.82610061468496e-14,1.3841705559514139e-13,2.1297731390849361e-14,0.011883122414479299,9.1386307907624413,9.1505139131769209,0.0061811214208453797,4.3455241629555128e-15,-0.012362242841690929,0.012362242841690929,0.047626120024437911,0.25956854842148841,-1.0842021724855044e-18,5,4.2870202624025219e-11,2.8682817659669074e-14,238,1.232421875,2
154,15.4,8.223548001377137e-14,1.7181915612507481e-13,2.0247628801010651e-14,0.012573707486096269,9.1379402056908248,9.1505139131769209,0.0057435774148962161,4.7977179046911394e-15,-0.011487154829792677,0.011487154829792677,0.046901300489445186,0.24492188297375211,-2.0599841277224584e-18,5,4.5827858212417089e-11,2.4838876789804498e-14,246,1.240234375,2
155,15.5,8.4325275343175109e-14,1.9412943474961253e-13,1.9924928728342802e-14,0.012493225418576077,9.1380206877583436,9.1505139131769191,0.0054755230615966006,5.2630898366633733e-15,-0.010951046123193545,0.010951046123193545,0.046187511946648295,0.23709971941859997,-2.4936649967166602e-18,5,5.3253323922952065e-11,2.2501136799287604e-14,248,1.2421875,2
156,15.600000000000001,6.5488536249517391e-14,1.558961293390837e-13,2.1119841412338892e-14,0.011260748505023045,9.1392531646718975,9.1505139131769209,0.0053861791920967982,5.7376036856417669e-15,-0.010772358384193978,0.010772358384193978,0.045484586515929563,0.23683535916988702,-1.0638733817514012e-18,5,3.7147055436874118e-11,2.1780192151927832e-14,222,1.216796875,2
157,15.700000000000001,4.1146503766717364e-14,8.2925853683857298e-14,2.2590602561157155e-14,0.010805044302032456,9.1397088688748891,9.1505139131769209,0.0054783995988492117,6.1960074307971833e-15,-0.010956799197698859,0.010956799197698859,0.044792358872130407,0.24461313209642385,-6.5052130349130266e-19,5,3.4598939743473344e-11,2.2993878869132041e-14,244,1.23828125,2
158,15.800000000000001,3.1004475154683572e-14,8.9952351123301355e-14,2.3235422682036442e-14,0.01178279921622102,9.1387311139607004,9.1505139131769209,0.0057406629447609488,6.5797942850095937e-15,-0.011481325889522387,0.011481325889522387,0.044110666206167604,0.26028457234946623,4.87890977618477e-19,5,3.4887856636838953e-11,2.7567775634270443e-14,262,1.255859375,2
159,15.9,4.8661441139051973e-14,1.0614426004806887e-13,2.2850090669102557e-14,0.014652866704397187,9.1358610464725238,9.1505139131769209,0.0061517890177081747,6.941543030138168e-15,-0.012303578035416898,0.012303578035416898,0.043439348186741125,0.28323578849583858,-4.3368086899420177e-19,5,4.0108839979016309e-11,2.4998610300390046e-14,252,1.24609375,2
160,16,6.1749798393026912e-14,1.2831402607105247e-13,2.2518865654818384e-14,0.01799199308419433,9.1325219200927279,9.1505139131769226,0.0066764816198558782,7.2637990028313634e-15,-0.013352963239712341,0.013352963239712341,0.042778246922625031,0.31214376932894083,-6.5052130349130266e-19,5,2.5132223536386805e-11,1.7622576099753899e-14,218,1.212890625,2
161,16.100000000000001,6.380952725680271e-14,1.0992595722569831e-13,2.2741331979030079e-14,0.020917277835841738,9.1295966353410805,9.1505139131769226,0.0072756838106437993,7.5563614795111856e-15,-0.014551367621288233,0.014551367621288233,0.042127206925532033,0.34541496299554308,-2.6156377411212794e-18,5,3.1649857279535817e-11,1.5412019311852162e-14,268,1.26171875,2
162,16.199999999999999,5.6908086224168645e-14,1.2322087794558456e-13,2.365280847568699e-14,0.020908560346353317,9.1296053528305681,9.1505139131769209,0.0079064426147586186,7.8023682711476113e-15,-0.015812885229517931,0.015812885229517931,0.041486075073543287,0.38116127402956484,-8.1315162936412833e-19,5,2.873612299953307e-11,1.5012245255186772e-14,232,1.2265625,2
163,16.300000000000001,5.2641001832045966e-14,1.0777490011548707e-13,2.4266492081134149e-14,0.019607414326504612,9.1309064988504165,9.1505139131769209,0.0085178833693666453,7.9872094556305909e-15,-0.017035766738734026,0.017035766738734026,0.040854700575094764,0.41698425147972124,-6.5052130349130266e-19,5,2.1872763581084354e-11,1.4023787231716343e-14,248,1.2421875,2
164,16.400000000000002,6.6965425693373307e-14,1.4713230633844887e-13,2.3631495039372374e-14,0.01649286548908125,9.1340210476878401,9.1505139131769209,0.0090659618377157102,8.1144737703875157e-15,-0.018131923675432191,0.018131923675432191,0.04023293493351169,0.45067365096274287,-1.8431436932253575e-18,5,2.6025990227336983e-11,1.2171461212559868e-14,214,1.208984375,2
165,16.5,7.471169218566445e-14,1.6194857954676678e-13,2.3095437339500558e-14,0.011469785465579967,9.1390441277113421,9.1505139131769226,0.0095012521911817492,8.1671315130176915e-15,-0.019002504382364293,0.019002504382364293,0.039620631912082781,0.47961134048872284,-6.2341624917916505e-19,5,3.4219180348876333e-11,1.9832301285053612e-14,262,1.255859375,2
166,16.600000000000001,6.8093155864441224e-14,1.4491186028919856e-13,2.3588821173989569e-14,0.0087813785865602061,9.1417325345903624,9.1505139131769226,0.009775268029047943,8.1927357538372457e-15,-0.019550536058096736,0.019550536058096736,0.039017647499665832,0.50106906261491491,-2.439454888092385e-19,5,3.4979992082971237e-11,2.7508793780746705e-14,266,1.259765625,2
167,16.699999999999999,4.6478490951787467e-14,9.0386031992295557e-14,2.4547623911601211e-14,0.0099930414467920472,9.1405208717301303,9.1505139131769226,0.0098490711619820554,8.1018189784618117e-15,-0.01969814232396495,0.01969814232396495,0.038423839876817169,0.51265418519115069,-8.1315162936412833e-19,5,4.2800286658930099e-11,3.0243702802764643e-14,220,1.21484375,2
168,16.800000000000001,3.345930716918026e-14,7.1234684817511607e-14,2.4654272819261618e-14,0.010516363937290076,9.1399975492396308,9.1505139131769209,0.0096952237264679858,7.9159027562388297e-15,-0.019390447452936777,0.019390447452936777,0.037839069382435954,0.5124451464955263,6.5052130349130266e-19,5,4.213899866666202e-11,2.8140844905619223e-14,228,1.22265625,2
169,16.900000000000002,5.2346592379539908e-14,8.507083926190262e-14,2.359038438555562e-14,0.013175826945343057,9.1373380862315781,9.1505139131769209,0.0092902404430743549,7.6634901858326279e-15,-0.018580480886149553,0.018580480886149553,0.037263198480916741,0.49862818125140285,-1.0028870095490916e-18,5,3.5010603981234804e-11,2.4489496365622348e-14,286,1.279296875,2
170,17,7.3133868284000614e-14,1.2367884494324244e-13,2.2142502495045892e-14,0.017404936615482293,9.1331089765614397,9.1505139131769226,0.0086121605871453556,7.382369449812103e-15,-0.017224321174291558,0.017224321174291558,0.036696091729801608,0.46937753756221817,-1.4094628242311558e-18,5,3.7866968127667368e-11,2.2141589205863245e-14,222,1.216796875,2
171,17.100000000000001,7.4736514618474032e-14,1.3497536421880341e-13,2.1919975486657668e-14,0.020942252061168856,9.1295716611157527,9.1505139131769209,0.0076630901227109889,6.999593686441969e-15,-0.015326180245422913,0.015326180245422913,0.036137615747924491,0.42410601607836146,-2.8189256484623115e-18,5,3.9308096872097771e-11,1.6466734225272395e-14,224,1.21875,2
172,17.199999999999999,5.9528273202684849e-14,1.0841327835464654e-13,2.3095137719671363e-14,0.021605732253489128,9.1289081809234318,9.1505139131769209,0.0064536405083423154,6.5704466918681133e-15,-0.012907281016685597,0.012907281016685597,0.035587639184040745,0.36269000452476935,-3.1441863002079629e-18,5,3.7175587638503209e-11,1.7477833032122413e-14,264,1.2578125,2
173,17.300000000000001,4.8184856071974778e-14,1.1379786002407855e-13,2.3829262528865006e-14,0.021426416771297661,9.1290874964056226,9.1505139131769209,0.0049889493017753897,6.116794160091301e-15,-0.0099778986035516763,0.0099778986035516763,0.035046032685933613,0.28470836322527582,-3.6862873864507151e-18,5,2.7906433666316165e-11,1.8841427353886095e-14,256,1.25,2
174,17.400000000000002,5.6205825287415799e-14,1.1193823645783141e-13,2.3041539192362567e-14,0.021612596852431144,9.1289013163244892,9.1505139131769209,0.0033011636734519957,5.5965239344277829e-15,-0.0066023273469048589,0.0066023273469048589,0.034512668869991353,0.19130155861824871,-4.4452289071905682e-18,5,3.6291175204845112e-11,2.5742454511820401e-14,232,1.2265625,2
175,17.5,7.0420739667149605e-14,1.6321666240770583e-13,2.1130029712537368e-14,0.018644719204546828,9.1318691939723742,9.1505139131769209,0.0014336214674348586,5.0461224516043289e-15,-0.0028672429348705576,0.0028672429348705576,0.033987422291247002,0.084361882766524982,-1.5178830414797062e-18,5,4.7747685112661351e-11,2.9166887748769349e-14,234,1.228515625,2
176,17.600000000000001,7.1122060728455174e-14,1.85268467234323e-13,2.0314838839068113e-14,0.01334067861409537,9.1371732345628267,9.1505139131769226,0.00056682766986008298,4.4678062404534035e-15,0.0011336553397192531,0.0011336553397192531,0.033470169413874186,0.033870618511100986,-2.6020852139652106e-18,5,3.9181883009546468e-11,2.9169448857032581e-14,250,1.244140625,2
177,17.699999999999999,5.2432822034529502e-14,1.4668821712859881e-13,2.0882640688256641e-14,0.0089121927337617538,9.1416017204431608,9.1505139131769226,0.002646715016235467,3.8820922293046944e-15,0.0052934300324700865,0.0052934300324700865,0.032960788582132215,0.16059779696349902,-2.8189256484623115e-18,5,4.0219861699469169e-11,3.4290513344851404e-14,218,1.212890625,2
178,17.800000000000001,3.5355808112566031e-14,7.5328632220816871e-14,2.1123755332771795e-14,0.0086182568558316949,9.1418956563210916,9.1505139131769226,0.004738944144663782,3.2868638568914384e-15,0.0094778882893267469,0.0094778882893267469,0.032459159991752903,0.29199425652835292,-2.2226144535952841e-18,5,3.7119078529836959e-11,3.3400449215337554e-14,282,1.275390625,2
179,17.900000000000002,5.7240607105177956e-14,1.1286804824095498e-13,1.9698069452318171e-14,0.012265619538938724,9.1382482936379859,9.1505139131769244,0.0067781913230019015,2.7196114484242233e-15,0.01355638264600297,0.01355638264600297,0.031965165661763287,0.42409862002433191,-2.1684043449710089e-18,5,3.964443667318317e-11,3.2102451992939591e-14,222,1.216796875,2
180,18,7.7863633874386697e-14,1.6592283103022964e-13,1.7534909251826286e-14,0.013176679756945553,9.1373372334199789,9.1505139131769244,0.0087015293129257178,2.184649398050155e-15,0.017403058625850495,0.017403058625850495,0.03147868940673694,0.55285207084021626,-2.0599841277224584e-18,5,4.5872418073579e-11,3.0241723647044286e-14,238,1.232421875,2
181,18.100000000000001,7.8881381714618111e-14,1.7047474543119279e-13,1.6901454181119712e-14,0.013644636795990135,9.1368692763809332,9.1505139131769226,0.010444195692623059,1.6718428730866221e-15,0.020888391385245241,0.020888391385245241,0.030999616809467546,0.6738274061137991,-2.0599841277224584e-18,5,3.2103519346334273e-11,2.6017202183329761e-14,228,1.22265625,2
182,18.199999999999999,5.8750761073050764e-14,1.215277878330312e-13,1.7927791643340475e-14,0.016523325771257102,9.1339905874056679,9.1505139131769244,0.011951440420001062,1.2000350002934395e-15,0.023902880840001299,0.023902880840001299,0.030527835194058588,0.78298643477521601,-2.5478751053409354e-18,5,3.3639335231744145e-11,2.7508643232226513e-14,248,1.2421875,2
183,18.300000000000001,4.3463563741884889e-14,9.2176266619503622e-14,1.8257756993526297e-14,0.019679448073309132,9.1308344651036162,9.1505139131769262,0.013175256182364769,7.9657317924979216e-16,0.02635051236472866,0.02635051236472866,0.030063233599422312,0.87650293098327936,-2.7105054312137611e-18,5,4.0253831739384746e-11,2.6443896965387586e-14,234,1.228515625,2
184,18.400000000000002,5.9627228357749065e-14,1.5598633495983449e-13,1.6445956414612122e-14,0.019805311047715386,9.130708602129209,9.1505139131769244,0.014080394463136215,4.5877271466964129e-16,0.028160788926271496,0.028160788926271496,0.029605702753182275,0.95119474653391001,-1.5382118322138094e-18,5,3.7883075711709974e-11,2.4197661821921178e-14,264,1.2578125,2
185,18.5,7.3577081746475133e-14,1.6853185513809876e-13,1.4186964610446992e-14,0.021490223973276327,9.1290236892036489,9.1505139131769244,0.014628826090598564,2.3819188975519643e-16,0.029257652181196261,0.029257652181196261,0.029155135045972808,1.0035162634322152,-2.1141942363467336e-18,5,2.8536055069082441e-11,2.2068243902521169e-14,252,1.24609375,2
186,18.600000000000001,6.7597160788202343e-14,1.3020140521291523e-13,1.3763899832959965e-14,0.024800288636959433,9.1257136245399657,9.1505139131769244,0.014808250108741941,2.6078105216699467e-17,0.029616500217483077,0.029616500217483077,0.028711424506129773,1.031523190747992,-1.3823577699190182e-18,5,3.5698718943454677e-11,2.1716908901718365e-14,222,1.216796875,2
187,18.699999999999999,4.6088717548108092e-14,1.0159234564710573e-13,1.4841745843006473e-14,0.026164661477819127,9.1243492516991047,9.1505139131769244,0.014616525105198241,-1.6694086627776233e-16,0.029233050210395756,0.029233050210395756,0.028274466774766551,1.0339027944634729,-1.1926223897340549e-18,5,3.8914237406016383e-11,2.0399438489982505e-14,222,1.216796875,2
188,18.800000000000001,4.3862044441592521e-14,7.2657158067812588e-14,1.4690594812074512e-14,0.025445515910076173,9.1250683972668476,9.1505139131769244,0.014056638169285226,-3.1271907618490009e-16,0.028113276338569589,0.028113276338569589,0.027844159081229104,1.0096651242565953,-2.3852447794681098e-18,5,3.454355052812972e-11,1.6680772290579468e-14,274,1.267578125,2
189,18.900000000000002,6.9731961511488049e-14,1.4349632593280148e-13,1.2282037762903372e-14,0.024344578315260667,9.1261693348616628,9.1505139131769226,0.013148355273157171,-3.5177299023012261e-16,0.026296710546313537,0.026296710546313537,0.027420400218924879,0.9590199390366374,-2.608861477543245e-18,5,2.942499823428169e-11,1.9384649372501039e-14,238,1.232421875,2
190,19,8.0470582596648893e-14,1.5393242236427795e-13,9.6958645146557345e-15,0.024234868353391559,9.1262790448235318,9.1505139131769226,0.011921885780252337,-4.14606642570682e-16,0.023843771560503921,0.023843771560503921,0.027003090521519404,0.88300157870826868,-2.4123498337802474e-18,5,3.627844115271956e-11,2.4882432124039196e-14,240,1.234375,2
191,19.100000000000001,7.211170836309059e-14,1.2798095916366492e-13,1.0550963562725838e-14,0.023639888255285554,9.1268740249216389,9.1505139131769244,0.010426970842166559,-3.6986226517580835e-16,0.020853941684332356,0.020853941684332356,0.026592131839495107,0.78421473728404545,-1.7347234759768071e-18,5,3.4825048536511674e-11,2.6148805988142614e-14,230,1.224609375,2
192,19.200000000000003,4.9140292403178766e-14,8.0102591226705044e-14,1.2969290884541921e-14,0.023253546232538103,9.1272603669443857,9.1505139131769244,0.0087118030711212692,-3.2285215983146511e-16,0.017423606142242004,0.017423606142242004,0.026187427517067031,0.66534241024195995,-1.4094628242311558e-18,5,3.4455363689965006e-11,2.5923308511434453e-14,264,1.2578125,2
193,19.300000000000001,3.7758599115451454e-14,6.9666494795228573e-14,1.37578986413506e-14,0.024913247339095116,9.1256006658378279,9.1505139131769226,0.0068374958720996658,-1.7924963259122187e-16,0.013674991744198901,0.013674991744198901,0.0257888823694498,0.53026694016017784,-1.5178830414797062e-18,5,4.2785727676582149e-11,3.3229230847488815e-14,228,1.22265625,2
194,19.400000000000002,5.6660103794388885e-14,1.3301859613790157e-13,1.1570710525956965e-14,0.026723222532986923,9.1237906906439363,9.1505139131769226,0.0048698741703531723,-5.499782437899519e-18,0.009739748340706126,0.009739748340706126,0.025396402660470458,0.38350897451575139,-2.0599841277224584e-18,5,4.9402121718012141e-11,3.2571437138360681e-14,238,1.232421875,2
195,19.5,6.7105257861857303e-14,1.3383738561856262e-13,9.0720759669250324e-15,0.025281009529173063,9.1252329036477509,9.1505139131769244,0.0028846132964795877,2.1125994993394494e-16,0.0057692265929589204,0.0057692265929589204,0.025009896080522225,0.2306777514942179,-9.7578195523695399e-19,5,5.4860906648063993e-11,2.6204244450154114e-14,260,1.25390625,2
196,19.600000000000001,6.3502082578987161e-14,1.2603112997666699e-13,9.4588610545527275e-15,0.020525253112981843,9.1299886600639422,9.1505139131769244,0.00095342170835901303,4.3736753365236672e-16,0.0019068434167178242,0.0019068434167178242,0.024629271724853546,0.077421835205692138,6.5052130349130266e-19,5,4.1322332335766066e-11,2.2192692634692392e-14,242,1.236328125,2
197,19.700000000000003,4.7757402192042208e-14,1.0412157247507992e-13,1.1488230383955741e-14,0.013578123253267039,9.1369357899236565,9.1505139131769244,0.00085043475035313776,6.6267194448486813e-16,-0.0017008695007065613,0.0017008695007065613,0.024254440072187789,0.070126108689555919,1.1926223897340549e-18,5,3.2727583122573355e-11,2.2242196147780261e-14,230,1.224609375,2
198,19.800000000000001,4.6750538023508377e-14,1.2136125437933742e-13,1.2389129704785974e-14,0.0087286010617747684,9.1417853121151502,9.1505139131769244,0.0024595254113018022,9.15689338348981e-16,-0.0049190508226038647,0.0049190508226038647,0.02388531296366812,0.20594458318742645,2.1684043449710089e-19,5,3.8520612735317809e-11,2.9313735359806218e-14,248,1.2421875,2
199,19.900000000000002,6.3462234337661122e-14,1.7262580254140403e-13,1.1390519830438058e-14,0.0070080926340747706,9.143505820542849,9.1505139131769244,0.003816326083721195,1.1768987859361453e-15,-0.0076326521674427803,0.0076326521674427803,0.023521803582122899,0.32449264108487702,-7.589415207398531e-19,5,4.5824519403026041e-11,3.0748466366778417e-14,242,1.236328125,2
200,20,7.4694398930179529e-14,1.8865464745942973e-13,1.1412883460577764e-14,0.008016111016779813,9.1424978021601451,9.1505139131769244,0.0048643291750115874,1.3818718262416207e-15,-0.0097286583500233934,0.0097286583500233934,0.023163826431646734,0.41999357829464512,-5.9631119486702744e-19,5,4.6471907501404961e-11,3.2941063927944783e-14,246,1.240234375,2
201,20.100000000000001,6.5711106183983033e-14,1.4660495040175192e-13,1.4063321158760383e-14,0.010914081328053825,9.1395998318488711,9.1505139131769244,0.0055689365909433013,1.5091062680687041e-15,-0.011137873181886655,0.011137873181886655,0.022811297317492082,0.48826127803550867,7.0473141211557788e-19,5,3.9312947937844932e-11,3.0596279016130809e-14,246,1.240234375,2
202,20.200000000000003,4.5534372431206629e-14,1.3705703238997557e-13,1.6989688483562131e-14,0.013397971863627881,9.1371159413132972,9.1505139131769244,0.0058927752409832761,1.6338790406533794e-15,-0.011785550481966434,0.011785550481966434,0.022464133326267063,0.5246385565289412,5.9631119486702744e-19,5,4.3320443081041207e-11,2.719984640679768e-14,238,1.232421875,2
203,20.300000000000001,3.9786296216800476e-14,9.4049767973558573e-14,1.759900524774452e-14,0.012378235515783438,9.1381356776611415,9.1505139131769244,0.0058291092469671367,1.7398945434256552e-15,-0.011658218493934155,0.011658218493934155,0.022122252806434581,0.52699056447556702,5.9631119486702744e-19,5,3.8699542155131339e-11,2.6802453869265559e-14,240,1.234375,2
204,20.400000000000002,5.642104292934856e-14,1.1454726056570053e-13,1.673826404078887e-14,0.012942227880471684,9.1375716852964537,9.1505139131769262,0.0053673674278458122,1.6751418577657131e-15,-0.010734734855691475,0.010734734855691475,0.021785575349108147,0.4927450702435055,2.1684043449710089e-19,5,3.7312639919533282e-11,2.8016047198034823e-14,220,1.21484375,2
205,20.5,6.8161208511061461e-14,1.5119849816613851e-13,1.6171263496546006e-14,0.015012176791452246,9.1355017363854731,9.1505139131769262,0.0045214977060157643,1.566218969135783e-15,-0.0090429954120313134,0.0090429954120313134,0.021454021769140127,0.42150583742946185,8.4025668367626594e-19,5,5.0635396402497062e-11,3.1066429196879348e-14,240,1.234375,2
206,20.600000000000001,6.1707683350388554e-14,1.4782619572883959e-13,1.7420433108165853e-14,0.018462283761007586,9.1320516294159173,9.1505139131769244,0.0033199233346207493,1.3867233417404638e-15,-0.0066398466692412167,0.0066398466692412167,0.021127514086497639,0.31427486651090059,1.0842021724855044e-18,5,5.3500676252865848e-11,3.0129281909078243e-14,270,1.263671875,2
207,20.700000000000003,4.495830789261246e-14,1.0029477248707508e-13,1.9577911341495618e-14,0.022515117945636161,9.1279987952312887,9.1505139131769244,0.0017986644911318912,1.258343233937548e-15,-0.0035973289822633621,0.0035973289822633621,0.020805975507922066,0.17289883768697345,-4.3368086899420177e-19,5,6.0047910951033032e-11,2.9667731992282024e-14,222,1.216796875,2
208,20.800000000000001,3.9727864843516216e-14,1.1071699113074374e-13,2.0854317571219984e-14,0.028774570723144901,9.1217393424537807,9.1505139131769262,9.7081167692511516e-06,9.814890323739052e-16,-1.9416233538005088e-05,1.9416233538005088e-05,0.020489330408867527,0.00094762655248128481,-2.0057740190981832e-18,5,4.4444559219550154e-11,2.7947614386667778e-14,248,1.2421875,2
209,20.900000000000002,5.4386621667601339e-14,1.0094702851404236e-13,2.1247463058130861e-14,0.035561943638144106,9.1149519695387813,9.1505139131769262,0.0019773073634446166,5.9243136854030736e-16,0.0039546147268897467,0.0039546147268897467,0.020177504315714283,0.19599127151765169,-6.5052130349130266e-19,5,4.6685699978245727e-11,2.5209695530291282e-14,248,1.2421875,2
210,21,6.72280020848286e-14,1.2631562462672719e-13,2.1520148001323868e-14,0.041162304417904992,9.1093516087590203,9.1505139131769244,0.0040956975566793265,1.8975357197949392e-16,0.0081913951133591699,0.0081913951133591699,0.019870423888252945,0.41224058225560967,6.5052130349130266e-19,5,4.2085819804586048e-11,2.3541427472868238e-14,242,1.236328125,2
211,21.100000000000001,6.8142166681908067e-14,1.2119472092564365e-13,2.27060462617072e-14,0.043585295132140045,9.106928618044785,9.1505139131769244,0.0062730200911391316,-2.7162430197716023e-16,0.01254604018227894,0.01254604018227894,0.019568016902435047,0.6411503140472915,1.951563910473908e-18,5,4.1912434519475515e-11,2.6201891616856366e-14,234,1.228515625,2
212,21.200000000000003,5.4704452659054831e-14,1.0044742815296104e-13,2.4664178080304561e-14,0.042029297646119831,9.1084846155308057,9.1505139131769262,0.0084241109075153218,-7.4392643536014428e-16,0.016848221815031345,0.016848221815031345,0.019270212233386323,0.87431428419045665,2.6020852139652106e-18,5,4.8825622602672253e-11,2.8349597492077868e-14,216,1.2109375,2
213,21.300000000000001,4.1096560576392464e-14,9.8948627069717077e-14,2.6303758447065418e-14,0.039233886722899097,9.1112800264540272,9.1505139131769262,0.010470110590607803,-1.3221444455192186e-15,0.020940221181216301,0.020940221181216301,0.018976939838678396,1.1034561609631279,1.1519648082658485e-18,5,4.9237685982170101e-11,2.6543265346179134e-14,254,1.248046875,2
214,21.400000000000002,5.1289868024693031e-14,9.8310248830557612e-14,2.658373146224872e-14,0.037078363194145286,9.1134355499827802,9.1505139131769262,0.012334152034435136,-1.9326749445551564e-15,0.024668304068870911,0.024668304068870911,0.018688130741855099,1.3199984744125448,1.5720931501039814e-18,5,4.4102146717756553e-11,2.5102767150229133e-14,256,1.25,2
215,21.5,6.7360229347481118e-14,1.308397834520747e-13,2.6368208172236952e-14,0.036048117749450152,9.1144657954274759,9.1505139131769262,0.013949342726505675,-2.6240558120338769e-15,0.027898685453011933,0.027898685453011933,0.018403717016209516,1.5159266700547229,1.4230153513872246e-18,5,4.9018726087533103e-11,2.614576804488207e-14,250,1.244140625,2
216,21.600000000000001,7.0851627453106621e-14,1.5014378629274461e-13,2.6625712201692496e-14,0.035951934067521826,9.1145619791094035,9.1505139131769244,0.015253294218995739,-3.3303302364881512e-15,0.030506588437992071,0.030506588437992071,0.018123631768807831,1.683249186870827,-2.6020852139652106e-18,5,3.445463497230012e-11,2.4803584857007428e-14,248,1.2421875,2
217,21.700000000000003,6.2227573624264691e-14,1.5249607132616916e-13,2.7571378362915037e-14,0.036639109698888936,9.113874803478037,9.1505139131769262,0.016193129460744658,-4.0639834343518028e-15,0.032386258921489885,0.032386258921489885,0.017847809124756499,1.8145789600902478,-2.1412992906588713e-18,5,3.6044181202856612e-11,2.6586057123310423e-14,226,1.220703125,2
218,21.800000000000001,5.2628485400239353e-14,1.1240314234939319e-13,2.861624222013357e-14,0.035596658421588045,9.114917254755337,9.1505139131769244,0.016725796494554124,-4.764232373093668e-15,0.033451592989108811,0.033451592989108811,0.017576184211708649,1.9032340914374641,-2.6020852139652106e-18,5,4.6803618419249453e-11,2.8632693966012604e-14,238,1.232421875,2
219,21.900000000000002,6.0791207133003453e-14,1.3469433901569516e-13,2.888157344603377e-14,0.03199086686425151,9.1185230463126725,9.1505139131769244,0.016817883775925534,-5.537293375991292e-15,0.033635767551851617,0.033635767551851617,0.017308693144606389,1.9432875301930552,-2.4936649967166602e-18,5,4.1035030553539406e-11,2.5537709726260318e-14,260,1.25390625,2
220,22,6.9230884371280494e-14,1.6228685062458226e-13,2.9173475108059192e-14,0.028083839375847092,9.1224300738010768,9.1505139131769244,0.016460975407126408,-6.3062451733776795e-15,0.032921950814253378,0.032921950814253378,0.017045273010655362,1.9314416843703923,-2.8189256484623115e-18,5,4.0622594037902426e-11,2.3150419862802729e-14,214,1.208984375,2
221,22.100000000000001,6.1537657613886301e-14,1.4654943925052066e-13,3.0229561931845672e-14,0.02272700175102824,9.1277869114258952,9.1505139131769226,0.015648111200841353,-7.0192842737335319e-15,0.031296222401683296,0.031296222401683296,0.016785861854527847,1.8644394117446761,-2.1684043449710089e-18,5,4.0807275440561283e-11,2.6510669479665925e-14,246,1.240234375,2
222,22.200000000000003,4.7957975387467566e-14,9.5340402239685318e-14,3.1104539477132766e-14,0.01820445427392647,9.1323094589029967,9.1505139131769226,0.01439056767801125,-7.738372365710097e-15,0.028781135356023071,0.028781135356023071,0.01653039866379117,1.7411035233570256,-1.7347234759768071e-18,5,3.9773195782665569e-11,3.1837382080268211e-14,260,1.25390625,2
223,22.300000000000001,4.8966219654109677e-14,1.1257661469699087e-13,3.112177856434206e-14,0.016488958096855379,9.1340249550800685,9.1505139131769244,0.012718446814699712,-8.4120051446447334e-15,0.025436893629400006,0.025436893629400006,0.016278823354557801,1.5625756896169094,-1.0028870095490916e-18,5,4.8201620991545915e-11,4.1912576387264319e-14,234,1.228515625,2
224,22.400000000000002,6.1705953657950308e-14,1.1390888232654106e-13,3.0502712524711109e-14,0.01821987998134611,9.1322940331955795,9.1505139131769262,0.010655909157705432,-9.0401626710811095e-15,0.02131181831541144,0.02131181831541144,0.016031076757353897,1.3294065419301995,6.5052130349130266e-19,5,5.6015025891459928e-11,4.4868774504757549e-14,224,1.21875,2
225,22.5,6.7657138182374187e-14,1.3683498778505054e-13,3.0242591811951173e-14,0.020551923574542767,9.1299619896023838,9.1505139131769262,0.0082636346531276012,-9.6689497816798204e-15,0.016527269306255764,0.016527269306255764,0.015787100603202871,1.0468843976900184,1.6263032587282567e-18,5,6.1603165599685029e-11,4.3529410674613018e-14,254,1.248046875,2
226,22.600000000000001,5.7602843200574071e-14,1.1673995103933521e-13,3.0893100626607917e-14,0.022740445266635961,9.1277734679102913,9.150513913176928,0.0056040474430877028,-1.0227190379692824e-14,0.011208094886175973,0.011208094886175973,0.015546837509920756,0.72092442459914163,2.6020852139652106e-18,5,5.6699523355711928e-11,4.2907976020792154e-14,254,1.248046875,2
227,22.700000000000003,3.9840246620344859e-14,7.448729133496812e-14,3.1658532149992612e-14,0.026256376369469942,9.1242575368074572,9.150513913176928,0.002743728099713726,-1.0699984645311112e-14,0.0054874561994280365,0.0054874561994280365,0.015310230968620176,0.35841759740105278,2.3852447794681098e-18,5,5.4414596154966659e-11,4.3559992000958789e-14,222,1.216796875,2
228,22.800000000000001,4.1239836683227085e-14,8.3849593934814948e-14,3.2032660997391285e-14,0.031638441369064713,9.1188754718078631,9.150513913176928,0.00024083953180883727,-1.1112345789286471e-14,-0.00048167906361708864,0.00048167906361708864,0.015077225330419712,0.031947460693928613,1.6263032587282567e-18,5,5.2379782162592929e-11,4.2494047143377282e-14,230,1.224609375,2
229,22.900000000000002,6.403726176451771e-14,1.5654838536605098e-13,3.1525149536058427e-14,0.03787958006812131,9.112634333108808,9.1505139131769297,0.0032694293414664323,-1.1488925423985151e-14,-0.0065388586829322713,0.0065388586829322713,0.014847765793355434,0.44039344194521807,2.6020852139652106e-18,5,6.3427350796295759e-11,3.8864800424575199e-14,286,1.279296875,2
230,23,7.8424393390850696e-14,1.9616946955736125e-13,3.0797133273439376e-14,0.044537379770988803,9.1059765334059417,9.1505139131769297,0.0062658404570853036,-1.1743535689366653e-14,-0.01253168091417,0.01253168091417,0.014621798389491788,0.85705469193010575,7.0473141211557788e-19,5,6.4855104024956815e-11,3.7304151776035169e-14,198,1.193359375,2
231,23.100000000000001,7.6297218299980587e-14,1.7189374923454181e-13,3.0776076452716086e-14,0.050283403030746361,9.1002305101461847,9.1505139131769315,0.0091555826096426096,-1.1862186805497061e-14,-0.018311165219284584,0.018311165219284584,0.014399269972228516,1.2716731650007838,7.589415207398531e-19,5,6.0779458967726127e-11,3.4901081886045277e-14,260,1.25390625,2
232,23.200000000000003,6.2379927554343188e-14,1.3328227410625004e-13,3.1057954580783233e-14,0.055009907164121206,9.0955040060128098,9.1505139131769315,0.01187115536883997,-1.1899261798820377e-14,-0.023742310737679261,0.023742310737679261,0.014180128203800815,1.6743368181477665,0,5,4.8559049671409739e-11,3.2240947741654708e-14,268,1.26171875,2
233,23.300000000000001,5.2252377770456811e-14,1.4109720336552556e-13,3.0988312042585574e-14,0.056399370470236507,9.0941145427066949,9.1505139131769315,0.014350233763939801,-1.1954113542205606e-14,-0.028700467527878915,0.028700467527878915,0.0139643215429697,2.0552711737240172,-9.4867690092481638e-19,5,5.4399522364581751e-11,2.7738277050083546e-14,226,1.220703125,2
234,23.400000000000002,5.8987295073696204e-14,1.2437967322753707e-13,2.9859838678460335e-14,0.052651915133231031,9.097861998043701,9.1505139131769315,0.016539617246442224,-1.1805276615269317e-14,-0.033079234492883747,0.033079234492883747,0.013751799232899705,2.4054477477932652,1.463672932855431e-18,5,3.6986710584308785e-11,2.33254720199011e-14,246,1.240234375,2
235,23.5,6.7428613723420223e-14,1.3929482567398566e-13,2.8696294696357313e-14,0.048817767352914987,9.1016961458240164,9.1505139131769315,0.018401537432335829,-1.1622313893401401e-14,-0.036803074864670882,0.036803074864670882,0.013542511289221137,2.7175960262232515,-1.4094628242311558e-18,5,4.0641208657969226e-11,3.2965668719379357e-14,234,1.228515625,2
236,23.600000000000001,6.0701396202423397e-14,1.1184803083708061e-13,2.8415815693468055e-14,0.047733916723897325,9.1027799964530356,9.1505139131769333,0.019902744896111296,-1.1361913003770202e-14,-0.039805489792221739,0.039805489792221739,0.013336408488273877,2.9847233479104194,-1.0299920638612292e-18,5,4.6693359536237341e-11,4.7671118466726097e-14,236,1.23046875,2
237,23.700000000000003,5.1396316256612888e-14,1.0480505352461478e-13,2.8452003525707661e-14,0.051812988715304091,9.0987009244616281,9.1505139131769315,0.021022360194950785,-1.0953090062846678e-14,-0.042044720389900717,0.042044720389900717,0.013133442355530253,3.2013480740025826,-2.8189256484623115e-18,5,4.6190690120825408e-11,4.9562861265297818e-14,242,1.236328125,2
238,23.800000000000001,5.0106506846139185e-14,1.0474954237338352e-13,2.8202914696962256e-14,0.054934434793222277,9.0955794783837103,9.1505139131769333,0.021755379279988003,-1.0485141021159523e-14,-0.043510758559975077,0.043510758559975077,0.012933565154194004,3.3641736088417753,2.1684043449710089e-19,5,5.1072214437403042e-11,4.2460128670533011e-14,222,1.216796875,2
239,23.900000000000002,6.462419068884427e-14,1.5357225040257827e-13,2.7049838862169515e-14,0.050601867188037268,9.099912045988896,9.1505139131769333,0.022102645920208684,-9.8738923947021675e-15,-0.044205291840416425,0.044205291840416425,0.012736729873972759,3.470693991143599,5.5565361339882102e-19,5,4.3150078082273465e-11,3.8125160533126536e-14,258,1.251953125,2
240,24,7.4367338381377836e-14,1.5924761509467089e-13,2.5529670348952624e-14,0.0425865480511705,9.1079273651257644,9.1505139131769351,0.022078005783282104,-9.2106942257819282e-15,-0.044156011566563229,0.044156011566563229,0.01254289022002145,3.5204016611801068,2.0599841277224584e-18,5,4.47875520196627e-11,3.8261504569750573e-14,232,1.2265625,2
241,24.100000000000001,7.8139958549165825e-14,1.4286488658754593e-13,2.4683742880685501e-14,0.035204691257600493,9.1153092219193343,9.1505139131769351,0.021705866156757857,-8.492897728859674e-15,-0.043411732313514681,0.043411732313514681,0.012352000602053914,3.5145506960464443,-8.6736173798840355e-19,5,4.4691807561158138e-11,4.0333226473196299e-14,236,1.23046875,2
242,24.200000000000003,6.4928219750193966e-14,1.1854406345435109e-13,2.4852689407838852e-14,0.032000927047030649,9.1185129861299039,9.1505139131769351,0.021015188993744514,-7.6907745852421536e-15,-0.042030377987488009,0.042030377987488009,0.012164016123620303,3.4553043633239415,-1.6263032587282567e-18,5,4.4124725370087927e-11,3.8122078538028259e-14,244,1.23828125,2
243,24.300000000000001,4.7798141541619928e-14,1.0283440765590512e-13,2.4314116178238448e-14,0.030914225430653114,9.1195996877462804,9.1505139131769333,0.020048816779373851,-6.818930748480891e-15,-0.040097633558746654,0.040097633558746654,0.011978892571547573,3.3473573052977446,-6.5052130349130266e-19,5,5.2865437087649069e-11,3.6641931599980091e-14,248,1.2421875,2
244,24.400000000000002,5.2111666321081706e-14,9.4313445941907048e-14,2.228441846938493e-14,0.030052543215897544,9.1204613699610348,9.1505139131769315,0.018854427113958173,-5.8918218392017501e-15,-0.037708854227915284,0.037708854227915284,0.011796586405540726,3.1965903466958761,-8.8769052872250676e-19,5,4.5958386734428289e-11,2.9418470695005889e-14,258,1.251953125,2
245,24.5,6.6329586285834641e-14,1.6762979893059082e-13,1.9884261014209861e-14,0.030812315740534533,9.1197015974363982,9.1505139131769333,0.017490792578747749,-4.9541846157170844e-15,-0.034981585157494305,0.034981585157494305,0.011617054747942378,3.0112266763389637,1.6737371037744975e-18,5,3.3894861552652467e-11,2.4775563449281248e-14,238,1.232421875,2
246,24.600000000000001,6.716178543641608e-14,1.8644807919798723e-13,1.8653624066922465e-14,0.032280098583561581,9.1182338145933723,9.1505139131769333,0.015997906804893033,-4.0100615217265468e-15,-0.031995813609784818,0.031995813609784818,0.011440255373648022,2.7967744219666071,5.4210108624275222e-19,5,4.2530280672297047e-11,2.5525487124773219e-14,246,1.240234375,2
247,24.700000000000003,5.2577073627236601e-14,1.3274797927564919e-13,1.8591932014607668e-14,0.030432143750482362,9.1200817694264504,9.1505139131769333,0.014450096580525044,-2.9893485877252476e-15,-0.028900193161048856,0.028900193161048856,0.011266146700174916,2.5652242892061894,-1.5720931501039814e-18,5,3.55826812291122e-11,2.0585941683545967e-14,214,1.208984375,2
248,24.800000000000001,4.9554185480387619e-14,1.2503886814840826e-13,1.7884754222584467e-14,0.026542728424535748,9.1239711847523974,9.1505139131769333,0.012891315110448543,-1.9876103135998838e-15,-0.025782630220895782,0.025782630220895782,0.011094687777882061,2.3238716345217965,-4.0657581468206416e-19,5,2.7771573570208636e-11,1.9837217840358871e-14,230,1.224609375,2
249,24.900000000000002,5.9555246087829802e-14,1.2391476733597528e-13,1.6208881047226355e-14,0.023115263197150782,9.1273986499797815,9.1505139131769315,0.011381330372259645,-1.0238391196046819e-15,-0.022762660744517861,0.022762660744517861,0.010925838280338957,2.0833788822848733,-5.2041704279304213e-18,5,3.2709902690990815e-11,2.185804463208786e-14,276,1.26953125,2
250,25,7.0778636225822108e-14,1.399574900418088e-13,1.4409778786474577e-14,0.020409952905120186,9.1301039602718124,9.1505139131769333,0.0099626637617909932,-1.6425189104728692e-16,-0.019925327523580554,0.019925327523580554,0.010759558494841058,1.8518722244164809,-3.0357660829594124e-18,5,3.2485502246412597e-11,2.0073906245283062e-14,200,1.1953125,2
251,25.100000000000001,6.6473220853807439e-14,1.7280621378290562e-13,1.3916471449435747e-14,0.018235709085219546,9.1322782040917136,9.1505139131769333,0.008672711020154468,6.7432869568458325e-16,-0.017345422040307593,0.017345422040307593,0.010595809313069455,1.637007757294461,-2.3852447794681098e-18,5,4.2979013810944151e-11,2.2002330393416386e-14,258,1.251953125,2
252,25.200000000000003,5.2019017814174772e-14,1.5043521983670871e-13,1.409090588821788e-14,0.016519440510755542,9.1339944726661777,9.1505139131769333,0.0075437502394216111,1.5274503000268003e-15,-0.015087500478841949,0.015087500478841949,0.010434552221892811,1.4459173865828907,-1.5178830414797062e-18,5,4.0435286977733647e-11,2.3289111483659851e-14,240,1.234375,2
253,25.300000000000001,4.3732941226606468e-14,9.6464503052118289e-14,1.3478702392549901e-14,0.01661552268060941,9.1338983904963236,9.1505139131769333,0.0065902503148541035,2.286248153073406e-15,-0.013180500629707036,0.013180500629707036,0.010275749294309196,1.2826802457127402,-2.6562953225894859e-18,5,4.4098560752013525e-11,1.9883849796551495e-14,242,1.236328125,2
254,25.400000000000002,6.2174739039664899e-14,1.2734258092450546e-13,1.1014333716162462e-14,0.017440169965129329,9.1330737432118028,9.1505139131769315,0.0058178851003947889,2.8969536126037774e-15,-0.011635770200788639,0.011635770200788639,0.010119363180525805,1.1498520206470186,-2.8189256484623115e-18,5,3.923890465831156e-11,1.8447052773724154e-14,272,1.265625,2
255,25.5,7.0950076636283205e-14,1.3872236692691331e-13,8.7078006449533238e-15,0.017736554978916397,9.1327773581980161,9.1505139131769333,0.00522490710790141,3.4707439675620981e-15,-0.010449814215802086,0.010449814215802086,0.0099653570991744926,1.0486141250941952,-2.3852447794681098e-18,5,3.894625990293467e-11,1.9934625096406808e-14,216,1.2109375,2
256,25.600000000000001,6.1560545307831222e-14,1.2526091275333329e-13,9.8702287128660371e-15,0.017321322378119931,9.1331925907988118,9.1505139131769315,0.0048008789918777351,3.966090533622161e-15,-0.0096017579837546982,0.0096017579837546982,0.0098136948286608825,0.97840397030818371,-2.5207700510287978e-18,5,3.4483096084053852e-11,2.0769649603396238e-14,232,1.2265625,2
257,25.700000000000003,5.4434008926306147e-14,9.8338004406173241e-14,1.1639585266645123e-14,0.014975572847071803,9.1355383403298607,9.1505139131769333,0.0045222859720706896,4.3821935008846449e-15,-0.009044571944140628,0.009044571944140628,0.0096643406986452341,0.93587056025544646,-2.2226144535952841e-18,5,3.8349534111564277e-11,2.2526922667245386e-14,246,1.240234375,2
258,25.800000000000001,7.7652669506040281e-14,1.6214807274650411e-13,1.2262129016272111e-14,0.011726647126227016,9.1387872660507057,9.1505139131769333,0.0043691423189645999,4.5051557985876999e-15,-0.008738284637928603,0.008738284637928603,0.0095172595816529482,0.91815133999013465,-2.6020852139652106e-18,5,3.7348607050031014e-11,2.7031255363130355e-14,250,1.24609375,3
259,25.900000000000002,8.7870462287579067e-14,1.7402745910999329e-13,1.3264477757529914e-14,0.011237594436900353,9.1392763187400323,9.1505139131769333,0.0042983531680411127,4.497509247393087e-15,-0.0085967063360815523,0.0085967063360815523,0.0093724168848126621,0.91723473696650282,1.1926223897340549e-18,5,3.9664612814532002e-11,3.3150034002194513e-14,250,1.244140625,2
260,26,7.0313217315525657e-14,1.683124126183877e-13,1.5425384522654597e-14,0.014857044717885886,9.135656868459046,9.1505139131769315,0.0042666152084345019,4.3755726587382112e-15,-0.0085332304168684765,0.0085332304168684765,0.00922977854172022,0.92453252028710942,-9.2157184661267877e-19,5,4.4626024345560612e-11,3.6423603093644592e-14,242,1.236328125,2
261,26.100000000000001,5.9919078217791218e-14,1.4133832992868633e-13,1.5882460985347697e-14,0.018813761063108544,9.1317001521138241,9.1505139131769333,0.0042399109753770078,3.9899825206130843e-15,-0.0084798219507535542,0.0084798219507535542,0.0090893110044263387,0.93294441642760673,9.7578195523695399e-19,5,5.5081125719161935e-11,3.0437692206809725e-14,228,1.22265625,2
262,26.200000000000003,5.5088229869334416e-14,1.0666467709086191e-13,1.5465427549229141e-14,0.019644683786788658,9.130869229390143,9.1505139131769315,0.0041696067458092539,3.5208067275504507e-15,-0.0083392134916180603,0.0083392134916180603,0.0089509812355463153,0.93165355531092042,1.3010426069826053e-18,5,4.0582127345028695e-11,1.9512388926961173e-14,230,1.224609375,2
263,26.300000000000001,7.0632443422325035e-14,1.5121237595394632e-13,1.4766479778481215e-14,0.017286207811149319,9.1332277053657833,9.1505139131769333,0.0040162744724180112,2.9340451007751155e-15,-0.0080325489448355228,0.0080325489448355228,0.0088147567004897547,0.91126156033203143,-1.1384122811097797e-18,5,2.2219611377677734e-11,1.0396237780612788e-14,240,1.234375,2
264,26.400000000000002,8.0506850220620605e-14,1.4185874697147938e-13,1.4402142976872144e-14,0.014088802438744528,9.1364251107381875,9.1505139131769315,0.0037472421763348513,2.1750123481175954e-15,-0.0074944843526692827,0.0074944843526692827,0.0086806053598085398,0.86335964394476072,-1.7550522667109103e-18,5,2.5220764302845957e-11,1.3761943233604755e-14,256,1.25,2
265,26.5,8.0354334090838036e-14,1.5602102942935403e-13,1.607471790770271e-14,0.010256568698902728,9.1402573444780302,9.1505139131769333,0.0033330192826559204,1.4121612198348814e-15,-0.0066660385653115432,0.0066660385653115432,0.0085484956616613244,0.77979083445145692,-4.87890977618477e-19,5,2.8944356662770414e-11,1.7881006852185125e-14,234,1.228515625,2
266,26.600000000000001,6.4146626987635424e-14,1.3235940121703038e-13,1.9167038285412433e-14,0.0069641987516002903,9.1435497144253315,9.1505139131769315,0.0027410897427069866,4.6116459914557898e-16,-0.0054821794854137303,0.0054821794854137303,0.0084183965343926446,0.65121421437167415,-1.111307226797642e-18,5,3.5517500381719743e-11,2.2455061719066376e-14,242,1.236328125,2
267,26.700000000000003,5.991869831763514e-14,1.2545520178264269e-13,2.1759931322378059e-14,0.0049378351578522588,9.1455760780190793,9.1505139131769315,0.0019554729865111833,-6.1967584722776943e-16,-0.0039109459730220257,0.0039109459730220257,0.0082902773792250164,0.47175091907330424,6.5729756706933706e-19,5,3.4512096601277226e-11,2.6896073227694718e-14,262,1.255859375,2
268,26.800000000000001,7.0177448615687486e-14,1.3759761559317685e-13,2.3152496344116923e-14,0.0057835084033399063,9.1447304047735916,9.1505139131769315,0.00097199221093415694,-1.6219150556176184e-15,-0.0019439844218682131,0.0019439844218682131,0.0081641080630622254,0.23811350938182657,5.014435047745458e-19,5,4.0402660021811061e-11,2.8794647570496172e-14,230,1.224609375,2
269,26.900000000000002,7.8198159281923723e-14,1.5019235855007196e-13,2.4277535615669359e-14,0.0082563503510734663,9.1422575628258578,9.1505139131769315,0.00020871265908478523,-2.7427731014633903e-15,0.00041742531816961177,0.00041742531816961177,0.0080398589114021105,0.051919483012024016,-1.4094628242311558e-18,5,4.1232712526046601e-11,2.8699050936500831e-14,250,1.244140625,2
270,27,7.7485949398968571e-14,1.4822865157526621e-13,2.5390052307097823e-14,0.011230102813247843,9.1392838103636826,9.1505139131769297,0.0015828339056258023,-3.8793710412988622e-15,0.0031656678112515872,0.0031656678112515872,0.007917500701357303,0.3998317058196022,-2.1684043449710089e-19,5,4.1431839364581737e-11,2.5400028537076824e-14,220,1.21484375,2
271,27.100000000000001,7.353984430150198e-14,2.0108914533523148e-13,2.6783031750894208e-14,0.012703562327112776,9.1378103508498185,9.1505139131769315,0.0031331658871948352,-4.8037757070350688e-15,0.0062663317743896505,0.0062663317743896505,0.0077970046547820721,0.80368449832159239,1.3823577699190182e-18,5,3.9978659871943978e-11,2.0657155760009114e-14,238,1.232421875,2
272,27.200000000000003,7.6281194535174589e-14,1.8844648064231251e-13,2.7560221907610099e-14,0.011924056828343368,9.1385898563485881,9.1505139131769315,0.0048303408402242641,-5.785844835016324e-15,0.009660681680448549,0.009660681680448549,0.0076783424315038469,1.2581728109456627,2.087089182034596e-18,5,4.1152817003284371e-11,2.0021465507737174e-14,260,1.25390625,2
273,27.300000000000001,7.8190056937113575e-14,1.3868073356348987e-13,2.8392379598344894e-14,0.012204720358657007,9.1383091928182747,9.1505139131769315,0.0066437377625790696,-6.7161012368621829e-15,0.013287475525158046,0.013287475525158046,0.0075614861226577425,1.7572571462298352,2.6020852139652106e-18,5,2.5295780355182698e-11,1.7180491013368954e-14,226,1.220703125,2
274,27.400000000000002,7.4743237606746215e-14,1.5434875599851239e-13,2.9156252954146726e-14,0.015833498394091643,9.1346804147828404,9.1505139131769315,0.0085332326691116862,-7.3779492387788662e-15,0.017066465338223161,0.017066465338223161,0.0074464082441224651,2.2919056783777489,1.5178830414797062e-18,5,3.261288294940928e-11,2.0801359767932563e-14,264,1.2578125,2
275,27.5,7.1443359194448954e-14,1.387084891391055e-13,3.0228721984433273e-14,0.018829356199660967,9.1316845569772713,9.1505139131769315,0.010456754349068802,-8.0254021995723406e-15,0.020913508698137316,0.020913508698137316,0.007333081730056209,2.8519399439418236,3.0357660829594124e-18,5,4.7526082932445042e-11,1.9299991212552063e-14,242,1.236328125,2
276,27.600000000000001,7.4229686557121676e-14,1.832561880021899e-13,3.146884359160393e-14,0.020929477154691435,9.12958443602224,9.1505139131769315,0.01237016041502818,-8.6237727695727336e-15,0.024740320830055989,0.024740320830055989,0.0072214799265308367,3.4259349997170339,9.7578195523695399e-19,5,4.3427699646077168e-11,1.9470095717261867e-14,216,1.2109375,2
277,27.700000000000003,6.5731067503500285e-14,1.6249501744169947e-13,3.325366871137094e-14,0.023300180938532443,9.127213732238399,9.1505139131769315,0.014228319454697182,-8.8698572447398375e-15,0.028456638909393914,0.028456638909393914,0.007111576585263033,4.0014529223186868,-2.1684043449710089e-19,5,3.6200056335929784e-11,1.9414695122548633e-14,242,1.236328125,2
278,27.800000000000001,5.4007438412409409e-14,1.1843304115188857e-13,3.505810019258826e-14,0.027846764827503145,9.1226671483494286,9.1505139131769315,0.015983844615101939,-9.1551146514910888e-15,0.031967689230203364,0.031967689230203364,0.0070033458574407705,4.5646309465409294,1.951563910473908e-18,5,3.5569359772546223e-11,2.2568303106161907e-14,238,1.232421875,2
279,27.900000000000002,6.1134998015538777e-14,1.1646239528317892e-13,3.5921292126848254e-14,0.031462247681343439,9.1190516654955882,9.1505139131769315,0.017582230926420639,-9.3189123113612081e-15,0.03516446185284073,0.03516446185284073,0.006896762287643801,5.0986912969062566,2.0057740190981832e-18,5,3.8945698863282901e-11,2.1073342137350917e-14,236,1.23046875,2
280,28,8.7139243633531554e-14,1.8883505870093131e-13,3.5721447617711293e-14,0.028727533742101859,9.1217863794348304,9.1505139131769315,0.018984763634698094,-9.2568826369286436e-15,0.03796952726939553,0.03796952726939553,0.0067918008078566563,5.5904948250945363,-5.4210108624275222e-19,5,2.623639776949943e-11,1.5072007199677025e-14,222,1.216796875,2
281,28.100000000000001,1.0302108016409349e-13,2.3837182228092502e-13,3.5581959692542748e-14,0.025231681402201347,9.1252822317747313,9.1505139131769333,0.020147909278595007,-9.1326998401204381e-15,0.040295818557189292,0.040295818557189292,0.0066884367315727181,6.0246990701090386,6.5052130349130266e-19,5,2.7200535128784253e-11,2.0316478546926746e-14,272,1.265625,2
282,28.200000000000003,9.300868604949236e-14,2.1557755580658977e-13,3.6698391983382938e-14,0.025124498616710209,9.1253894145602228,9.1505139131769333,0.021046462273489809,-8.8748945735230071e-15,0.042092924546978862,0.042092924546978862,0.0065866457479880937,6.3906464925392781,5.4210108624275222e-19,5,3.0714135159912332e-11,2.5841504967140173e-14,244,1.23828125,2
283,28.300000000000001,6.4404082699937455e-14,1.3078427230084344e-13,3.7947673936944645e-14,0.026355176026207495,9.1241587371507258,9.1505139131769333,0.021653291890310192,-8.2692416118794121e-15,0.043306583780619606,0.043306583780619606,0.0064864039162837962,6.6765166553844368,9.7578195523695399e-19,5,4.6013188454048676e-11,2.9885284647764224e-14,240,1.234375,2
284,28.400000000000002,5.6817827053584574e-14,1.1569911695374913e-13,3.8598961120903049e-14,0.028357898272801382,9.1221560149041316,9.1505139131769333,0.021953183779168828,-7.7058835355915635e-15,0.043906367558336851,0.043906367558336851,0.0063876876599949532,6.8735933714034383,-8.6736173798840355e-19,5,4.4687535193140613e-11,2.9179989963124726e-14,230,1.224609375,2
285,28.5,7.1401546418752804e-14,1.3566925360919413e-13,3.8396057958923592e-14,0.031453589155164233,9.1190603240217687,9.1505139131769333,0.021928153475003615,-6.8906202326853881e-15,0.043856306950006418,0.043856306950006418,0.0062904737614657338,6.9718607235375423,1.3552527156068805e-18,5,4.8637489173894087e-11,2.8744386945226886e-14,224,1.21875,2
286,28.600000000000001,7.6338494902856051e-14,1.4055423491754482e-13,3.8610615355846466e-14,0.033703723342179866,9.1168101898347516,9.1505139131769315,0.021582725803299566,-5.9031532461987861e-15,0.043165451606598272,0.043165451606598272,0.0061947393563886429,6.968081968143129,6.5052130349130266e-19,5,4.7962907252348745e-11,2.5776944247777657e-14,250,1.244140625,2
287,28.700000000000003,5.8447337449815568e-14,1.3133938381315602e-13,3.9560548598157221e-14,0.033120283415810733,9.1173936297611213,9.1505139131769315,0.020922718586853326,-4.8086426464426257e-15,0.041845437173705799,0.041845437173705799,0.0061004619284269514,6.8593882995506128,1.4365678785432934e-18,5,3.8370872564668698e-11,2.221275910003831e-14,244,1.23828125,2
288,28.800000000000001,4.8960857079419522e-14,1.3766765505351941e-13,4.0184528889907302e-14,0.031964915671897041,9.1185489975050338,9.1505139131769315,0.019954377054983267,-3.7035383257358239e-15,0.03990875410996568,0.03990875410996568,0.0060076193039189252,6.6430231496080596,2.0057740190981832e-18,5,4.1119116973156687e-11,2.2077440252333817e-14,262,1.255859375,2
289,28.900000000000002,7.4216673189148888e-14,1.4965112482556719e-13,3.9660804790853037e-14,0.030693883551757811,9.1198200296251724,9.1505139131769297,0.018706650281826286,-2.5017331419295561e-15,0.037413300563651733,0.037413300563651733,0.0059161896466626632,6.323884594327815,7.0473141211557788e-19,5,4.2569807074340208e-11,2.0040492538671535e-14,236,1.23046875,2
290,29,9.6578371820711739e-14,2.0536350398003833e-13,3.9036115552352191e-14,0.028283569589343978,9.1222303435875851,9.1505139131769297,0.017201750465412398,-1.3416894652716979e-15,0.034403500930823956,0.034403500930823956,0.0058261514527803504,5.9050131479856995,1.3552527156068805e-18,5,4.3688327617768813e-11,1.9806538579548441e-14,248,1.2421875,2
291,29.100000000000001,9.5157955262239318e-14,2.1133095273739855e-13,3.9353816723113279e-14,0.027303732244961278,9.1232101809319683,9.1505139131769297,0.015473960286158037,-4.8862563041684457e-17,0.030947920572315234,0.030947920572315234,0.0057374835456605929,5.3939885536964978,-3.7947076036992655e-19,5,3.6000378071162616e-11,2.1736386863134117e-14,250,1.244140625,2
292,29.200000000000003,6.3895024310397768e-14,1.4538370507466425e-13,4.0535107926601062e-14,0.024628880753375014,9.1258850324235539,9.1505139131769297,0.013566045797124126,1.3510403552855865e-15,0.027132091594247405,0.027132091594247405,0.0056501650709777848,4.8019998094590326,-8.1315162936412833e-19,5,4.5417983562220034e-11,1.905554434407365e-14,220,1.21484375,2
293,29.300000000000001,4.1809767355429742e-14,1.1747200434619742e-13,4.0676725264550499e-14,0.019387469015572124,9.1311264441613584,9.1505139131769297,0.011519721749588589,2.7788864512493714e-15,0.02303944349917636,0.02303944349917636,0.005564175491787276,4.1406752057304059,-1.0842021724855044e-19,5,3.2663944945145546e-11,1.9609321284879821e-14,228,1.22265625,2
294,29.400000000000002,6.7712126180910145e-14,1.269054306085593e-13,3.9462028926429561e-14,0.014800334201978505,9.1357135789749506,9.1505139131769297,0.0093809563140020182,4.2066851701050674e-15,0.018761912628003211,0.018761912628003211,0.0054794945836951232,3.4240224789767062,1.0842021724855044e-19,5,4.0428853156486565e-11,2.2303738299757175e-14,262,1.255859375,2
295,29.5,8.6642982142210963e-14,1.7819079545233762e-13,3.8096557326025898e-14,0.011693095819038657,9.1388208173578906,9.1505139131769297,0.0071920643240970441,5.6790387302968029e-15,0.014384128648193269,0.014384128648193269,0.0053961024301014439,2.6656515206148255,1.2536087619363645e-18,5,5.8571255525989513e-11,2.5988341965334161e-14,224,1.21875,2
296,29.600000000000001,7.5654473938428877e-14,1.5654838536605098e-13,3.812510200843208e-14,0.0097702881280559151,9.1407436250488718,9.150513913176928,0.0049991151695938825,7.0637603963045071e-15,0.0099982303391870034,0.0099982303391870034,0.0053139794175160729,1.8814958722328854,1.3010426069826053e-18,5,4.697263236901569e-11,2.3862502187789916e-14,220,1.21484375,2
297,29.700000000000003,5.4334289180577599e-14,1.2190248810384219e-13,3.887739853495784e-14,0.0089673255264950749,9.1415465876504332,9.150513913176928,0.0028390010119899584,8.6112213644288466e-15,0.0056780020239791751,0.0056780020239791751,0.005233106230945586,1.0850156242582523,-4.3368086899420177e-19,5,5.0363023913570271e-11,2.3584680419888422e-14,266,1.259765625,2
298,29.800000000000001,8.2903018268791825e-14,1.9664825323673085e-13,3.7904632860021202e-14,0.0083874766135905148,9.1421264365633359,9.1505139131769262,0.00074273465125274107,1.0273775468988575e-14,0.0014854693025047644,0.0014854693025047644,0.0051534638493504637,0.28824676876155658,5.4210108624275222e-19,5,5.1852598475222701e-11,2.2712375983815831e-14,246,1.240234375,2
299,29.900000000000002,1.1364845105643888e-13,2.2370993946196904e-13,3.5855694742082233e-14,0.0072950958666073975,9.1432188173103182,9.1505139131769262,0.0012556259632528384,1.1893737672819797e-14,-0.0025112519265063928,0.0025112519265063928,0.0050750335411714337,0.49482469546925173,2.1684043449710089e-19,5,4.4403976066938122e-11,2.0199933263864918e-14,232,1.2265625,2
300,30,1.1674944869421661e-13,2.187694470023871e-13,3.5188724819745948e-14,0.0072873315638692614,9.1432265816130567,9.1505139131769262,0.0031422811406494923,1.3419504749558412e-14,-0.0062845622812997444,0.0062845622812997444,0.0049977968599239017,1.2574665312418152,-8.1315162936412833e-19,5,3.7205747243853718e-11,2.064052177277792e-14,234,1.228515625,2
