step,time,gauss_rms,gauss_max,gauge_rms,field_energy,kinetic_energy,total_energy,rho_mode,E_mode_re,E_mode_im,E_mode_abs,theory_E_abs,E_over_theory,mean_rho,picard_iterations,picard_current_error,picard_velocity_error,crossing_particles,avg_path_segments,max_path_segments
0,0,2.3594339716526361e-16,4.5796699765787707e-16,0,0.0012445640970510387,6.0391036705501895,6.0403482346472401,0.0049759236333616307,2.333626079376749e-16,-0.0099518472667232544,0.0099518472667232544,0.0099518472667232544,1,0,0,nan,nan,0,0,1
1,0.10000000000000001,5.7688623522300672e-16,1.2177758801357186e-15,2.2056895522466256e-17,0.0012293095367118681,6.0391189251105279,6.0403482346472401,0.0049453347869630113,2.2894134333122272e-16,-0.0098906695739260121,0.0098906695739260121,0.0098003906016729918,1.0092117728692986,6.850378960919154e-20,5,2.3019813879953899e-11,1.3136420163855986e-16,64,1.0625,2
2,0.20000000000000001,6.0562748578621152e-16,1.2177758801357186e-15,6.9493337083836231e-17,0.0011843392564192378,6.0391638953908204,6.0403482346472392,0.0048540375614926695,2.2504229997103656e-16,-0.0097080751229853234,0.0097080751229853234,0.0096512389480214525,1.0058890029839664,4.7539724164647607e-20,5,3.6491495081908405e-11,4.9144465885983192e-16,256,1.25,2
3,0.30000000000000004,4.6968444434152593e-16,1.016547956922409e-15,1.0744617966004928e-16,0.0011120577725107499,6.0392361768747298,6.0403482346472401,0.0047035821900287067,2.2800789852305233e-16,-0.0094071643800573909,0.0094071643800573909,0.0095043572259156193,0.98977386439209047,6.7233240188310089e-20,5,5.4796373180551996e-11,1.1933185010261115e-15,256,1.25,2
4,0.40000000000000002,2.2530714979526138e-16,4.5883435939586548e-16,1.2476371771855808e-16,0.0010163012884514368,6.0393319333587883,6.0403482346472401,0.0044965174199329827,2.1114738247087236e-16,-0.0089930348398659377,0.0089930348398659377,0.0093597108893810031,0.96082399832124354,9.6138239513363088e-20,5,6.1571292379693592e-11,1.8321068413540145e-15,192,1.1875,2
5,0.5,2.1993014428009242e-16,5.4643789493269423e-16,1.1239943008591658e-16,0.00090208459041213492,6.0394461500568282,6.0403482346472401,0.0042363187990092678,2.0406793056604552e-16,-0.0084726375980185044,0.0084726375980185044,0.0092172659181965714,0.91921375310350606,7.8138789384209206e-20,5,6.5004848848011517e-11,2.4375343680862743e-15,256,1.25,2
6,0.60000000000000009,3.1270233494478098e-16,8.2052420413702976e-16,8.9130049304675463e-17,0.00077526359757720625,6.0395729710496626,6.0403482346472401,0.0039272598271645129,1.8534238133455172e-16,-0.0078545196543289876,0.0078545196543289876,0.0090769888098933254,0.86532217003154988,8.9573734172142261e-20,5,6.7747390094522036e-11,3.0124426118702188e-15,192,1.1875,2
7,0.70000000000000007,3.5692686053125279e-16,1.0443035325380379e-15,7.2927886725466196e-17,0.00064233314901899694,6.0397059014982215,6.0403482346472401,0.0035747445617243688,1.7376484253817417e-16,-0.0071494891234486994,0.0071494891234486994,0.0089388465718746694,0.79982233344780373,7.4221262003158067e-20,5,6.9359158569633675e-11,3.5180361161430857e-15,216,1.2109375,2
8,0.80000000000000004,2.3794928005695653e-16,6.357761539454998e-16,7.7843460448280099e-17,0.00050966365936004057,6.0398385709878797,6.0403482346472401,0.0031842456840186001,1.6732370089062904e-16,-0.0063684913680371567,0.0063684913680371567,0.0088028067136566805,0.72346145669165662,3.5363625547867039e-20,5,7.0853206892931037e-11,3.9788935626991353e-15,144,1.140625,2
9,0.90000000000000002,2.8844624360362234e-16,6.9128730517675763e-16,8.5325265954570309e-17,0.00038384346851581564,6.0399643911787244,6.0403482346472401,0.0027633868003111759,1.4513140222254783e-16,-0.0055267736006223067,0.0055267736006223067,0.0086688372392264828,0.63754497265373256,1.0587911840678754e-21,5,7.1931489303097243e-11,4.3581787772280433e-15,216,1.2109375,2
10,1,3.814372178657349e-16,7.095019016745141e-16,9.2965406064097839e-17,0.00026991720289759288,6.0400783174443422,6.0403482346472401,0.0023172866570932431,1.1161499379874336e-16,-0.0046345733141864385,0.0046345733141864385,0.0085369066395169207,0.54288672816605799,4.6851509895003488e-20,5,7.2935907225131839e-11,4.6803933097347855e-15,242,1.236328125,2
11,1.1000000000000001,5.1051214293291325e-16,1.0425688090620611e-15,1.0436772886141302e-16,0.00017303008120847242,6.0401752045660313,6.0403482346472401,0.0018553470820859112,1.0448072563496811e-16,-0.0037106941641717748,0.0037106941641717748,0.0084069838849957484,0.4413823334185743,3.1604916844426081e-20,5,7.385018219414195e-11,4.9102474547792051e-15,232,1.2265625,2
12,1.2000000000000002,4.5662817584894649e-16,1.0573139586078639e-15,1.233038661103885e-16,9.6241622854456151e-05,6.0402519930243859,6.0403482346472401,0.0013837122339269161,7.6323200601674558e-17,-0.0027674244678537832,0.0027674244678537832,0.0082790384183676208,0.33426882785252693,1.164670302474663e-20,5,7.4653691152796544e-11,5.0642143212824326e-15,230,1.224609375,2
13,1.3,2.9911698263400845e-16,6.4098032437343022e-16,1.3676164167652383e-16,4.164918288681359e-05,6.0403065854643536,6.0403482346472401,0.00091026453893459556,5.0342229260871389e-17,-0.0018205290778691434,0.0018205290778691434,0.008153040147387141,0.22329450670650511,6.1145190879919806e-21,5,7.5442936976848632e-11,5.1316906245400581e-15,206,1.201171875,2
14,1.4000000000000001,4.4611115385230634e-16,8.434008699764739e-16,1.2633423534078034e-16,9.897619347543834e-06,6.0403383370278929,6.0403482346472401,0.00044374187874149677,2.1489051699304064e-17,-0.00088748375748294876,0.00088748375748294876,0.0080289594377812804,0.11053533952441982,1.1434944787933055e-20,5,7.6265790199432882e-11,5.1180524069372791e-15,178,1.173828125,2
15,1.5,4.076925422372194e-16,7.3448937361851596e-16,1.1524027697903756e-16,5.6852721287428041e-09,6.0403482289619683,6.0403482346472401,1.0520252738430933e-05,-3.10944036569631e-18,2.1040505476908006e-05,2.1040505476908006e-05,0.0079067671062795358,0.0026610756576095035,-2.1175823681357508e-22,5,7.6943820818457802e-11,5.0298854218390953e-15,128,1.125,2
16,1.6000000000000001,3.7383083580454055e-16,7.3302908881744955e-16,1.1443397114022761e-16,9.8870402313069456e-06,6.0403383476070092,6.0403482346472401,0.00044349722957815553,-2.2256802154859721e-17,0.0008869944591563541,0.0008869944591563541,0.0077864344137501297,0.11391535740543876,9.6349997750176664e-21,5,7.7954071740623339e-11,4.8516037000577402e-15,298,1.291015625,2
17,1.7000000000000002,3.1726491336117776e-16,7.0050302364288441e-16,1.1188925733671278e-16,3.6236771719900552e-05,6.04031199787552,6.0403482346472401,0.00084905365828499401,-5.5920994010131171e-17,0.0016981073165700314,0.0016981073165700314,0.0076679330584406959,0.22145567829400797,1.9905274260476058e-20,5,7.8838423351647413e-11,4.5975337958881869e-15,186,1.181640625,2
18,1.8,5.0278835145714199e-16,1.0031038499835887e-15,1.1677701361346429e-16,7.5106896965650594e-05,6.0402731277502744,6.0403482346472401,0.0012223666811539699,-7.6153962271653011e-17,0.0024447333623079763,0.0024447333623079763,0.0075512351693218169,0.32375277785548562,2.4352197233561135e-20,5,7.9907099009214467e-11,4.2944925103919704e-15,240,1.234375,2
19,1.9000000000000001,4.6127871078651169e-16,8.4827977975265867e-16,1.3935183911259476e-16,0.00012155294021405495,6.0402266817070265,6.0403482346472401,0.0015550535270834223,-7.9465224596912055e-17,0.0031101070541668793,0.0031101070541668793,0.0074363132995318776,0.41823238598119089,2.6575658720103673e-20,5,8.1303565746833331e-11,3.889639224741439e-15,206,1.201171875,2
20,2,3.8578367762151096e-16,7.2880070034475608e-16,1.5455785958897342e-16,0.00017122000992044121,6.0401770146373197,6.0403482346472401,0.001845608139839713,-8.684996169382328e-17,0.003691216279679459,0.003691216279679459,0.0073231404199216726,0.50404827273801478,3.0281427864341237e-20,5,8.2638917393390995e-11,3.4567266336614926e-15,166,1.162109375,2
21,2.1000000000000001,5.500206856600758e-16,9.0140568620444839e-16,1.6482925265700353e-16,0.00021937143667217997,6.0401288632105681,6.0403482346472401,0.002089070222355409,-1.11619351424041e-16,0.0041781404447108475,0.0041781404447108475,0.0072116899126972679,0.5793566411326978,2.5305109299222223e-20,5,8.518108065709072e-11,2.9867463273834795e-15,262,1.255859375,2
22,2.2000000000000002,6.9639962401594819e-16,1.0959115559483479e-15,1.4713278112771897e-16,0.00026166620282798192,6.0400865684444121,6.0403482346472401,0.0022815897040482712,-1.1601820176607447e-16,0.0045631794080965675,0.0045631794080965675,0.0071019355651595981,0.64252616293541687,9.3173624197973037e-21,5,8.7937820609811045e-11,2.4404332119568719e-15,164,1.16015625,2
23,2.3000000000000003,7.0401686459053319e-16,1.2221397938799727e-15,1.3198587230553285e-16,0.00029465873550299076,6.0400535759117373,6.0403482346472401,0.0024211605846081192,-1.3449501678065966e-16,0.0048423211692162592,0.0048423211692162592,0.0069938515635393555,0.69236830739451971,3.8010603508036728e-20,5,9.348563611924383e-11,1.8866000351741532e-15,250,1.244140625,2
24,2.4000000000000004,6.3707995499085917e-16,1.2097595603229039e-15,1.269639653112655e-16,0.00031640850471397006,6.0400318261425268,6.040348234647241,0.0025089305163530388,-1.3317707785742367e-16,0.0050178610327060941,0.0050178610327060941,0.0068874124869256915,0.72855532353136265,2.8904999325052999e-20,6,2.9436334277966512e-13,2.9657723135368351e-17,194,1.189453125,2
25,2.5,4.5916861308161638e-16,8.1098322501915732e-16,1.314348644581212e-16,0.00032471737261431649,6.0400235172746255,6.0403482346472401,0.0025416585069232569,-1.3218022543544059e-16,0.0050833170138465233,0.0050833170138465233,0.0067825933012873284,0.74946510693508861,-3.1234339930002325e-20,6,4.4991453434202762e-13,2.6884450529753075e-17,210,1.205078125,2
26,2.6000000000000001,3.3530170689316237e-16,7.4636477553902125e-16,1.3326587744669866e-16,0.00032039225303597056,6.0400278423942044,6.0403482346472401,0.0025246772694603771,-1.4239060611450877e-16,0.0050493545389207594,0.0050493545389207594,0.0066793693535846565,0.75596276708532262,-1.8846483076408183e-20,5,5.7928343368342959e-11,1.7699971410083693e-16,70,1.068359375,2
27,2.7000000000000002,4.175963619403329e-16,9.5041162440079319e-16,1.3380736352404027e-16,0.00030339913330518621,6.0400448355139353,6.0403482346472401,0.0024568123759299539,-1.3512929022496747e-16,0.0049136247518599121,0.0049136247518599121,0.0065777163659714371,0.74701073723391509,-2.7634449904171549e-20,5,3.8921872086209269e-11,4.0103591304823279e-16,310,1.302734375,2
28,2.8000000000000003,4.8744863278666082e-16,1.0592121594426608e-15,1.4571762047240404e-16,0.00027524595337926445,6.0400729886938613,6.040348234647241,0.0023400518618326861,-1.1956298996493025e-16,0.0046801037236653704,0.0046801037236653704,0.0064776104300847629,0.7225046603495926,-1.9481757786848908e-20,5,5.6686536589579228e-11,9.6783619772134634e-16,204,1.19921875,2
29,2.9000000000000004,5.3572225573850648e-16,1.3045120539345589e-15,1.7616115812465665e-16,0.00023868953641094435,6.0401095451108295,6.0403482346472401,0.0021791222976655028,-1.0495437387890491e-16,0.0043582445953309987,0.0043582445953309987,0.0063790280014219027,0.68321452647010394,-4.8598515348715482e-20,5,6.3301051620065996e-11,1.4687008138986333e-15,168,1.1640625,2
30,3,8.3284169002234412e-16,1.7082689429681608e-15,1.5286430033008625e-16,0.0001969167440490318,6.0401513179031916,6.040348234647241,0.0019792759706942463,-9.6643370737495325e-17,0.003958551941388483,0.003958551941388483,0.0062819458938027286,0.6301474110583597,-4.0075246316969085e-20,5,6.660158373148446e-11,1.9189503644444057e-15,176,1.171875,2
31,3.1000000000000001,1.0880849107010731e-15,1.7607443281164592e-15,1.1430923934959675e-16,0.0001535304182603691,6.0401947042289796,6.0403482346472401,0.0017476778826747562,-8.960223679190569e-17,0.0034953557653494985,0.0034953557653494985,0.0061863412739164327,0.56501179139389246,-2.9646153153900512e-20,5,6.9298283569975373e-11,2.3180775069649575e-15,280,1.2734375,2
32,3.2000000000000002,9.6922469662567582e-16,1.4567340389515238e-15,1.0449582017188921e-16,0.00010996315721435806,6.0402382714900256,6.0403482346472401,0.0014790696632253008,-6.9698997358659852e-17,0.0029581393264505838,0.0029581393264505838,0.0060921916559512164,0.48556242047324577,-4.4495699510452465e-20,5,6.9782079346327774e-11,2.7005211203698028e-15,282,1.275390625,2
33,3.3000000000000003,7.4149399917886523e-16,1.2498682644412895e-15,1.0717009063792108e-16,7.2077931680134349e-05,6.0402761567155601,6.0403482346472401,0.0011974735325244394,-5.8225849759774691e-17,0.0023949470650488579,0.0023949470650488579,0.0059994748963057261,0.39919278044209927,-5.074256749645293e-20,5,7.3443838293054736e-11,2.9729254876762647e-15,74,1.072265625,2
34,3.4000000000000004,5.1508374146186822e-16,1.0139458717084437e-15,1.0718307518359087e-16,3.9809159535860445e-05,6.0403084254877042,6.0403482346472401,0.00088993117251312374,-4.1260056099990796e-17,0.0017798623450262247,0.0017798623450262247,0.0059081691883809675,0.30125446450086601,-3.2001963538451535e-20,5,7.2133974346669799e-11,3.1872917066688106e-15,220,1.21484375,2
35,3.5,3.9454449339505803e-16,8.5099028518387243e-16,1.1063841591155033e-16,1.7018615122918214e-05,6.0403312160321176,6.0403482346472401,0.00058186219457838514,-1.5641562867308043e-17,0.0011637243891567451,0.0011637243891567451,0.0058182530574514861,0.20001268038115899,-1.5987746879424919e-20,5,7.5644144419838956e-11,3.3461196786197826e-15,256,1.25,2
36,3.6000000000000001,3.5359091674093435e-16,7.9428651156288055e-16,1.2356706866676977e-16,3.5041233903056057e-06,6.0403447305238505,6.040348234647241,0.00026401757088481687,7.4026628237952021e-18,0.00052803514176960641,0.00052803514176960641,0.0057297053556145941,0.092157468664977621,-1.657008203066225e-20,5,7.4690459548762361e-11,3.4091174910334209e-15,242,1.236328125,2
37,3.7000000000000002,3.8851126228459413e-16,8.2179814168970022e-16,1.4686635894731433e-16,1.290313944131925e-07,6.0403481056158457,6.0403482346472401,5.0550721838781289e-05,3.3718721052590632e-17,-0.00010110144367759208,0.00010110144367759208,0.0056425052568164786,0.017917828885574468,2.8587361969832636e-21,5,7.6234927007769461e-11,3.4463849922595013e-15,138,1.134765625,2
38,3.8000000000000003,6.3776858113978496e-16,1.0722759485881639e-15,1.4690650663268818e-16,6.2125072125351949e-06,6.0403420221400275,6.0403482346472401,0.00035155150075326651,5.755763375941572e-17,-0.00070310300150656414,0.00070310300150656414,0.0055566322519539982,0.12653401730145394,-1.3790755172484077e-20,5,7.7695463715136063e-11,3.3558038761755809e-15,190,1.185546875,2
39,3.9000000000000004,8.6634069198331372e-16,1.5638532135930916e-15,1.3416660567883016e-16,2.0655767395429758e-05,6.0403275788798449,6.0403482346472401,0.00064102496470788521,6.8174244178359514e-17,-0.0012820499294158025,0.0012820499294158025,0.0054720661440510179,0.23428991822578552,-1.1540823906339842e-20,5,7.7873839821481465e-11,3.2411238638039963e-15,168,1.1640625,2
40,4,9.2638081037885156e-16,1.7702853072343316e-15,1.3422455081961895e-16,4.1293318533905211e-05,6.0403069413287067,6.040348234647241,0.00090636304038754203,9.0378184758714598e-17,-0.0018127260807751175,0.0018127260807751175,0.0053887870435081805,0.33638851677371273,-3.8645878218477453e-21,5,8.0353388051040084e-11,3.0693374166228332e-15,260,1.25390625,2
41,4.1000000000000005,7.5144200388278923e-16,1.5278577014665728e-15,1.5155009839268738e-16,6.6152092382306259e-05,6.0402820825548584,6.040348234647241,0.0011471923083884543,1.0984645631943869e-16,-0.0022943846167769429,0.0022943846167769429,0.0053067753634249357,0.43235005434565293,1.5881867761018131e-22,5,8.0977819058963569e-11,2.7993234796745019e-15,296,1.2890625,2
42,4.2000000000000002,4.693174899579026e-16,1.0321604682062002e-15,1.624601199705205e-16,9.1991796726648137e-05,6.0402562428505133,6.0403482346472401,0.001352817226342897,1.1929774596449654e-16,-0.0027056344526858291,0.0027056344526858291,0.005226011814992799,0.51772451890056759,-2.0646428089323571e-20,5,8.3242059149731848e-11,2.4610984890157217e-15,172,1.16796875,2
43,4.2999999999999998,3.7134388502272341e-16,7.6573133684504358e-16,1.5333625915286222e-16,0.00011857610892550956,6.0402296585383146,6.0403482346472401,0.0015359003353892131,1.241279098833707e-16,-0.0030718006707784605,0.0030718006707784605,0.0051464774029586916,0.59687441142022568,-3.0069669627527662e-20,5,8.1842166787543431e-11,2.1534510749759213e-15,164,1.16015625,2
44,4.4000000000000004,4.8225927278449697e-16,1.2420620087993939e-15,1.4368794883283281e-16,0.00013920379111597057,6.0402090308561247,6.040348234647241,0.0016641426378222626,1.3948643894638917e-16,-0.0033282852756445604,0.0033282852756445604,0.0050681534211573396,0.6567057070037412,-2.6575658720103673e-20,5,9.4116958622190195e-11,1.7415689010767707e-15,176,1.171875,2
45,4.5,5.0660512556258922e-16,1.0443035325380379e-15,1.5937008698375991e-16,0.00015596312541863824,6.0401922715218221,6.040348234647241,0.0017614706573307163,1.4990736996693508e-16,-0.0035229413146614669,0.0035229413146614669,0.004991021448111665,0.70585577547344724,-1.1276126110322873e-20,5,9.1142199935170816e-11,1.2788798555005455e-15,112,1.109375,2
46,4.6000000000000005,6.7303773618544978e-16,1.4320142294188543e-15,1.7856367075567058e-16,0.00016657899147998857,6.0401816556557604,6.0403482346472401,0.0018204315492665049,1.5664924319681886e-16,-0.0036408630985330448,0.0036408630985330448,0.0049150633427001234,0.74075608892008948,-1.9269999550035333e-20,6,2.7349181880379054e-13,2.8927315914206027e-17,226,1.220703125,2
47,4.7000000000000002,1.1188847019913207e-15,1.8973538018496328e-15,1.7115251178677964e-16,0.00016708783964746802,6.0401811468075932,6.040348234647241,0.0018232125106698071,1.5683273394582143e-16,-0.0036464250213396488,0.0036464250213396488,0.0048402612398899926,0.75335293708703277,-2.0858186326137146e-20,6,1.6267373984790819e-12,6.0858164682055829e-18,252,1.24609375,2
48,4.8000000000000007,1.3694849934880051e-15,2.0690914259713367e-15,1.5801588666266244e-16,0.00016223295062697704,6.0401860016966138,6.040348234647241,0.001796526653885916,1.5419091831624096e-16,-0.0035930533077718637,0.0035930533077718637,0.004766597546535585,0.75379833784862615,-2.3293406049493259e-20,5,2.1983138317547309e-11,1.3344859746225775e-16,222,1.216796875,2
49,4.9000000000000004,1.2979355839514157e-15,2.211772431870429e-15,1.8255930064792093e-16,0.00015049535554680722,6.0401977392916937,6.0403482346472401,0.0017302800161770203,1.5152358803394419e-16,-0.0034605600323540722,0.0034605600323540722,0.0046940549372404229,0.7372218856877063,-4.5104504441291493e-20,5,4.7827768464471357e-11,4.8246434326127519e-16,306,1.298828125,2
50,5,8.1423804277529407e-16,1.6787786438765551e-15,2.0790160705927847e-16,0.00013220684750948769,6.0402160277997305,6.0403482346472401,0.0016217575123310562,1.4855145045772994e-16,-0.0032435150246621428,0.0032435150246621428,0.0046226163502823617,0.70166217113475582,-4.1928130889087867e-20,5,5.9037222882356877e-11,9.2825126614089759e-16,218,1.212890625,2
51,5.1000000000000005,4.391619237535285e-16,8.547849927875717e-16,2.0394375170437242e-16,0.0001108252098808918,6.0402374094373599,6.040348234647241,0.0014847870880978433,1.4146623195602891e-16,-0.0029695741761957151,0.0029695741761957151,0.0045522649836007558,0.65232893667073788,-3.5151867311053464e-20,5,6.621299504867185e-11,1.3106085223723622e-15,202,1.197265625,2
52,5.2000000000000002,4.3944275622531185e-16,8.1965684239904135e-16,1.7376285821520808e-16,8.6938411064565565e-05,6.0402612962361761,6.040348234647241,0.0013151081042251966,1.3452289916762009e-16,-0.0026302162084504213,0.0026302162084504213,0.0044829842908446788,0.58671100271797716,-1.1434944787933055e-20,5,6.7354769574974212e-11,1.6396703438101106e-15,170,1.166015625,2
53,5.3000000000000007,4.0997902245105491e-16,1.0551455542628929e-15,1.5251438691565852e-16,6.3402485898211071e-05,6.0402848321613423,6.0403482346472401,0.0011230714651669252,1.2583053367720551e-16,-0.0022461429303338755,0.0022461429303338755,0.0044147579774812887,0.50878053605451479,-1.0376153603865179e-20,5,7.0465117500177811e-11,1.9467283590918281e-15,246,1.240234375,2
54,5.4000000000000004,6.0070541346967196e-16,1.248784062268804e-15,1.3857925375425883e-16,4.0521360613082324e-05,6.0403077132866274,6.0403482346472401,0.00089784669701790552,1.1612955263145702e-16,-0.0017956933940358366,0.0017956933940358366,0.0043475699969634249,0.41303380860803729,-1.2705494208814505e-20,5,6.9613679369908504e-11,2.2573386046789387e-15,188,1.18359375,2
55,5.5,7.2499805763503958e-16,1.7683337433238577e-15,1.2601149717012805e-16,2.2099502667149332e-05,6.0403261351445732,6.0403482346472401,0.00066305173437307169,1.0421643647555673e-16,-0.0013261034687461707,0.0013261034687461707,0.0042814045469555225,0.30973561461019933,-5.2939559203393771e-21,5,7.3897631453240092e-11,2.4966398834542471e-15,176,1.171875,2
56,5.6000000000000005,6.9421370158264807e-16,1.704365815147213e-15,1.3069201619827054e-16,8.892675682026491e-06,6.0403393419715581,6.0403482346472401,0.00042036516339455279,9.4974520898607203e-17,-0.00084073032678913214,0.00084073032678913214,0.0042162460656169692,0.19940257606053807,4.0234064994579266e-21,5,7.4324195284478806e-11,2.5965138243027911e-15,202,1.197265625,2
57,5.7000000000000002,5.4525613947136233e-16,1.1752209448656625e-15,1.4362079796042272e-16,1.3403612660282498e-06,6.0403468942859746,6.040348234647241,0.00016297357135508674,8.4153144438170524e-17,-0.00032594714271020047,0.00032594714271020047,0.0041520792279420293,0.078502149120057998,1.2705494208814505e-21,5,7.3663201236298308e-11,2.7272686567035795e-15,250,1.244140625,2
58,5.8000000000000007,5.6285049790392535e-16,1.0116961522005363e-15,1.4616379173735006e-16,4.7476909567173065e-07,6.040347759878145,6.040348234647241,9.4557567728227815e-05,7.3274169627751176e-17,0.00018911513545642443,0.00018911513545642443,0.0040888889421554549,0.046250983612367944,3.1763735522036263e-21,5,7.5795092655430772e-11,2.8094517631527844e-15,190,1.185546875,2
59,5.9000000000000004,6.0990794389469421e-16,1.3207208764132172e-15,1.3950331710742302e-16,5.7817893291927466e-06,6.040342452857911,6.0403482346472401,0.00033837587113668701,6.2903456342623231e-17,0.00067675174227334247,0.00067675174227334247,0.0040266603461629781,0.16806774947338732,1.1434944787933055e-20,5,7.8283048654596863e-11,2.7452121995616508e-15,154,1.150390625,2
60,6,6.5935596452304727e-16,1.5097515251860649e-15,1.3262023975964752e-16,1.636637906549918e-05,6.0403318682681748,6.0403482346472401,0.00056998807077116931,5.3450535655710713e-17,0.0011399761415423074,0.0011399761415423074,0.0039653788040557927,0.28748228047629115,5.082197683525802e-21,5,7.8417241261731542e-11,2.6221276596813813e-15,278,1.271484375,2
61,6.1000000000000005,5.6958966926136292e-16,1.6770439204005783e-15,1.3703102290918163e-16,3.2129943969354266e-05,6.0403161047032707,6.0403482346472401,0.00079912620237059667,3.9154493771035553e-17,0.0015982524047411615,0.0015982524047411615,0.0039050299026682578,0.40928045228260496,-5.082197683525802e-21,5,7.6653743932701999e-11,2.5316240443049417e-15,180,1.17578125,2
62,6.2000000000000002,5.1376373508779924e-16,1.4148838350935833e-15,1.3488802807334427e-16,4.9719620055573166e-05,6.0402985150271853,6.040348234647241,0.00099423382123655941,3.1693007838430232e-17,0.0019884676424730846,0.0019884676424730846,0.0038455994481879788,0.5170761201898022,6.7762635780344027e-21,5,8.3387956557709059e-11,2.3454133455299494e-15,194,1.189453125,2
63,6.3000000000000007,5.6610398269417983e-16,1.622833811776303e-15,1.2079310786825774e-16,6.8264385661323022e-05,6.0402799702615795,6.040348234647241,0.0011651879874334933,3.1779549037994902e-17,0.002330375974866951,0.002330375974866951,0.0037870734628174798,0.61535008437180261,-2.0752307207730358e-20,5,8.256865461639115e-11,2.030493928127789e-15,206,1.201171875,2
64,6.4000000000000004,6.1985438552205198e-16,1.7256161777279289e-15,1.0444239749011228e-16,8.5327785740597632e-05,6.0402629068614999,6.0403482346472401,0.0013028224616701254,3.1131263039059786e-17,0.0026056449233402175,0.0026056449233402175,0.0037294381814866862,0.698669557327671,-2.3716922523120409e-20,5,8.637415833239885e-11,1.7197946662718955e-15,194,1.189453125,2
65,6.5,6.6148929486405664e-16,1.6514567491299204e-15,1.0405103442991301e-16,0.00010107718066376355,6.0402471574665766,6.0403482346472401,0.0014180207207274069,2.9176203403793779e-17,0.0028360414414547786,0.0028360414414547786,0.0036726800486154339,0.77219943036528316,-2.541098841762901e-20,5,8.5621730046098453e-11,1.4242540237865504e-15,246,1.240234375,2
66,6.6000000000000005,6.564858612175788e-16,1.5772973205319119e-15,1.1951420058022687e-16,0.00011183574141197914,6.0402363989058285,6.0403482346472401,0.0014916054954408312,2.7463665807858931e-17,0.0029832109908816285,0.0029832109908816285,0.0036167857149252544,0.82482381485055178,-2.2234614865425384e-21,6,2.4572308592431716e-13,1.8361232767022863e-17,166,1.162109375,2
67,6.7000000000000002,7.9191708959928725e-16,1.9480944635219544e-15,1.3437165464358628e-16,0.00011742637220285393,6.0402308082750373,6.0403482346472401,0.0015283847990264666,2.9407831818887056e-17,0.0030567695980528962,0.0030567695980528962,0.00356174203429968,0.85822318646777773,-1.9058241313221758e-20,6,2.79110263718758e-13,1.3425526143220829e-17,190,1.185546875,2
68,6.8000000000000007,6.1375203452351371e-16,1.1661678567254086e-15,1.568982612621179e-16,0.00011590623264552094,6.0402323284145947,6.0403482346472401,0.0015184390675733403,3.2175258093189162e-17,0.0030368781351466454,0.0030368781351466454,0.0035075360606923308,0.86581522829653101,-6.7762635780344027e-21,5,9.4856218637636425e-11,2.247871183056828e-16,230,1.224609375,2
69,6.9000000000000004,6.5882304640806492e-16,1.7390602846667491e-15,1.5257878385059984e-16,0.00011080028303283026,6.040237434364208,6.040348234647241,0.001484248218340244,3.0220586563317032e-17,0.0029684964366804528,0.0029684964366804528,0.0034541550450820592,0.8593987235480135,-2.456395547037471e-20,5,3.6743475362911855e-11,2.5358350155523295e-16,254,1.248046875,2
70,7,6.9113140748304215e-16,1.8453120975703285e-15,1.4222283201255375e-16,0.00010032674655916749,6.0402479079006817,6.040348234647241,0.0014123205814163334,3.5106610914109349e-17,0.0028246411628326321,0.0028246411628326321,0.0034015864324744298,0.83038935476288689,1.4399560103323106e-20,5,5.2791750468015296e-11,5.6656961691482705e-16,178,1.173828125,2
71,7.1000000000000005,7.1052507855433708e-16,1.2962721174236691e-15,1.3998021593035474e-16,8.5045405957125998e-05,6.0402631892412835,6.040348234647241,0.0012999289141273069,3.9700434582235244e-17,0.0025998578282545801,0.0025998578282545801,0.0033498178589488406,0.77611916161626915,2.2869889575866109e-20,5,5.9566892727584238e-11,9.722313771960708e-16,162,1.158203125,2
72,7.2000000000000002,5.8887443788736761e-16,1.0616507672978059e-15,1.4539852857637386e-16,6.6469548479156248e-05,6.0402817650987615,6.040348234647241,0.0011487267793942068,4.329310033217591e-17,0.0022974535587883772,0.0022974535587883772,0.0032988371487505772,0.6964434602837335,2.2869889575866109e-20,5,6.4779683874160025e-11,1.4157838746121502e-15,222,1.216796875,2
73,7.3000000000000007,5.7077074792480344e-16,9.9421339216920757e-16,1.4733138441537488e-16,4.759727066208557e-05,6.0403006373765784,6.0403482346472401,0.0009712438236955368,5.1077416919775307e-17,0.0019424876473910376,0.0019424876473910376,0.0032486323114271245,0.59794013639472254,5.9292306307801024e-21,5,6.92956792245076e-11,1.7753132904202716e-15,216,1.2109375,2
74,7.4000000000000004,7.0661066910457467e-16,1.480803327180702e-15,1.4487096122302604e-16,3.0503655240955873e-05,6.0403177309919993,6.0403482346472401,0.00077778898772731656,5.4336521408857798e-17,0.0015555779754545952,0.0015555779754545952,0.0031991915390080674,0.48624096322063709,2.1175823681357508e-20,5,7.1673848606456805e-11,2.0092600271159539e-15,236,1.23046875,2
75,7.5,7.7750266488372104e-16,1.611198967212818e-15,1.5036775131763109e-16,1.5609945311797037e-05,6.0403326247019287,6.0403482346472401,0.00055503318406322031,5.9926298545937555e-17,0.0011100663681263994,0.0011100663681263994,0.0031505032032278992,0.35234573543333109,1.5670109524204556e-20,5,7.0437317677289372e-11,2.257699539887626e-15,184,1.1796875,2
76,7.6000000000000005,6.9597491511909103e-16,1.5154435865916138e-15,1.7003673132998995e-16,5.3158489606064914e-06,6.04034291879828,6.040348234647241,0.00032305771964028364,6.4434719727974315e-17,0.00064611543928052738,0.00064611543928052738,0.0031025558527911015,0.20825263748250433,7.6232965252887031e-21,5,7.3944014888081768e-11,2.4703981092524884e-15,194,1.189453125,2
77,7.7000000000000002,5.6313241223131033e-16,1.1087593516923011e-15,1.9097038751608964e-16,2.5900586091346739e-07,6.0403479756413798,6.040348234647241,6.2699954457202446e-05,6.7925004835957966e-17,0.00012539990891436499,0.00012539990891436499,0.003055338210678851,0.041042889614011993,4.2351647362715017e-21,5,7.169298185184725e-11,2.6882036919718406e-15,194,1.189453125,2
78,7.8000000000000007,5.5507168722434573e-16,1.1997781240724592e-15,2.0162752360980348e-16,1.8799744381309191e-06,6.0403463546728027,6.040348234647241,0.00019303210389611517,7.487811358621595e-17,-0.00038606420779226764,0.00038606420779226764,0.0030088391714967089,0.12831001784659193,5.082197683525802e-21,5,7.6483019165459938e-11,2.8389389592830388e-15,224,1.21875,2
79,7.9000000000000004,7.297923294753186e-16,1.3739552030822555e-15,2.0235307773519505e-16,9.838548038972774e-06,6.0403383960992016,6.040348234647241,0.00044224800156548018,7.6449174949495784e-17,-0.00088449600313099505,0.00088449600313099505,0.0029630477988626782,0.29850885411652678,9.1320739625854255e-21,5,7.7196208225342298e-11,2.7750904991764602e-15,246,1.240234375,2
80,8,8.7652147014970038e-16,1.9221820315995508e-15,1.9618167876282272e-16,2.387263567331113e-05,6.0403243620115674,6.040348234647241,0.00068819855950160618,8.067358478156356e-17,-0.0013763971190032449,0.0013763971190032449,0.0029179533228350105,0.4716994984916249,5.082197683525802e-21,5,7.6051350307421586e-11,2.7301502303263951e-15,194,1.189453125,2
81,8.0999999999999996,9.7136185312038697e-16,1.8484020737619122e-15,2.1140874827950595e-16,4.2562495064227978e-05,6.0403056721521766,6.040348234647241,0.0009197198218242528,8.4117515412909202e-17,-0.001839439643648534,0.001839439643648534,0.0028735451373791622,0.64012902380444536,1.6940658945086007e-21,5,7.8968824144409934e-11,2.6307308403142639e-15,160,1.15625,2
82,8.2000000000000011,8.5634519282242262e-16,1.5141967540932555e-15,2.1598253985630457e-16,6.5556143359803433e-05,6.040282678503881,6.040348234647241,0.0011405352107747161,8.4680049964657768e-17,-0.0022810704215494573,0.0022810704215494573,0.0028298127978732979,0.80608527294235166,2.6258021364883311e-20,5,7.8092400644865987e-11,2.5017954473019772e-15,222,1.216796875,2
83,8.3000000000000007,5.760364299644236e-16,1.2364241575024693e-15,2.2582862693548267e-16,9.1260038932666516e-05,6.0402569746083081,6.040348234647241,0.0013458054520154982,8.4297618370393125e-17,-0.0026916109040310159,0.0026916109040310159,0.0027867460186517591,0.96586157691300123,1.1011428314305904e-20,5,7.9944175906407684e-11,2.3692788483606452e-15,196,1.19140625,2
84,8.4000000000000004,7.4734569239113472e-16,1.5036799930201461e-15,2.1554505917159589e-16,0.00011509335170962882,6.0402331412955306,6.0403482346472401,0.0015115734327462364,7.9107511341805016e-17,-0.0030231468654924902,0.0030231468654924902,0.0027443346705859186,1.1015955516996201,2.2022856628611809e-20,5,8.6357631458710717e-11,2.0744490442348915e-15,228,1.22265625,2
85,8.5,9.3448287305480649e-16,1.8264469797690808e-15,2.1234859685503777e-16,0.00013708721676104191,6.0402111474304796,6.040348234647241,0.0016476176635448047,7.8569879163285101e-17,-0.0032952353270896233,0.0032952353270896233,0.0027025687787018467,1.219297489506431,3.3034284942917713e-20,5,8.3126704498092659e-11,1.7077023903268843e-15,210,1.205078125,2
86,8.5999999999999996,8.202911809706151e-16,1.8459626188738198e-15,2.3409999976501899e-16,0.00015375969232938724,6.0401944749549106,6.0403482346472401,0.0017458869958525479,7.194696452514431e-17,-0.0034917739917051062,0.0034917739917051062,0.0026614385198342476,1.3119874705663204,1.0164395367051604e-20,5,9.4386084052543506e-11,1.3451372099262945e-15,234,1.228515625,2
87,8.7000000000000011,6.1649991005699873e-16,1.5180998819142033e-15,2.6450452720258744e-16,0.00016378965365333682,6.0401844449935869,6.0403482346472401,0.0018020362527627976,7.0055957868584743e-17,-0.0036040725055256038,0.0036040725055256038,0.0026209342203160802,1.3751098663937316,-2.2022856628611809e-20,6,2.7560480737172078e-13,9.6627823624670801e-18,172,1.16796875,2
88,8.8000000000000007,6.8418540786580833e-16,1.6831154525664971e-15,2.7179576215925579e-16,0.00016764667085855125,6.0401805879763817,6.0403482346472401,0.0018237193641568879,6.1950178430374435e-17,-0.0036474387283137819,0.0036474387283137819,0.0025810463537033639,1.413162814019332,2.0328790734103208e-20,6,2.7653245871948041e-13,1.2950397873787239e-17,158,1.154296875,2
89,8.9000000000000004,1.0365278705481555e-15,2.4127835146492416e-15,2.5601662816832713e-16,0.00016504248257550024,6.0401831921646645,6.0403482346472401,0.0018104153332242174,5.5844701637083523e-17,-0.0036208306664484357,0.0036208306664484357,0.0025417655385345877,1.4245336997274598,2.7105054312137611e-20,5,4.5049753095014743e-11,2.0589527090121589e-16,218,1.212890625,2
90,9,1.181155408917763e-15,2.2524300133386355e-15,2.3940095125350312e-16,0.00015366668733283811,6.0401945679599072,6.0403482346472401,0.0017476135163198808,4.6566514864460677e-17,-0.0034952270326397581,0.0034952270326397581,0.0025030825361242329,1.3963690698157158,-5.082197683525802e-21,5,4.2953814135155673e-11,4.3570855266015178e-16,194,1.189453125,2
91,9.0999999999999996,1.0062236082224092e-15,1.9376861226660935e-15,2.5311481463945384e-16,0.00013610931886704343,6.0402121253283729,6.0403482346472401,0.0016453108212704335,3.4006034229812994e-17,-0.0032906216425408604,0.0032906216425408604,0.0024649882483898768,1.3349441502166532,-3.3881317890172014e-21,5,5.8381324326201452e-11,9.0431169762087695e-16,264,1.2578125,2
92,9.2000000000000011,7.2911679725386217e-16,1.9519975913429022e-15,2.7710839119182671e-16,0.00011388121298278263,6.0402343534342577,6.0403482346472401,0.0015050221578690626,1.5070054149121519e-17,-0.003010044315738117,0.003010044315738117,0.0024274737157123517,1.2399904873346106,6.3527471044072525e-21,5,6.3259127555751922e-11,1.3048676737901034e-15,200,1.1953125,2
93,9.3000000000000007,7.7247467181326124e-16,1.6022814043441247e-15,2.737666670909075e-16,8.7058079147988977e-05,6.0402611765680927,6.040348234647241,0.0013159230340217978,4.3457472538609645e-18,-0.0026318460680435848,0.0026318460680435848,0.002390530114828491,1.1009466275777944,5.082197683525802e-21,5,6.4160446686407901e-11,1.7909000612896668e-15,216,1.2109375,2
94,9.4000000000000004,9.9309024785286605e-16,2.2145642524645792e-15,2.6492053028964042e-16,6.0868410148328231e-05,6.0402873662370924,6.040348234647241,0.0010992990997321316,-7.6546136900994186e-18,-0.0021985981994642502,0.0021985981994642502,0.0023541487567559256,0.93392492430850971,-1.1011428314305904e-20,5,7.0177148793512118e-11,2.2229770903832533e-15,238,1.232421875,2
95,9.5,1.0014168406507536e-15,2.1053037785323525e-15,2.7862389530314428e-16,3.6419543893833432e-05,6.0403118151033466,6.0403482346472401,0.00084907042713170885,-1.8715549650218975e-17,-0.001698140854263401,0.001698140854263401,0.002318321084749473,0.73248734415358552,-1.2705494208814505e-20,5,7.0385460758891791e-11,2.5478188073127677e-15,210,1.205078125,2
96,9.6000000000000014,8.6696857058702337e-16,1.6723818510588906e-15,2.9640175910093012e-16,1.7265771407755349e-05,6.0403309688758329,6.040348234647241,0.0005737675378307503,-3.5540681123517131e-17,-0.0011475350756614826,0.0011475350756614826,0.0022830386722886274,0.50263497048481376,-6.7762635780344027e-21,5,7.1066076976386524e-11,2.884406531109477e-15,176,1.171875,2
97,9.7000000000000011,9.4290189689168318e-16,2.087089182034596e-15,2.9278004024177964e-16,4.6873453410132781e-06,6.0403435473018989,6.0403482346472401,0.0002774048645528542,-5.3544660234437039e-17,-0.00055480972910568855,0.00055480972910568855,0.0022482932210956788,0.24676929321314622,-8.1526921173226408e-21,5,7.3269627505304856e-11,3.1315347367452401e-15,208,1.203125,2
98,9.8000000000000007,1.1232565093283047e-15,2.6578132056309656e-15,2.8380492966506696e-16,1.1416547960005268e-06,6.0403470929924445,6.0403482346472401,3.5484564647849183e-05,-6.8797155108121397e-17,7.0969129295720063e-05,7.0969129295720063e-05,0.0022140765591839866,0.03205360221232649,1.6940658945086007e-21,5,7.3488917140066052e-11,3.3156643931020712e-15,178,1.173828125,2
99,9.9000000000000004,9.7711956580193851e-16,2.1127847735225025e-15,2.9165352346237739e-16,7.7921029477267654e-06,6.0403404425442924,6.0403482346472401,0.00035405965978883603,-8.3489722903304918e-17,0.00070811931957769493,0.00070811931957769493,0.0021803806389359688,0.32476866971413715,4.6586812098986519e-21,5,7.502355268097596e-11,3.4495597815090681e-15,204,1.19921875,2
100,10,7.5354354736654097e-16,1.4480197639901715e-15,3.0306325649663514e-16,2.4719776534705629e-05,6.040323514870706,6.040348234647241,0.00068302499224436692,-9.6229065200055035e-17,0.0013660499844887575,0.0013660499844887575,0.0021471975352103287,0.63620135646017595,1.1011428314305904e-20,5,7.4763163900445285e-11,3.5442796167474694e-15,154,1.150390625,2
101,10.100000000000001,7.3184306139652738e-16,1.526122977990596e-15,3.1063125870012107e-16,5.2428412969104951e-05,6.0402958062342709,6.0403482346472401,0.0010094546739964744,-1.0870497282732691e-16,0.0020189093479929723,0.0020189093479929723,0.0021145194434781006,0.95478400741122404,1.8634724839594607e-20,5,7.6695356565015241e-11,3.5986827630948084e-15,232,1.2265625,2
102,10.200000000000001,8.3729268421572637e-16,2.0276749029823904e-15,3.1850579842240509e-16,8.7960744189039919e-05,6.0402602739030513,6.0403482346472401,0.001314876332956294,-1.172048919522894e-16,0.0026297526659126123,0.0026297526659126123,0.0020823386779870549,1.2628842242198224,1.6940658945086007e-21,5,7.9233437099031634e-11,3.4976451097962515e-15,214,1.208984375,2
103,10.300000000000001,9.8163185426014708e-16,2.3701743692705612e-15,3.176616894951173e-16,0.00013230345247052596,6.0402159311947701,6.040348234647241,0.0016186609384120855,-1.2506864655250989e-16,0.0032373218768241962,0.0032373218768241962,0.0020506476699540368,1.5786826397616893,1.0164395367051604e-20,5,7.6526145045278921e-11,3.3835193180614512e-15,222,1.216796875,2
104,10.4,1.199566350475152e-15,2.1497560676042582e-15,3.0825660573202276e-16,0.00018076289975049031,6.0401674717474894,6.0403482346472401,0.0018939596073448649,-1.3551343750489343e-16,0.0037879192146897545,0.0037879192146897545,0.0020194389657848272,1.8757284963141392,2.541098841762901e-20,5,8.1050776211859621e-11,3.2241484058088235e-15,184,1.1796875,2
105,10.5,1.2569424244728337e-15,2.7521387946372045e-15,3.105108757211111e-16,0.00022910978959239463,6.0401191248576476,6.0403482346472401,0.0021343874977903625,-1.4065952376563901e-16,0.0042687749955807493,0.0042687749955807493,0.0019887052253210803,2.1465096693209258,4.8280877993495119e-20,5,8.1599597254342504e-11,2.8941853462603381e-15,220,1.21484375,2
106,10.600000000000001,1.3470925721948766e-15,2.7053012607858307e-15,3.1545148239088777e-16,0.00027608487804134542,6.0400721497691992,6.0403482346472401,0.0023434740676133272,-1.4367729246101939e-16,0.0046869481352266769,0.0046869481352266769,0.0019584392201139546,2.3932058177194593,1.2705494208814505e-21,5,8.4267886074566408e-11,2.5600142875067207e-15,220,1.21484375,2
107,10.700000000000001,1.1608330023920969e-15,2.2711867109226347e-15,3.228399004531822e-16,0.00031876771419567685,6.0400294669330448,6.0403482346472401,0.0025178489481944423,-1.4726502446309262e-16,0.0050356978963889045,0.0050356978963889045,0.0019286338317240097,2.6110181277321494,-8.6820877093565785e-21,5,8.3725583367718638e-11,2.2002094588746213e-15,188,1.18359375,2
108,10.800000000000001,8.1135595989565389e-16,1.8327353523694967e-15,3.2402959150403045e-16,0.00035115942046341303,6.0399970752267773,6.040348234647241,0.0026424455317548712,-1.4632889224746384e-16,0.0052848910635097616,0.0052848910635097616,0.0018992820500469778,2.7825730587929489,1.0164395367051604e-20,5,9.3742787313659331e-11,1.75144836252412e-15,220,1.21484375,2
109,10.9,8.3236696793819025e-16,1.8310006288935199e-15,3.0867275390741901e-16,0.00037083347673487292,6.0399774011705052,6.0403482346472401,0.0027132798190922123,-1.4442913252246806e-16,0.0054265596381844437,0.0054265596381844437,0.0018703769716650171,2.9013186755361398,-2.3716922523120409e-20,5,8.7424234807055394e-11,1.2220505322103302e-15,194,1.189453125,2
110,11,1.0440556983297565e-15,2.198762005800603e-15,2.9090336865524522e-16,0.00038048670962034499,6.0399677479376201,6.0403482346472401,0.0027469240517062725,-1.3148768523710271e-16,0.0054938481034125615,0.0054938481034125615,0.0018419117982230546,2.9826879379960731,-1.6940658945086007e-20,6,2.8101144751456415e-13,1.0432125292422281e-17,206,1.201171875,2
111,11.100000000000001,1.0289827745184045e-15,1.9984014443252818e-15,2.9525107578158807e-16,0.00037296873709404774,6.0399752659101464,6.0403482346472401,0.0027177455004064556,-1.2171841114821586e-16,0.0054354910008129267,0.0054354910008129267,0.0018138798348298455,2.9966103026459927,-2.7105054312137611e-20,5,4.8218974244046216e-11,3.745341472492318e-16,196,1.19140625,2
112,11.200000000000001,9.0084509281989841e-16,1.8735013540549517e-15,3.0941055570585295e-16,0.00035151555050691962,6.0399967190967336,6.0403482346472401,0.0026363298340301867,-1.1387319071079462e-16,0.0052726596680603872,0.0052726596680603872,0.0017862744884833567,2.9517634059349747,-6.0986372202309624e-20,5,4.8295388209675516e-11,6.4423452965266108e-16,222,1.216796875,2
113,11.300000000000001,1.0020194530196268e-15,1.8895475462077371e-15,3.0674220075829159e-16,0.00031856934270452615,6.0400296653045356,6.0403482346472401,0.0025063312529493491,-1.0031103840150502e-16,0.0050126625058987103,0.0050126625058987103,0.0017590892665201253,2.8495782455741345,-7.3691866411124129e-20,5,5.6501526255205628e-11,1.1328811105866362e-15,228,1.22265625,2
114,11.4,1.3146638249084813e-15,2.7326231555324654e-15,2.8398024893953935e-16,0.00027428325985821242,6.0400739513873818,6.0403482346472401,0.0023250161058838556,-8.0725809657896316e-17,0.0046500322117677189,0.0046500322117677189,0.001732317775088206,2.6842836104541785,-5.3363075677020921e-20,5,6.2600057159717832e-11,1.6530408914116741e-15,162,1.158203125,2
115,11.5,1.4094997623734337e-15,3.2187794096749656e-15,2.7713929916370852e-16,0.0002227004257594943,6.040125534221481,6.0403482346472401,0.0020893761601810988,-6.0458083337656242e-17,0.004178752320362202,0.004178752320362202,0.0017059537176433675,2.4495109551593224,-3.1340219048409113e-20,5,6.4888644750370948e-11,2.2327898970985055e-15,230,1.224609375,2
116,11.600000000000001,1.0951880656018982e-15,2.6424175347816714e-15,2.9151255436923842e-16,0.00016661007817591521,6.0401816245690645,6.0403482346472401,0.0018051013483108705,-3.9772813829501638e-17,0.0036102026966217471,0.0036102026966217471,0.0016799908934681694,2.1489418250171899,-4.4892746204477918e-20,5,6.7588134668832347e-11,2.7849129338093549e-15,200,1.1953125,2
117,11.700000000000001,7.0170718375150922e-16,1.515280956265741e-15,3.0161972495947341e-16,0.00011263648963162432,6.0402355981576088,6.0403482346472401,0.0014855668436432388,-1.9607738609870841e-17,0.0029711336872864855,0.0029711336872864855,0.0016544231962135792,1.7958728420191494,-3.2187251995663413e-20,5,6.9838107878884701e-11,3.2796104352739931e-15,220,1.21484375,2
118,11.800000000000001,7.0903508749257177e-16,1.7793926054832099e-15,2.9302755352671765e-16,6.5650089226294427e-05,6.0402825845580139,6.0403482346472401,0.001130470216556336,3.416473200038479e-18,0.0022609404331126771,0.0022609404331126771,0.0016292446124627851,1.3877231299816994,-2.2869889575866109e-20,5,7.1412579864662982e-11,3.6784475142911123e-15,218,1.212890625,2
119,11.9,9.6985663679268578e-16,1.9801868478275253e-15,2.5855671355256444e-16,2.8518283472516653e-05,6.0403197163637676,6.0403482346472401,0.00074301812631003298,2.4638843631040913e-17,0.0014860362526200686,0.0014860362526200686,0.0016044492203168635,0.92619712347555039,-2.3716922523120409e-20,5,7.1863357163283634e-11,4.0428189602929883e-15,174,1.169921875,2
120,12,1.0793945068262271e-15,2.2856065998166919e-15,2.3678185567929063e-16,5.457575335161348e-06,6.0403427770719054,6.0403482346472401,0.00032063588813460443,4.562746191543186e-17,0.00064127177626921244,0.00064127177626921244,0.0015800311880019749,0.40586020145597967,2.541098841762901e-21,5,7.2496674906149647e-11,4.431082370556142e-15,200,1.1953125,2
121,12.100000000000001,8.4590383746899954e-16,1.8394031957302825e-15,2.4044968004435154e-16,7.3460989559461345e-07,6.0403475000373446,6.0403482346472401,0.0001136990491925043,7.1115967355070964e-17,-0.00022739809838500508,0.00022739809838500508,0.0015559847724977525,0.14614416696377633,-3.1763735522036263e-21,5,7.4795853276683326e-11,4.6970723039986223e-15,208,1.203125,2
122,12.200000000000001,7.8923463184883828e-16,1.6927648519016181e-15,2.3941816655689281e-16,1.5382398420327555e-05,6.0403328522488202,6.0403482346472401,0.00055125925793856776,1.0008373964769019e-16,-0.0011025185158771321,0.0011025185158771321,0.0015323043181865704,0.71951668006909031,2.541098841762901e-21,5,7.5239320509510453e-11,4.8193560742570368e-15,226,1.220703125,2
123,12.300000000000001,1.1065793925377084e-15,2.8388749684360448e-15,2.1505650454508909e-16,5.1028042269099015e-05,6.0402972066049712,6.0403482346472401,0.0010006769488049832,1.1833007576664824e-16,-0.0020013538976099625,0.0020013538976099625,0.0015089842555233632,1.3262921003213715,1.7364175418713157e-20,5,7.5185985762982999e-11,4.9366250110840598e-15,200,1.1953125,2
124,12.4,1.3554656518046636e-15,3.2014321749151975e-15,1.9555645024228829e-16,0.00010562481787187678,6.0402426098293684,6.0403482346472401,0.0014395663041740134,1.3803574590619238e-16,-0.0028791326083480221,0.0028791326083480221,0.0014860190997256929,1.9374802173669818,1.6940658945086007e-21,5,7.7551006412791643e-11,4.9310543363542868e-15,214,1.208984375,2
125,12.5,1.0231874038668887e-15,1.8067145002298446e-15,2.1736265487962723e-16,0.00017637974312247553,6.0401718549041181,6.040348234647241,0.0018611199033096877,1.5253096180516575e-16,-0.0037222398066193707,0.0037222398066193707,0.0014634034494837502,2.5435499745012069,1.3552527156068805e-20,5,7.8241008949736086e-11,4.7821808123327033e-15,214,1.208984375,2
126,12.600000000000001,8.3659760217026893e-16,2.2390943266170638e-15,2.190054772066785e-16,0.00026148810401959376,6.0400867465432206,6.0403482346472401,0.0022670973552493014,1.7061120467512894e-16,-0.0045341947104985941,0.0045341947104985941,0.0014411319856899895,3.146273037807636,-2.2022856628611809e-20,5,7.82208252961842e-11,4.5983794674550831e-15,198,1.193359375,2
127,12.700000000000001,1.0030174776973193e-15,2.1753432388749161e-15,2.0012684045344103e-16,0.00035596480188230964,6.0399922698453583,6.040348234647241,0.0026474979084621453,1.842157913395211e-16,-0.0052949958169242802,0.0052949958169242802,0.0014191994701880976,3.7309736426427027,3.5575383784680614e-20,5,7.9632604875227183e-11,4.3686577892687014e-15,228,1.22265625,2
128,12.800000000000001,1.1386413597012085e-15,2.9689792291343053e-15,1.6435195160324e-16,0.00045517863761933302,6.0398930560096211,6.0403482346472401,0.0029942632827396074,1.9928338014220992e-16,-0.0059885265654792035,0.0059885265654792035,0.0013976007445409984,4.2848621746019191,6.2680438096818225e-20,5,8.0949611446697762e-11,4.0632390663263816e-15,200,1.1953125,2
129,12.9,1.1523472302889266e-15,2.9611729734924097e-15,1.5417165334124797e-16,0.000549227667960082,6.0397990069792806,6.040348234647241,0.0032885454924000655,2.0710726372558192e-16,-0.0065770909848001154,0.0065770909848001154,0.001376330728817612,4.7787140453155539,1.5246593050577406e-20,5,8.3855709584100012e-11,3.5965961160582419e-15,180,1.17578125,2
130,13,9.9274559021966622e-16,2.4893281880267182e-15,1.6746968072505544e-16,0.00063072287841038361,6.0397175117688295,6.0403482346472401,0.0035271402401495606,2.1527818358639306e-16,-0.0070542804802991039,0.0070542804802991039,0.0013553844203980751,5.2046344742750312,-6.1833405149563925e-20,5,8.6593583692040021e-11,3.0154470290386419e-15,222,1.216796875,2
131,13.100000000000001,1.1543127763309437e-15,3.5440400614206169e-15,1.6912436293816624e-16,0.00070019106159498374,6.039648043585645,6.0403482346472401,0.0037189455105462914,2.1837366773885186e-16,-0.007437891021092562,0.007437891021092562,0.0013347568927971445,5.5724687103923189,-7.453889935837843e-20,5,8.828266312306135e-11,2.4553984359847401e-15,202,1.197265625,2
132,13.200000000000001,1.3576879779713396e-15,3.6377151291233645e-15,1.7624199551773808e-16,0.00075183199807995159,6.0395964026491606,6.040348234647241,0.0038568766606815064,2.1618806707568771e-16,-0.0077137533213629886,0.0077137533213629886,0.0013144432945055113,5.8684565196590501,-5.082197683525802e-20,5,9.1534289001124546e-11,1.9138579029750527e-15,220,1.21484375,2
133,13.300000000000001,1.278249142088612e-15,2.746934624209274e-15,2.1401360200241407e-16,0.00077853319476798091,6.0395697014524723,6.0403482346472401,0.0039291846530924955,2.0980237487459113e-16,-0.0078583693061849598,0.0078583693061849598,0.0012944388478487417,6.070869488539353,-5.4210108624275222e-20,5,8.9437092247529771e-11,1.345249840073648e-15,174,1.169921875,2
134,13.4,1.0178264332676948e-15,2.3757038003502373e-15,2.50666316651584e-16,0.00078085518087414455,6.0395673794663658,6.0403482346472401,0.0039369987984955602,2.0395485022351211e-16,-0.0078739975969910857,0.0078739975969910857,0.0012747388478635904,6.1769495847620712,-1.3552527156068805e-20,5,7.155257207520938e-11,7.5368251619357376e-16,238,1.232421875,2
135,13.5,9.3022729648862808e-16,2.0330959138448179e-15,2.5652915029347924e-16,0.00075921959939880966,6.0395890150478415,6.0403482346472401,0.0038843769674916603,1.9070609878456217e-16,-0.0077687539349832815,0.0077687539349832815,0.0012553386611914125,6.1885721958169748,-2.541098841762901e-20,5,3.7377531802981535e-11,5.0289872324719828e-16,194,1.189453125,2
136,13.600000000000001,1.2163715393623134e-15,2.6628005356243989e-15,2.294640141181182e-16,0.00071218307632340617,6.0396360515709162,6.0403482346472392,0.0037637091484407125,1.7144016548054502e-16,-0.0075274182968813851,0.0075274182968813851,0.0012362337249884161,6.088992837460343,-1.0164395367051604e-20,5,4.9606549501721174e-11,1.1230454826236048e-15,200,1.1953125,2
137,13.700000000000001,1.3387009353776544e-15,2.9169375248550011e-15,2.0493185501534992e-16,0.00064273470586868658,6.0397054999413715,6.0403482346472401,0.0035756002930232402,1.5707127773471242e-16,-0.007151200586046437,0.007151200586046437,0.0012174195458524997,5.8740642126283582,-4.8280877993495119e-20,5,5.8222227865820009e-11,1.7592777304156858e-15,222,1.216796875,2
138,13.800000000000001,1.1443459387236764e-15,2.1727411536609509e-15,2.2328497703930695e-16,0.00055388151600571883,6.0397943531312341,6.0403482346472401,0.0033180628993432259,1.38221742197743e-16,-0.0066361257986864049,0.0066361257986864049,0.0011988916987664244,5.5352170721629932,-5.7598240413292423e-20,5,6.2205005828201188e-11,2.4379561442002431e-15,180,1.17578125,2
139,13.9,1.0729506100590826e-15,2.6150956400350367e-15,2.4792891427731172e-16,0.00045472635136457786,6.0398935082958758,6.0403482346472401,0.0030021270813191652,1.1393299553770097e-16,-0.0060042541626382818,0.0060042541626382818,0.0011806458260570666,5.0855676021744269,-9.8255821881498839e-20,5,6.6837567309162046e-11,3.1715521950654175e-15,240,1.234375,2
140,14,1.2319006476810659e-15,2.7521387946372045e-15,2.5548991317908968e-16,0.00035253823474766922,6.0399956964124923,6.0403482346472401,0.00263398207108219,9.0112892348230578e-17,-0.0052679641421643298,0.0052679641421643298,0.0011626776363705107,4.5308897129983041,-9.8255821881498839e-20,5,6.8793709293559877e-11,3.7815550980155273e-15,170,1.166015625,2
141,14.100000000000001,1.4708758315498361e-15,2.8826767362044592e-15,2.7078220131078487e-16,0.00025249125085551879,6.0400957433963844,6.0403482346472401,0.0022206194851237138,6.653221866058544e-17,-0.0044412389702473774,0.0044412389702473774,0.0011449829036627422,3.8788692442831061,-9.4867690092481638e-20,5,7.089424820800211e-11,4.2494014581165659e-15,238,1.232421875,2
142,14.200000000000001,1.2289567844229245e-15,2.6346112791397758e-15,3.086321331262683e-16,0.00016353315729975289,6.0401847014899408,6.0403482346472401,0.0017647283098282873,3.5806746767408669e-17,-0.0035294566196565225,0.0035294566196565225,0.0011275574662057001,3.1301789269626852,-6.2680438096818225e-20,5,7.0989105325877366e-11,4.7385170240739389e-15,176,1.171875,2
143,14.300000000000001,1.0299510607717043e-15,1.9544912563396188e-15,3.297978067742635e-16,8.7792001658696972e-05,6.0402604426455815,6.0403482346472401,0.0012642935669901884,4.2509229565687812e-18,-0.0025285871339803239,0.0025285871339803239,0.0011103972256084518,2.2771915091869603,-5.5692416281970247e-20,5,7.2284362400483286e-11,5.2095347274707834e-15,206,1.201171875,2
144,14.4,1.2039746870639767e-15,2.7521387946372045e-15,3.2101404289412775e-16,3.5768852212176486e-05,6.0403124657950276,6.0403482346472401,0.00074123171250234138,-3.0026372531055165e-17,-0.0014824634250046316,0.0014824634250046316,0.0010934981458532722,1.3557073056103301,-3.8963515573697816e-20,5,7.4011034309098202e-11,5.5740422054351433e-15,224,1.21875,2
145,14.5,1.2786395028928952e-15,2.5476582649064383e-15,3.0030724810032024e-16,1.1024157743532303e-05,6.040337210489497,6.0403482346472401,0.00020151326310607057,-6.6112354096131185e-17,-0.00040302652621208922,0.00040302652621208922,0.0010768562523463883,0.37426214068398161,-3.3881317890172014e-20,5,7.4062371970659503e-11,5.7839951939018963e-15,208,1.203125,2
146,14.600000000000001,1.2643822913049608e-15,2.5567655631553166e-15,3.0564034831113623e-16,1.5004215534267053e-05,6.0403332304317061,6.0403482346472401,0.00035356994966808319,-9.457853973270505e-17,0.00070713989933621462,0.00070713989933621462,0.0010604676309831698,0.66681893786858759,-1.0323214044661785e-20,5,7.452664265796748e-11,5.9928955106652172e-15,214,1.208984375,2
147,14.700000000000001,1.0712997191995303e-15,2.0951122781109888e-15,3.3178881470433965e-16,5.007442858903056e-05,6.0402981602186516,6.040348234647241,0.00092022631512109123,-1.2205590030184373e-16,0.0018404526302422284,0.0018404526302422284,0.0010443284272275491,1.7623312573499559,-1.6940658945086007e-21,5,7.5132674932126215e-11,6.1452231048631282e-15,200,1.1953125,2
148,14.800000000000001,9.1196277143831887e-16,1.77115266897232e-15,3.5433326629610521e-16,0.00011610090557067234,6.0402321337416698,6.0403482346472401,0.0014770681527507203,-1.466808360487959e-16,0.0029541363055014852,0.0029541363055014852,0.0010284348452054496,2.8724583956617491,-2.3716922523120409e-20,5,7.6885703186639334e-11,6.183898342842783e-15,220,1.21484375,2
149,14.9,1.0951401702848558e-15,2.1807642497373436e-15,3.6179662926987506e-16,0.00020951051110362331,6.0401387241361366,6.0403482346472401,0.0020174972490653868,-1.7112824916696003e-16,0.0040349944981308179,0.0040349944981308179,0.0010127831468120132,3.9840656026237862,-3.8963515573697816e-20,5,7.7087729047280328e-11,6.0502911806087834e-15,180,1.17578125,2
150,15,1.2671944581605209e-15,2.4383706859198995e-15,3.6713117182461254e-16,0.00032763099788481968,6.0400206036493556,6.0403482346472401,0.002538669300534094,-1.9407085421785374e-16,0.0050773386010682289,0.0050773386010682289,0.00099736965083241065,5.0907289958448727,-4.0657581468206416e-20,5,7.7672772628316945e-11,5.8869003440802507e-15,230,1.224609375,2
151,15.100000000000001,1.2467113309629898e-15,2.53182891318815e-15,3.7912194386488416e-16,0.0004591084580590042,6.0398891261891814,6.0403482346472401,0.0030164421950418779,-2.1795789501705313e-16,0.0060328843900837904,0.0060328843900837904,0.000982190732076038,6.1422737896662865,-4.7433845046240819e-20,5,7.9735195096536927e-11,5.586415161362107e-15,172,1.16796875,2
152,15.200000000000001,1.0763606085219787e-15,2.1510571102112408e-15,3.9978558670369648e-16,0.00060318866977444494,6.0397450459774662,6.040348234647241,0.0034628755729940474,-2.3732286694848531e-16,0.0069257511459881235,0.0069257511459881235,0.00096724282052388505,7.1603024587320769,-3.3881317890172014e-21,5,7.9372401607632004e-11,5.2302470768694361e-15,222,1.216796875,2
153,15.300000000000001,1.0123921496858445e-15,1.9689111452336761e-15,4.1243137393107048e-16,0.00075069476954597359,6.0395975398776942,6.0403482346472401,0.0038640966760488324,-2.4695207811307313e-16,0.0077281933520976882,0.0077281933520976882,0.00095252240048888264,8.1133980136647583,3.0493186101154812e-20,5,8.0390776127730531e-11,4.8588040153121807e-15,226,1.220703125,2
154,15.4,1.2044862631499122e-15,2.3012733212091074e-15,4.0524698626654274e-16,0.00088931634722076377,6.0394589183000198,6.0403482346472401,0.0042049547761809263,-2.4839457781459846e-16,0.0084099095523618699,0.0084099095523618699,0.00093802600978902626,8.9655398300238645,2.3716922523120409e-20,5,8.2956343218000832e-11,4.2579084790744714e-15,196,1.19140625,2
155,15.5,1.360149178736317e-15,2.428829706802027e-15,3.9642058488741814e-16,0.0010122258921894257,6.0393360087550505,6.0403482346472401,0.0044833655790935244,-2.4727060697529643e-16,0.0089667311581870593,0.0089667311581870593,0.00092375023893308662,9.7068783100326534,9.4867690092481638e-20,5,8.5131794049219996e-11,3.6078057534283742e-15,188,1.18359375,2
156,15.600000000000001,1.1794410468143824e-15,1.9353008778866254e-15,4.0258111843709144e-16,0.0011148442409803735,6.0392333904062596,6.0403482346472401,0.004700928234132323,-2.4576727204496501e-16,0.0094018564682646511,0.0094018564682646511,0.00090969173031871004,10.335211539155924,4.0657581468206416e-20,5,8.6561747637060816e-11,3.0023068322096635e-15,192,1.1875,2
157,15.700000000000001,9.1014324092314637e-16,2.2586099657218028e-15,4.1627548136125055e-16,0.001188640869563015,6.0391595937776774,6.0403482346472401,0.0048497536165266423,-2.3922289186581691e-16,0.0096995072330532828,0.0096995072330532828,0.00089584717744272519,10.827189589123206,9.8255821881498839e-20,5,9.1606713965072658e-11,2.317382229073887e-15,224,1.21875,2
158,15.800000000000001,8.9934286535431669e-16,1.9160020792163834e-15,4.2473067623989216e-16,0.0012287986708580249,6.0391194359763825,6.0403482346472401,0.0049239559389455609,-2.2282972481382519e-16,0.0098479118778911114,0.0098479118778911114,0.00088221332412346718,11.162733103895947,1.0842021724855044e-19,5,8.0414448358454717e-11,1.6217856322715803e-15,252,1.24609375,2
159,15.9,1.0963462917548229e-15,2.7596197896273544e-15,4.274383886331339e-16,0.0012362443766071355,6.0391119902706327,6.0403482346472401,0.0049343008092868892,-2.0492201225250783e-16,0.0098686016185737611,0.0098686016185737611,0.0008687869637349359,11.359058124155554,3.7269449679189215e-20,5,9.4705881451539772e-11,9.5197965625752435e-16,178,1.173828125,2
160,16,1.222928641491662e-15,2.7535482574614356e-15,4.4088740165472087e-16,0.001203726188123674,6.0391445084591169,6.0403482346472401,0.004866600582694473,-1.8215290737357629e-16,0.0097332011653889234,0.0097332011653889234,0.00085556493845261234,11.376344129988002,6.7762635780344027e-21,5,3.6843551372735307e-11,4.4725733505848741e-16,154,1.150390625,2
161,16.100000000000001,1.1759707801905516e-15,2.2924370735033506e-15,4.5737686041507635e-16,0.0011347606777231901,6.0392134739695171,6.0403482346472401,0.0047204498885871915,-1.5692351661960623e-16,0.0094408997771743518,0.0094408997771743518,0.0008425441385107507,11.20522871817936,5.7598240413292423e-20,5,4.8202788983288541e-11,1.078572844549475e-15,252,1.24609375,2
162,16.199999999999999,1.2172229353649049e-15,2.9676781865273227e-15,4.5860888435037154e-16,0.0010363686635694491,6.0393118659836711,6.0403482346472401,0.004508261854486809,-1.2738241371528131e-16,0.0090165237089735832,0.0090165237089735832,0.00082972150147097407,10.86692787036206,1.6940658945086007e-20,5,5.8961336757257592e-11,1.8717906539220621e-15,200,1.1953125,2
163,16.300000000000001,1.3591290916937966e-15,3.1298748315311542e-15,4.5124886795690083e-16,0.00091298277275773368,6.0394352518744823,6.0403482346472401,0.0042306832202026511,-9.196164125448992e-17,0.0084613664404052588,0.0084613664404052588,0.00081709401150200202,10.355438078479329,6.7762635780344027e-21,5,6.224777666368092e-11,2.5551704005137855e-15,210,1.205078125,2
164,16.400000000000002,1.4083595005024136e-15,2.6004589107064824e-15,4.467680839247183e-16,0.00077455235862584741,6.0395736822886139,6.0403482346472401,0.0038910418876183317,-5.4426448645915057e-17,0.0077820837752366114,0.0077820837752366114,0.0008046586986703389,9.6712852145837029,5.4210108624275222e-20,5,6.5152549942921295e-11,3.2534662936371007e-15,212,1.20703125,2
165,16.5,1.2346034735906804e-15,2.5634334065161024e-15,4.582489503763675e-16,0.00062374939744347445,6.0397244852497964,6.0403482346472401,0.0034902716442979302,-1.2210118289805205e-17,0.0069805432885958058,0.0069805432885958058,0.00079241263824175907,8.8092276065719375,5.082197683525802e-21,5,6.8117900339708029e-11,3.9642424622175687e-15,192,1.1875,2
166,16.600000000000001,1.0655662660114005e-15,2.1632001745430784e-15,4.6792574351694482e-16,0.00047121366084234136,6.0398770209863981,6.0403482346472401,0.003037667776983615,2.8596895667705161e-17,0.0060753355539671728,0.0060753355539671728,0.00078035294999341857,7.7853688565134682,5.082197683525802e-21,5,6.9338571171232215e-11,4.6289557303155161e-15,216,1.2109375,2
167,16.699999999999999,1.1435319668443762e-15,2.5561150418518253e-15,4.6993127591081298e-16,0.00032852724989079871,6.0400197073973496,6.0403482346472401,0.0025406253961522711,7.3088000200683538e-17,0.0050812507923044814,0.0050812507923044814,0.00076847679753644371,6.6121069739434937,-7.1997800516615529e-21,5,7.079033420887097e-11,5.1951110860379626e-15,208,1.203125,2
168,16.800000000000001,1.290029742661344e-15,3.0450902216427878e-15,4.6515146941610124e-16,0.00020409937864844003,6.0401441352685916,6.0403482346472401,0.0020042329470894562,1.2002527518525635e-16,0.0040084658941788483,0.0040084658941788483,0.00075678138764881798,5.2967289624186211,-3.6845933205562065e-20,5,7.1681777679882845e-11,5.664267442229816e-15,192,1.1875,2
169,16.900000000000002,1.3605121832404591e-15,2.3698491086188156e-15,4.7129495560321364e-16,0.00010429425754054477,6.0402439403896997,6.0403482346472401,0.0014371209149804443,1.7004808322719035e-16,0.0028742418299608219,0.0028742418299608219,0.00074526396961843223,3.8566762209535037,-3.4940109074239889e-20,5,7.2179203787233607e-11,6.0625557581737906e-15,222,1.216796875,2
170,17,1.488668520454691e-15,3.2328740379172771e-15,4.7256409685245493e-16,3.6866120975061853e-05,6.0403113685262655,6.0403482346472401,0.00085403039982141771,2.1529053496273983e-16,0.0017080607996427658,0.0017080607996427658,0.00073392183459612789,2.3273061505012995,-1.8634724839594607e-20,5,7.3684301612295832e-11,6.3498636994581531e-15,208,1.203125,2
171,17.100000000000001,1.5712441373340023e-15,3.2740466154174142e-15,4.6375251185310865e-16,4.3468446669873021e-06,6.0403438878025728,6.0403482346472401,0.00025504477824812448,2.6007839951973928e-16,0.00051008955649617838,0.00051008955649617838,0.00072275231495858418,0.70575983769129536,-1.5246593050577406e-20,5,7.4315153521814671e-11,6.5480863131312478e-15,198,1.193359375,2
172,17.199999999999999,1.5787647052755246e-15,3.2526065174565133e-15,4.610313532044287e-16,9.0977154647538038e-06,6.0403391369317756,6.0403482346472401,0.00034722578312636817,3.0825739899175025e-16,-0.00069445156625280637,0.00069445156625280637,0.00071175278368090778,0.97569209727761619,-1.6940658945086007e-20,5,7.5390448654598113e-11,6.6720006478261149e-15,234,1.228515625,2
173,17.300000000000001,1.373267456800106e-15,3.2916377956659915e-15,4.5206712857876057e-16,5.1521725958688607e-05,6.0402967129212817,6.0403482346472401,0.00094365483153550814,3.4700807441291753e-16,-0.001887309663071087,0.001887309663071087,0.00070092065371876375,2.6926152811418622,-3.8116482626443515e-20,5,7.6034505941140398e-11,6.6929911787190316e-15,170,1.166015625,2
174,17.400000000000002,1.1406013285558915e-15,2.4346843985334488e-15,4.4926000136142101e-16,0.00012872030720201919,6.0402195143400377,6.0403482346472401,0.0015294093724506741,3.8478538301110385e-16,-0.0030588187449014171,0.0030588187449014171,0.00069025337739991725,4.4314433584135964,-4.4045713257223618e-20,5,7.6949271453010428e-11,6.5987676437817788e-15,188,1.18359375,2
175,17.5,1.1319196761793136e-15,2.7720881146109377e-15,4.3831492229200787e-16,0.00023510265534539966,6.0401131319918946,6.0403482346472401,0.0020881290560326436,4.1609861128575418e-16,-0.0041762581120653574,0.0041762581120653574,0.00067974844582502879,6.1438288497982834,-3.5575383784680614e-20,5,7.7772671329467076e-11,6.4110531611584889e-15,242,1.236328125,2
176,17.600000000000001,1.2446515821295071e-15,2.5994831287512454e-15,4.3818830565502295e-16,0.00036567433326280187,6.0399825603139776,6.0403482346472401,0.0026191778255607832,4.541321496784634e-16,-0.0052383556511216341,0.0052383556511216341,0.00066940338827757107,7.8254095256379657,-5.5480658045156672e-20,5,7.7806513687646795e-11,6.0656152019401807e-15,212,1.20703125,2
177,17.699999999999999,1.2923771461063293e-15,2.6281060661048627e-15,4.4475292759480278e-16,0.00051148251162186982,6.039836752135618,6.0403482346472401,0.0031098218760864209,4.8869412765542523e-16,-0.0062196437521729077,0.0062196437521729077,0.00065921577164273029,9.4349134528045191,-5.4210108624275222e-20,5,7.9386053975313098e-11,5.7185080108205481e-15,186,1.181640625,2
178,17.800000000000001,1.4989370208315476e-15,2.6896887495020394e-15,4.4198168398690551e-16,0.00066656798188601256,6.0396816666653539,6.0403482346472401,0.0035621491431522085,5.1460541191360846e-16,-0.0071242982863044813,0.0071242982863044813,0.0006491831998351428,10.974249315314482,-1.7787691892340307e-20,5,8.0345383204194772e-11,5.2851899869962672e-15,188,1.18359375,2
179,17.900000000000002,1.8588557968880419e-15,3.9473632695852245e-15,4.1412453837899722e-16,0.00081764259820195351,6.0395305920490383,6.0403482346472401,0.0039585300824046439,5.3574138221373436e-16,-0.0079170601648093503,0.0079170601648093503,0.00063930331323534925,12.383887273699788,1.0164395367051604e-20,5,8.1802357734343872e-11,4.764369327730776e-15,254,1.248046875,2
180,18,1.9559959273203458e-15,4.7019679816351356e-15,4.0651101398220987e-16,0.0009625235574720882,6.0393857110897677,6.0403482346472401,0.0043065831569941738,5.5678097536262947e-16,-0.0086131663139884067,0.0086131663139884067,0.00062957378813482099,13.680948089509609,6.3527471044072525e-20,5,7.8863760404028705e-11,4.1656521428837337e-15,200,1.1953125,2
181,18.100000000000001,1.6969680036701438e-15,3.8614944575243726e-15,4.248880003034071e-16,0.001086301052233388,6.0392619335950064,6.0403482346472401,0.0045888473867095603,5.7026505675880739e-16,-0.0091776947734191691,0.0091776947734191691,0.00061999233618943185,14.802916484140258,3.3881317890172014e-20,5,8.3926694321623389e-11,3.5547747771938166e-15,180,1.17578125,2
182,18.199999999999999,1.1054363306655232e-15,2.2390943266170638e-15,4.3910421389676955e-16,0.0011839551636176708,6.0391642794836224,6.0403482346472401,0.0048088245467943855,5.7612687630284611e-16,-0.0096176490935888127,0.0096176490935888127,0.00061055670388125152,15.752261882394087,9.4867690092481638e-20,5,8.3847337418311331e-11,2.941384103199657e-15,182,1.177734375,2
183,18.300000000000001,9.8859241247090199e-16,2.0777650433512207e-15,4.1420066716757878e-16,0.0012566013370410379,6.0390916333101989,6.0403482346472401,0.0049681313317918689,5.8460711832467871e-16,-0.0099362626635837743,0.0099362626635837743,0.00060126467198852473,16.525605322398537,8.2585712357294283e-20,5,7.8724753230995121e-11,2.3924963471521502e-15,238,1.232421875,2
184,18.400000000000002,1.3527754404999671e-15,3.3202607330196088e-15,3.5955573186099175e-16,0.0012939642922548302,6.0390542703549857,6.0403482346472401,0.0050531580067036275,5.7812614339589009e-16,-0.010106316013407279,0.010106316013407279,0.00059211405506372282,17.068191384714972,7.6232965252887031e-20,5,7.1251927145719401e-11,1.7598958157943749e-15,198,1.193359375,2
185,18.5,1.6328288164004217e-15,3.4555691641457997e-15,3.1434557341190622e-16,0.0013032663811230088,6.0390449682661176,6.040348234647241,0.0050814215002864312,5.6873190733347277e-16,-0.01016284300057288,0.01016284300057288,0.00058310270091953232,17.42890743696854,-7.453889935837843e-20,5,5.7244996570560755e-11,1.3825330552244294e-15,210,1.205078125,2
186,18.600000000000001,1.7079872709693163e-15,2.8744367996935694e-15,3.1353904171546825e-16,0.0012776601685638332,6.0390705744786768,6.040348234647241,0.0050369338753315923,5.6677580270032282e-16,-0.010073867750663195,0.010073867750663195,0.0005742284901226704,17.543308846468328,-9.4867690092481638e-20,5,6.2374738270974593e-11,1.2837913547677616e-15,242,1.236328125,2
187,18.699999999999999,1.5442815745813407e-15,3.0773994463828558e-15,3.421501153431521e-16,0.0012242298818226117,6.0391240047654176,6.0403482346472401,0.0049346066731250013,5.5652189428160358e-16,-0.0098692133462500095,0.0098692133462500095,0.00056548933549540486,17.452518954409541,-1.3467823861343375e-19,5,4.9793928651813879e-11,1.4785106442906475e-15,206,1.201171875,2
188,18.800000000000001,1.4465650435799096e-15,3.2092384305570931e-15,3.6132304393863584e-16,0.0011452147409041903,6.0392030199063358,6.0403482346472401,0.0047706117151155329,5.3258186496243851e-16,-0.0095412234302310744,0.0095412234302310744,0.00055688318162465486,17.133258365597328,-8.4703294725430034e-20,5,5.6628744981089483e-11,2.1710107657994549e-15,152,1.1484375,2
189,18.900000000000002,1.3935493173079889e-15,3.1953606427492787e-15,3.5260094585844793e-16,0.0010453851274056499,6.0393028495198342,6.0403482346472401,0.0045498436858648662,5.1011742842868084e-16,-0.0090996873717297394,0.0090996873717297394,0.00054840800437856913,16.592914944852215,-1.3891340334970526e-19,5,6.3614124548826404e-11,2.6909271946332762e-15,230,1.224609375,2
190,19,1.4818285384199044e-15,3.3688329903469594e-15,3.1590313034495201e-16,0.00092919851502856646,6.0394190361322115,6.0403482346472401,0.004272781120653454,4.7938201427704255e-16,-0.0085455622413069098,0.0085455622413069098,0.00054006181043045863,15.823304066798636,-1.1180834903756764e-19,5,6.4778400828915484e-11,3.0971013594171923e-15,200,1.1953125,2
191,19.100000000000001,1.4589505828795455e-15,3.0331639977454472e-15,2.8412425813260772e-16,0.00080272447160840933,6.0395455101756319,6.0403482346472401,0.0039467013945984619,4.4895317010705459e-16,-0.0078934027891969186,0.0078934027891969186,0.00053184263678997159,14.841613370524257,1.3552527156068805e-20,5,6.72388898031877e-11,3.5827459340718997e-15,194,1.189453125,2
192,19.200000000000003,1.2724969836478719e-15,2.2690183065776637e-15,2.4970352067412735e-16,0.0006751099814940821,6.0396731246657458,6.0403482346472401,0.0035783366003110852,4.116376476453243e-16,-0.0071566732006221557,0.0071566732006221557,0.00052374855034140893,13.664330327896911,-6.0986372202309624e-20,5,6.631888542941199e-11,4.0262043223445718e-15,222,1.216796875,2
193,19.300000000000001,1.299173903414091e-15,2.3574892038524808e-15,2.3389980072639205e-16,0.00054916803138552346,6.0397990666158545,6.0403482346472401,0.0031718075112352742,3.7407414828658477e-16,-0.0063436150224705345,0.0063436150224705345,0.00051577764738906329,12.299127452658675,-7.6232965252887031e-20,5,6.8495888166974834e-11,4.4771961041739129e-15,164,1.16015625,2
194,19.400000000000002,1.3529276146676345e-15,2.8805083318594882e-15,2.2241741255564693e-16,0.00042846997890725577,6.0399197646683334,6.040348234647241,0.0027375951879698938,3.3306118739045958e-16,-0.0054751903759397676,0.0054751903759397676,0.0005079280532094755,10.779460479379615,-1.0164395367051604e-19,5,7.1938712784415665e-11,4.6835930461047321e-15,224,1.21875,2
195,19.5,1.3962044202038137e-15,2.8345381597461028e-15,2.2402296479687951e-16,0.00031940008415768414,6.0400288345630821,6.0403482346472401,0.0022777782215781571,2.8699386342311995e-16,-0.0045555564431562848,0.0045555564431562848,0.00050019792161050977,9.1075077411128671,-4.0657581468206416e-20,5,7.2761392323583716e-11,4.9034269730715836e-15,220,1.21484375,2
196,19.600000000000001,1.4147670688930878e-15,3.2404634531246757e-15,2.4857763942768552e-16,0.00022370599489004972,6.0401245286523499,6.0403482346472401,0.0017992097745306468,2.4108748403607567e-16,-0.003598419549061262,0.003598419549061262,0.00049258543449713524,7.3051683973050761,-4.0657581468206416e-20,5,7.3304174742705388e-11,5.1156472305685406e-15,212,1.20703125,2
197,19.700000000000003,1.38590043663422e-15,2.5769317235635469e-15,2.8723973563211277e-16,0.00014608681930300304,6.0402021478279373,6.0403482346472401,0.0013111158928958517,1.9777776188228665e-16,-0.0026222317857916692,0.0026222317857916692,0.00048508880144381913,5.4056737199186085,-4.7433845046240819e-20,5,7.251864101973606e-11,5.2495055261266657e-15,200,1.1953125,2
198,19.800000000000001,1.4277307159117285e-15,3.0724121163894225e-15,3.059252489773464e-16,8.9720228675561141e-05,6.0402585144185643,6.0403482346472401,0.00081676363719207176,1.5541346518330313e-16,-0.0016335272743841064,0.0016335272743841064,0.00047770625927342477,3.4195224422402308,-5.4210108624275222e-20,5,7.2298276688134975e-11,5.3427425381232605e-15,200,1.1953125,2
199,19.900000000000002,1.4997449271000711e-15,3.2199720320646996e-15,3.0842136095430416e-16,5.515190073456727e-05,6.0402930827465058,6.0403482346472401,0.00032870282489649958,1.0916771555823128e-16,-0.0006574056497929612,0.0006574056497929612,0.00047043607164251941,1.3974388645361329,-6.9456701674852628e-20,5,7.3359301778376281e-11,5.3681355275199749e-15,218,1.212890625,2
200,20,1.5527409564495795e-15,2.843645457994981e-15,3.1939208976419924e-16,4.0915379037771978e-05,6.0403073192682024,6.0403482346472401,0.00014999825796427498,6.1818053336043112e-17,0.00029999651592859126,0.00029999651592859126,0.00046327652863299517,0.64755388496326494,-4.0657581468206416e-20,5,7.5339592940241512e-11,5.3483193758270444e-15,232,1.2265625,2
201,20.100000000000001,1.5528088385748329e-15,3.6576644490970978e-15,3.3012867147496143e-16,4.4676235566192452e-05,6.040303558411674,6.0403482346472401,0.00061932045794399829,1.5953622833489598e-17,0.0012386409158880365,0.0012386409158880365,0.00045622594634990126,2.7149725389315411,-4.0657581468206416e-20,5,7.3130361993062293e-11,5.3722170033961804e-15,230,1.224609375,2
202,20.200000000000003,1.5073962514806745e-15,3.1155633628543455e-15,3.2869405647556268e-16,7.1172495139719063e-05,6.0402770621521009,6.040348234647241,0.0010690423882249982,-2.5473534061340623e-17,0.0021380847764500355,0.0021380847764500355,0.00044928266652539994,4.7588855207463476,-5.2304284492953046e-20,5,7.2884240477302513e-11,5.3612526708137104e-15,180,1.17578125,2
203,20.300000000000001,1.4156667947281406e-15,2.5439719775199876e-15,3.2762541041246154e-16,0.00011776145541394209,6.0402304731918264,6.0403482346472401,0.0014959040647450424,-6.8358406024694996e-17,0.0029918081294901208,0.0029918081294901208,0.0004424450561287494,6.7619879305861623,-1.0164395367051604e-20,5,7.1719459937324445e-11,5.2389995861867373e-15,196,1.19140625,2
204,20.400000000000002,1.3934696143357066e-15,2.6224682148079381e-15,3.3578900468984801e-16,0.00018248430828758262,6.0401657503389528,6.0403482346472401,0.0018972807917819262,-1.15474327327877e-16,0.0037945615835638883,0.0037945615835638883,0.00043571150698221985,8.7088854041184032,-2.541098841762901e-20,5,7.0208704466388893e-11,5.1231537723408656e-15,228,1.22265625,2
205,20.5,1.3525899485047654e-15,2.3059896006594194e-15,3.774259334719812e-16,0.00026083693619206985,6.0400873977110479,6.0403482346472401,0.0022631705735150103,-1.4875230197861814e-16,0.0045263411470300554,0.0045263411470300554,0.0004290804353828586,10.548933891593787,-4.997494388800372e-20,5,7.3713509497469587e-11,4.9278469176567127e-15,192,1.1875,2
206,20.600000000000001,1.1643131587324273e-15,2.6389480878297178e-15,4.3016839881435502e-16,0.00035235004694079985,6.039995884600299,6.0403482346472401,0.0025977191579472695,-1.8729807698700386e-16,0.0051954383158945711,0.0051954383158945711,0.00042255028173000797,12.295432142710627,2.3716922523120409e-20,5,7.2914347931298785e-11,4.6856883571536188e-15,190,1.185546875,2
207,20.700000000000003,1.1213155127184325e-15,2.2551405187698492e-15,4.5979616359708197e-16,0.00045393716808247525,6.0398942974791581,6.0403482346472401,0.0029009679469029878,-2.2477415910268767e-16,0.005801935893806006,0.005801935893806006,0.00041611951015849564,13.942955694617895,4.0657581468206416e-20,5,7.2016287162495776e-11,4.5981286453892759e-15,214,1.208984375,2
208,20.800000000000001,1.3752761126402457e-15,2.983290697811114e-15,4.630720324147819e-16,0.00055527047899464751,6.0397929641682451,6.0403482346472401,0.0031678109530562486,-2.6092344378098224e-16,0.0063356219061125258,0.0063356219061125258,0.00040978660817740404,15.460783197116388,3.3881317890172014e-21,5,7.7786818690409758e-11,4.2247724682639007e-15,260,1.25390625,2
209,20.900000000000002,1.632518150551261e-15,3.4165378859363216e-15,4.5902033590503256e-16,0.00065275280753213734,6.0396954818397077,6.0403482346472401,0.0033897421251245581,-2.8993944510386817e-16,0.0067794842502491423,0.0067794842502491423,0.00040355008631433835,16.79961045769268,-6.0986372202309624e-20,5,7.8280441005633813e-11,3.6123854138214556e-15,190,1.185546875,2
210,21,1.6398418851887124e-15,2.7391283685673784e-15,4.7505169407823979e-16,0.00074325426948142767,6.0396049803777583,6.0403482346472401,0.0035797774429306836,-3.1896545506009904e-16,0.0071595548858613888,0.0071595548858613888,0.00039740847776511081,18.015606828833331,-6.0986372202309624e-20,5,7.795205678350687e-11,3.1583166567127289e-15,154,1.150390625,2
211,21.100000000000001,1.3858657236651487e-15,3.236994006172722e-15,5.0404294484835289e-16,0.00082025971245674892,6.0395279749347832,6.0403482346472401,0.0037348414365733183,-3.4954371267374117e-16,0.0074696828731466557,0.0074696828731466557,0.00039136033804875207,19.086458557321031,2.7105054312137611e-20,5,8.07236936951318e-11,2.6889021765274122e-15,202,1.197265625,2
212,21.200000000000003,1.1069076229602918e-15,2.5621865740177441e-15,5.3563810933766736e-16,0.00087975294113511356,6.0394684817061055,6.040348234647241,0.0038473987145057646,-3.7223825527608276e-16,0.0076947974290115439,0.0076947974290115439,0.00038540424466777676,19.96552330565159,-6.5645053412208276e-20,5,7.6461301764665127e-11,2.1445790118972523e-15,234,1.228515625,2
213,21.300000000000001,1.080595000254365e-15,2.8933019174948171e-15,5.4783553504085378e-16,0.00091816857413697323,6.0394300660731028,6.0403482346472401,0.0039323005772480294,-3.948289976249911e-16,0.0078646011544960676,0.0078646011544960676,0.00037953879677361747,20.721468322478362,-8.0468129989158532e-21,5,7.1489732120560919e-11,1.6324108248434751e-15,224,1.21875,2
214,21.400000000000002,1.3075836210675735e-15,3.024056699496569e-15,5.5454980939488742e-16,0.0009295029957538455,6.0394187316514865,6.0403482346472401,0.0039771753451427541,-4.1629514158178348e-16,0.0079543506902855152,0.0079543506902855152,0.00037376261483715084,21.281825347222707,-1.1519648082658485e-19,5,4.4022354255490283e-11,1.1439393496918701e-15,202,1.197265625,2
215,21.5,1.3768865583670319e-15,3.0565827646711341e-15,5.7409539059861452e-16,0.00092367419953385795,6.0394245604477064,6.0403482346472401,0.0039954374361381266,-4.2916278711280251e-16,0.0079908748722762567,0.0079908748722762567,0.00036807434032423838,21.709948227407153,-1.2874900798265365e-19,5,3.9494344416236972e-11,1.0938010483313941e-15,200,1.1953125,2
216,21.600000000000001,1.3671169237324498e-15,3.6706748751669238e-15,6.0150262517114686e-16,0.00089676738718428336,6.0394514672600561,6.0403482346472401,0.0039818733391023126,-4.4712771794129771e-16,0.0079637466782046234,0.0079637466782046234,0.00036247263537620393,21.970614885008331,-1.6940658945086007e-19,5,4.4486193794985088e-11,1.2761902389633672e-15,180,1.17578125,2
217,21.700000000000003,1.4902495796047473e-15,3.0773994463828558e-15,6.155007592606909e-16,0.00085407653590297266,6.0394941581113368,6.0403482346472401,0.0039448626813877513,-4.5816685284799621e-16,0.0078897253627754991,0.0078897253627754991,0.00035695618249517659,22.102783898082812,-1.3213713977167085e-19,5,4.7799173976202473e-11,1.738689329862876e-15,212,1.20703125,2
218,21.800000000000001,1.6044600790653085e-15,4.0124153999343548e-15,6.2416943020190554e-16,0.00080119785781776411,6.0395470367894228,6.040348234647241,0.0038814354700296666,-4.5497490668158716e-16,0.0077628709400593254,0.0077628709400593254,0.00035152368423421889,22.08349334119676,-1.15619997300212e-19,5,5.3273779644081888e-11,2.372466720499279e-15,198,1.193359375,2
219,21.900000000000002,1.6019389776817975e-15,3.9230771409215492e-15,6.2190083280614622e-16,0.00074345779973988835,6.0396047768474999,6.0403482346472401,0.0037954468413382934,-4.5035462422442792e-16,0.0075908936826765746,0.0075908936826765746,0.00034617386289217299,21.927980406311043,-6.6915602833089727e-20,5,5.811937152466085e-11,2.9522191336657793e-15,210,1.205078125,2
220,22,1.4860238295698863e-15,2.5786664470395237e-15,6.2417516480485504e-16,0.00068947179105841657,6.039658762856182,6.0403482346472401,0.0036916041185571886,-4.4524693188745764e-16,0.0073832082371143633,0.0073832082371143633,0.00034090546021315173,21.657641483647694,0,5,6.2115810857232872e-11,3.4561761506598261e-15,238,1.232421875,2
221,22.100000000000001,1.3213665241494555e-15,2.6484890669475902e-15,6.3497612081400981e-16,0.00064230499951149669,6.0397059296477282,6.0403482346472401,0.0035691353090311732,-4.3481806380672638e-16,0.0071382706180623291,0.0071382706180623291,0.00033571723709060081,21.262746828027502,-1.3552527156068805e-20,5,6.1626147274348619e-11,3.8098140868321448e-15,182,1.177734375,2
222,22.200000000000003,1.1388119524207567e-15,2.1146279172157278e-15,6.5075394748890956e-16,0.00060754256507238209,6.0397406920821677,6.0403482346472401,0.0034309622963586061,-4.2280417925645464e-16,0.0068619245927171941,0.0068619245927171941,0.0003306079732758666,20.755472182733634,-6.0986372202309624e-20,5,6.4037101721243106e-11,4.1549504829218163e-15,236,1.23046875,2
223,22.300000000000001,1.0485569338904817e-15,2.7373936450914016e-15,6.599364199899571e-16,0.0005876317167369373,6.0397606029305031,6.0403482346472401,0.0032777095619975312,-4.0654287590386822e-16,0.0065554191239950398,0.0065554191239950398,0.00032557646709119857,20.134806371489908,-6.0986372202309624e-20,5,6.5999012984636591e-11,4.3727236532043987e-15,210,1.205078125,2
224,22.400000000000002,1.2176112170195826e-15,2.6775456851702018e-15,6.5674997335522834e-16,0.00057707422996860407,6.0397711604172715,6.0403482346472401,0.0031107943636157417,-3.9391017840479732e-16,0.0062215887272314583,0.0062215887272314583,0.00032062153514711981,19.404774929970415,-4.0657581468206416e-20,5,6.9262191507705488e-11,4.3265238124833302e-15,172,1.16796875,2
225,22.5,1.498149528817988e-15,2.9786557335237385e-15,6.4810477696502051e-16,0.00057010719434241145,6.0397781274528981,6.0403482346472401,0.0029346792779667962,-3.7340988131295357e-16,0.0058693585559335664,0.0058693585559335664,0.00031574201206409862,18.589095944387758,-8.3009228830921433e-20,5,7.1952214711004394e-11,3.9061169746833459e-15,198,1.193359375,2
226,22.600000000000001,1.6487326668860633e-15,3.0769657655138616e-15,6.458131773482173e-16,0.00056130450957117767,6.0397869301376685,6.0403482346472401,0.002746270626399358,-3.5640430010561413e-16,0.0054925412527986866,0.0054925412527986866,0.0003109367501984557,17.664496876914892,-3.7269449679189215e-20,5,6.8115430022282079e-11,3.4830819015468567e-15,188,1.18359375,2
227,22.700000000000003,1.5504142869316503e-15,3.1970953662252555e-15,6.499749874311127e-16,0.00054653995205693683,6.0398016946951829,6.0403482346472401,0.0025438705681344684,-3.3066535581526049e-16,0.0050877411362689048,0.0050877411362689048,0.00030620461937244349,16.615494392919565,-3.3246043179731288e-20,5,6.5120988604242092e-11,3.2059152462084741e-15,220,1.21484375,2
228,22.800000000000001,1.4049421457289739e-15,3.0704605524789486e-15,6.5253921596299386e-16,0.00051816333250672092,6.039830071314733,6.0403482346472401,0.0023331754007503763,-3.0406691958871276e-16,0.0046663508015007205,0.0046663508015007205,0.00030154450660843364,15.47483273359758,-1.6940658945086007e-20,5,6.2202627573248831e-11,2.8092015838876163e-15,222,1.216796875,2
229,22.900000000000002,1.3989802434707027e-15,2.7304547511874944e-15,6.4689983487166214e-16,0.00047272179960922649,6.0398755128476305,6.0403482346472401,0.0021124983858021341,-2.7455688754743247e-16,0.0042249967716042319,0.0042249967716042319,0.00029695531586714744,14.227718939015123,-5.4210108624275222e-20,5,6.1353804155123131e-11,2.5523263812364169e-15,220,1.21484375,2
230,23,1.3759744490133777e-15,2.8674979057896621e-15,6.438273780282352e-16,0.00041123310825853012,6.0399370015389815,6.0403482346472401,0.0018776375562376216,-2.4419910614298813e-16,0.0037552751124752073,0.0037552751124752073,0.00029243596778987392,12.841358540319883,1.9058241313221758e-20,5,6.2494862382484914e-11,2.5225229753845106e-15,216,1.2109375,2
231,23.100000000000001,1.2244226544066354e-15,2.1749095580059219e-15,6.4190870163337807e-16,0.00033297042265114382,6.0400152642245892,6.0403482346472401,0.0016319805430792137,-2.1613288878655591e-16,0.0032639610861583896,0.0032639610861583896,0.00028798539944460791,11.3337727969997,-3.3881317890172014e-20,5,5.2374193573004566e-11,2.8243367867130582e-15,174,1.169921875,2
232,23.200000000000003,1.1232275391089419e-15,2.1840168562548001e-15,6.3204954708597401e-16,0.00024729610582999628,6.0401009385414097,6.0403482346472401,0.0013725472017134528,-1.8340379769178499e-16,0.002745094403426867,0.002745094403426867,0.00028360256407605332,9.6793708913390457,2.7105054312137611e-20,5,5.1696691888394804e-11,3.3770681362125129e-15,198,1.193359375,2
233,23.300000000000001,1.2737661126235403e-15,2.4832566558607994e-15,6.1111827026439746e-16,0.00016164747785464692,6.0401865871693854,6.0403482346472401,0.001099744386527927,-1.4948940996755188e-16,0.0021994887730558154,0.0021994887730558154,0.00027928643085943045,7.8753871653823921,6.0986372202309624e-20,5,5.7213665769077428e-11,4.189478990037645e-15,240,1.234375,2
234,23.400000000000002,1.561548849903541e-15,2.9276711263626076e-15,5.8511171658390159e-16,8.9466432373896181e-05,6.0402587682148665,6.0403482346472401,0.00081276001850419844,-1.1021524104545242e-16,0.0016255200370083578,0.0016255200370083578,0.00027503598465803005,5.9102085824495711,6.2680438096818225e-20,5,6.1908835226435202e-11,4.8928849874202101e-15,204,1.19921875,2
235,23.5,1.6827259355278298e-15,3.4460281850279273e-15,5.7226181236831261e-16,3.7009460600384545e-05,6.04031122518664,6.0403482346472401,0.00050925822112465944,-7.348060801701939e-17,0.001018516442249279,0.001018516442249279,0.00027085022578445808,3.7604415477202218,4.7645603283054394e-21,5,6.4341109406804512e-11,5.3644336014027616e-15,172,1.16796875,2
236,23.600000000000001,1.5195595866507093e-15,2.9983611080086625e-15,5.7461312310193461e-16,1.3318409561074652e-05,6.0403349162376792,6.0403482346472401,0.00018768950567179545,-3.4939272130489135e-17,0.00037537901134355165,0.00037537901134355165,0.0002667281697655124,1.4073467068497378,-4.0657581468206416e-20,5,6.7015076832005834e-11,5.7956093369216364e-15,186,1.181640625,2
237,23.700000000000003,1.1796423780415153e-15,2.4520316332932168e-15,5.7324395738748822e-16,2.3032426650340063e-05,6.0403252022205898,6.0403482346472401,0.00014575310663532924,3.2722415227174414e-18,-0.00029150621327069692,0.00029150621327069692,0.00026266884711063937,1.1097860156515282,-3.3881317890172014e-20,5,6.614857181217369e-11,6.1734884691418964e-15,220,1.21484375,2
238,23.800000000000001,1.2825138384947646e-15,2.6922908347160046e-15,5.4657630141083984e-16,7.0102342759343492e-05,6.040278132304481,6.0403482346472401,0.00050103071802583027,4.14394131398682e-17,-0.0010020614360516974,0.0010020614360516974,0.00025867130308391385,3.873879414163794,-1.8634724839594607e-20,5,6.6770935830289722e-11,6.397253578505823e-15,238,1.232421875,2
239,23.900000000000002,1.5764676523580328e-15,3.9647105043449926e-15,5.0753418177908035e-16,0.00015043435573221307,6.0401978002915078,6.0403482346472401,0.00087237370170135096,8.6513388841960554e-17,-0.001744747403402737,0.001744747403402737,0.00025473459747948847,6.8492753660728249,-4.4045713257223618e-20,5,6.6085347262345356e-11,6.3577915240866742e-15,214,1.208984375,2
240,24,1.5607926205863597e-15,4.4747192062821739e-15,4.8610894739311518e-16,0.00025818959961358559,6.0400900450476263,6.0403482346472401,0.0012573678571200411,1.2518116845811691e-16,-0.0025147357142401134,0.0025147357142401134,0.00025085780440046177,10.024546456707665,-1.3891340334970526e-19,5,7.1174507641167657e-11,6.3033677126240426e-15,194,1.189453125,2
241,24.100000000000001,1.1984696725479128e-15,3.2867588858898067e-15,4.8676189480316333e-16,0.00038974537147452881,6.0399584892757652,6.0403482346472401,0.0016604026741925564,1.6986256219778511e-16,-0.0033208053483851415,0.0033208053483851415,0.00024704001204111053,13.442378507626199,-8.4703294725430034e-20,5,7.4677685091133728e-11,6.1290714842120168e-15,242,1.236328125,2
242,24.200000000000003,1.0335179297361269e-15,2.7807617319908218e-15,4.7926566244521685e-16,0.00053679564152154993,6.0398114390057183,6.0403482346472401,0.0020758800343619157,2.0709023399686469e-16,-0.0041517600687238565,0.0041517600687238565,0.00024328032247243782,17.065745501032971,-1.1858461261560205e-19,5,7.0025104514205254e-11,5.834079980035772e-15,192,1.1875,2
243,24.300000000000001,1.4880617886766253e-15,2.8588242884097781e-15,4.4030714802315088e-16,0.00068410651410832077,6.0396641281331318,6.0403482346472401,0.0025048964231621637,2.4260718968488372e-16,-0.0050097928463243482,0.0050097928463243482,0.00023957785143098272,20.910918168775559,-4.7433845046240819e-20,5,6.6092522449360759e-11,5.5553756652909358e-15,196,1.19140625,2
244,24.400000000000002,1.8162745207528322e-15,3.7418527477905972e-15,3.9309878247004946e-16,0.00082772105641555735,6.0395205135908245,6.0403482346472401,0.0029416805049402475,2.7633586913088534e-16,-0.0058833610098805115,0.0058833610098805115,0.00023593172811084534,24.93670968711929,-4.4045713257223618e-20,5,6.6383406952699825e-11,5.3108493061979184e-15,204,1.19921875,2
245,24.5,1.6701577260272402e-15,4.2283884726934673e-15,3.8584860622091421e-16,0.00095607737331689893,6.0393921572739231,6.0403482346472401,0.0033855228110401393,3.0095129427993117e-16,-0.0067710456220802899,0.0067710456220802899,0.0002323410949588779,29.142694809451161,2.7105054312137611e-20,5,6.9313196252638563e-11,5.1732743742445021e-15,226,1.220703125,2
246,24.600000000000001,1.1866051382596124e-15,3.0097452308197603e-15,4.0165161752544351e-16,0.0010714375097424197,6.0392767971374974,6.0403482346472401,0.0038311605179341462,3.2832714879553529e-16,-0.0076623210358683002,0.0076623210358683002,0.00022880510747299033,33.488417808911066,-6.7762635780344027e-20,5,6.7757104528894685e-11,5.1486122171231318e-15,190,1.185546875,2
247,24.700000000000003,1.0607123355218303e-15,2.5283594662361963e-15,3.8737485042471141e-16,0.0011843056936595387,6.0391639289535801,6.0403482346472392,0.0042707749171371125,3.7013244999870145e-16,-0.0085415498342742251,0.0085415498342742251,0.00022532293400352775,37.908035735681018,-9.4867690092481638e-20,5,6.3994336128304682e-11,5.4709930805317361e-15,180,1.17578125,2
248,24.800000000000001,1.3860795381497986e-15,2.8831104170734534e-15,3.29806502060335e-16,0.0012986301560225081,6.0390496044912174,6.0403482346472401,0.004707782177015632,3.9422627532872108e-16,-0.0094155643540312587,0.0094155643540312587,0.00022189375555767022,42.432759454486551,-2.1006417091906648e-19,5,6.1890547681579355e-11,5.952426964697853e-15,208,1.203125,2
249,24.900000000000002,1.6096775169208992e-15,3.0669911055269949e-15,2.6883890334068753e-16,0.0014238677426433432,6.0389243669045962,6.0403482346472392,0.0051317779578384532,4.1811052410549948e-16,-0.010263555915676898,0.010263555915676898,0.00021851676560680767,46.969191984768912,-1.2197274440461925e-19,5,6.3300476647639956e-11,6.559727505496331e-15,196,1.19140625,2
250,25,1.5567347138066831e-15,3.1190328098062992e-15,2.6149045660205778e-16,0.0015708435256586693,6.038777391121581,6.0403482346472392,0.0055338571714728529,4.3692149228261768e-16,-0.011067714342945692,0.011067714342945692,0.00021519116989684927,51.432009725356956,-2.1684043449710089e-19,5,6.3552372689280249e-11,7.1888636107872832e-15,210,1.205078125,2
251,25.100000000000001,1.372833599840301e-15,2.3453461395206432e-15,2.9459203189855115e-16,0.0017582974356385357,6.0385899372116016,6.0403482346472401,0.0059111445739427147,4.5770519026944843e-16,-0.011822289147885405,0.011822289147885405,0.00021191618626141678,55.787570343029856,-2.9137933385547932e-19,5,6.6966414035395834e-11,7.613836689399062e-15,238,1.232421875,2
252,25.200000000000003,1.2834083150006244e-15,2.482389294122811e-15,3.11262671775734e-16,0.00198193116505012,6.0383663034821904,6.0403482346472401,0.0062525132764909728,4.6938123010224458e-16,-0.012505026552981913,0.012505026552981913,0.00020869104443788347,59.921241884933941,-2.1684043449710089e-19,5,6.741905890434184e-11,7.67140331251602e-15,196,1.19140625,2
253,25.300000000000001,1.4601366475120446e-15,2.6784130469081902e-15,2.861733462882075e-16,0.0022379377244071976,6.0381102969228326,6.0403482346472401,0.0065588228922038843,4.8252349318058813e-16,-0.013117645784407732,0.013117645784407732,0.00020551498588621076,63.828171594604257,2.7105054312137611e-20,5,6.8621367978853573e-11,7.595329322466232e-15,188,1.18359375,2
254,25.400000000000002,1.6318367489878166e-15,3.9378222904673521e-15,2.4016943738536734e-16,0.002512743598706537,6.0378354910485337,6.0403482346472401,0.0068139943928510263,4.8286139289662651e-16,-0.013627988785702008,0.013627988785702008,0.00020238726361054255,67.33619765681793,2.7105054312137611e-20,5,6.7319413482884038e-11,7.4628526759639301e-15,202,1.197265625,2
255,25.5,1.660773930162375e-15,3.9551695252271202e-15,2.0888286192748208e-16,0.0027791713431775658,6.0375690633040628,6.0403482346472401,0.0070204678659792769,4.8640923797808608e-16,-0.014040935731958498,0.014040935731958498,0.00019930714198351587,70.448733508605443,-8.1315162936412833e-20,5,7.1029232100108715e-11,6.831606886036663e-15,198,1.193359375,2
256,25.600000000000001,1.4273451856300866e-15,3.2265856653168612e-15,2.2946875804629129e-16,0.0030119430388447642,6.037336291608395,6.0403482346472401,0.0071614148399472225,4.7919061112923791e-16,-0.014322829679894384,0.014322829679894384,0.00019627389657324326,72.973685905041137,-1.7618285302889447e-19,5,7.249918553127966e-11,5.9333811144714821e-15,196,1.19140625,2
257,25.700000000000003,1.1245010949469503e-15,2.2100377083944522e-15,2.5298159579196214e-16,0.0031714445403822383,6.0371767901068578,6.0403482346472401,0.0072309511078877068,4.6636567072950653e-16,-0.014461902215775342,0.014461902215775342,0.00019328681397292994,74.820945715421388,-2.7105054312137611e-20,5,7.3590491581718133e-11,4.7208001407823044e-15,242,1.236328125,2
258,25.800000000000001,1.0203017713932841e-15,2.3418766925686896e-15,2.6762496839898627e-16,0.0032397308293633017,6.0371085038178771,6.0403482346472401,0.0072336264697669302,4.4232245741753762e-16,-0.014467252939533784,0.014467252939533784,0.0001903451916330838,76.005350150485427,6.7762635780344027e-20,5,6.0116279973927441e-11,3.0970169956543496e-15,202,1.197265625,2
259,25.900000000000002,1.4259517322424159e-15,2.7347915598774364e-15,2.5519192393152445e-16,0.0031986827402592038,6.0371495519069809,6.0403482346472401,0.007157001153219808,4.1616131205702877e-16,-0.014314002306439529,0.014314002306439529,0.00018744833769627773,76.362385937145447,2.1684043449710089e-19,5,3.905402038861997e-11,1.9191748184463557e-15,222,1.216796875,2
260,26,1.7336219872536214e-15,3.9551695252271202e-15,2.3998487829093572e-16,0.0030388380935679692,6.0373093965536722,6.0403482346472401,0.0069970944404340839,3.7956467247533759e-16,-0.013994188880868076,0.013994188880868076,0.00018459557083442852,75.809992718731309,2.3716922523120409e-19,5,3.4086907277377357e-11,1.8650290358087994e-15,182,1.177734375,2
261,26.100000000000001,1.7550910036967883e-15,4.2951753265185744e-15,2.6340620595853011e-16,0.0027697308327053979,6.0375785038145349,6.0403482346472401,0.006746615744775683,3.3936923291901251e-16,-0.013493231489551265,0.013493231489551265,0.00018178622008855049,74.225821313510636,2.0328790734103208e-19,5,4.1310908747157995e-11,3.0909104361970431e-15,196,1.19140625,2
262,26.200000000000003,1.4514759853965399e-15,3.0669911055269949e-15,3.1518815883848957e-16,0.0024276527894862257,6.0379205818577537,6.0403482346472401,0.0064102418222842438,2.9371883700452059e-16,-0.012820483644568382,0.012820483644568382,0.00017901962471094968,71.614962132049541,8.1315162936412833e-20,5,5.0653822488008841e-11,4.7994546917615172e-15,210,1.205078125,2
263,26.300000000000001,1.3966244836088319e-15,3.183217578417441e-15,3.3922298066817423e-16,0.0020373765301913834,6.0383108581170486,6.0403482346472401,0.0059848004352648001,2.4121142947651207e-16,-0.011969600870529489,0.011969600870529489,0.00017629513400981811,67.895242473696896,-8.1315162936412833e-20,5,5.4737072413225183e-11,6.5064726290395947e-15,198,1.193359375,2
264,26.400000000000002,1.37519229960895e-15,2.6229018956769323e-15,3.5360764772837629e-16,0.0016274284498215628,6.0387208061974187,6.0403482346472401,0.005467459710323478,1.8333159212954961e-16,-0.010934919420646842,0.010934919420646842,0.00017361210719619348,62.984774490926718,-5.4210108624275222e-20,5,6.0477886925002567e-11,8.2271763977490631e-15,210,1.205078125,2
265,26.5,1.3178432651368894e-15,2.3956531203239706e-15,3.7299523958250672e-16,0.0012495703075527445,6.0390986643396873,6.0403482346472401,0.0048635495603046898,1.2275849946769552e-16,-0.0097270991206092582,0.0097270991206092582,0.0001709699132332488,56.89363079537209,-5.4210108624275222e-20,5,6.3706781977569288e-11,9.6969682403530663e-15,224,1.21875,2
266,26.600000000000001,1.0205385068621918e-15,1.9567680809018384e-15,3.9952263909588869e-16,0.00093275540520252579,6.039415479242038,6.0403482346472401,0.0041731244541272543,5.2816152579588414e-17,-0.0083462489082543855,0.0083462489082543855,0.00016836793068787488,49.571488312265906,-3.1763735522036263e-21,5,6.4424926126526563e-11,1.0866825443926722e-14,220,1.21484375,2
267,26.700000000000003,9.9487871871566793e-16,2.2881002648134086e-15,4.1602021377363049e-16,0.00070523157454409097,6.0396430030726957,6.0403482346472401,0.0034020607677108733,-2.0613900790245397e-17,-0.00680412153542162,0.00680412153542162,0.00016580554758452199,41.036754406260819,-8.8091426514447235e-20,5,6.6595848782516765e-11,1.1818946867465823e-14,222,1.216796875,2
268,26.800000000000001,1.4828562045629627e-15,3.4087316302944259e-15,4.1014494766860353e-16,0.00058461533119905974,6.0397636193160409,6.0403482346472401,0.0025533260124601023,-1.0399385270560559e-16,-0.0051066520249200761,0.0051066520249200761,0.00016328216126126582,31.275014891240836,6.7762635780344027e-20,5,7.0942484708070445e-11,1.246893450955809e-14,174,1.169921875,2
269,26.900000000000002,1.8681667336886784e-15,4.1217029789208937e-15,4.1241725294054051e-16,0.0005714309101007188,6.0397768037371398,6.0403482346472401,0.0016323826914970791,-1.7710316591701814e-16,-0.0032647653829940325,0.0032647653829940325,0.00016079717822806321,20.303623601923679,5.082197683525802e-20,5,6.8786875730945387e-11,1.2886755274724724e-14,168,1.1640625,2
270,27,1.6767282345622126e-15,3.2925051574039799e-15,4.6229946170789435e-16,0.00065785969884562612,6.0396903749483943,6.0403482346472401,0.0006479263410351533,-2.6362881449223442e-16,-0.0012958526820701815,0.0012958526820701815,0.00015835001402716672,8.1834705859126942,-2.7105054312137611e-20,5,6.8893882877390475e-11,1.316084998690886e-14,248,1.2421875,2
271,27.100000000000001,1.1596728029731022e-15,2.4945323584546486e-15,5.1883525279065218e-16,0.00085390938235403301,6.0394943252648856,6.0403482346472392,0.0003833026808729641,-3.4515611536642074e-16,0.0007666053617460531,0.0007666053617460531,0.0001559400930956618,4.9160247793091756,6.7762635780344027e-20,5,7.4121872919939981e-11,1.3202264261413685e-14,204,1.19921875,2
272,27.200000000000003,9.858567597649585e-16,1.6757428777935957e-15,5.477593584996591e-16,0.0011410848744717946,6.0392071497727686,6.0403482346472401,0.001466830863552384,-4.3279836165037625e-16,0.0029336617271048899,0.0029336617271048899,0.00015356684863009699,19.103483292616922,-6.7762635780344027e-20,5,7.3260364336929331e-11,1.3216981952703034e-14,214,1.208984375,2
273,27.300000000000001,1.3706322223832917e-15,2.8033131371785203e-15,5.39060798088824e-16,0.001492145112178469,6.038856089535062,6.0403482346472401,0.002580072968088671,-5.1644987340602959e-16,0.0051601459361774581,0.0051601459361774581,0.00015122972245317461,34.121241859550452,-1.3552527156068805e-20,5,7.0134433817997707e-11,1.3155844609304306e-14,206,1.201171875,2
274,27.400000000000002,1.6106549885276443e-15,3.2018658557841917e-15,5.3409902010505706e-16,0.0018808416279210022,6.0384673930193191,6.0403482346472401,0.0037106264511585184,-6.000712091104184e-16,0.0074212529023171443,0.0074212529023171443,0.00014892816488246876,49.831090768988219,1.1519648082658485e-19,5,7.2402579838474561e-11,1.2973998428927637e-14,212,1.20703125,2
275,27.5,1.4137076078510028e-15,2.746934624209274e-15,5.6209023692163803e-16,0.0023279527005524948,6.0380202819466877,6.0403482346472401,0.0048431589711325652,-6.6684131231057918e-16,0.009686317942265231,0.009686317942265231,0.00014666163460114333,66.045342864259325,2.3039296165316969e-19,5,7.17369009977102e-11,1.2987607236703595e-14,180,1.17578125,2
276,27.600000000000001,9.9144903676535291e-16,2.7079033459997959e-15,6.0132047828299147e-16,0.0028036485515998823,6.03754458609564,6.0403482346472401,0.0059680620297681685,-7.450319437563553e-16,0.011936124059536434,0.011936124059536434,0.0001444295985306356,82.64319904624405,2.9815559743351372e-19,5,6.9668876386624956e-11,1.3133913807330309e-14,200,1.1953125,2
277,27.700000000000003,1.0172830804969708e-15,2.3488155864725968e-15,6.1982485689307763e-16,0.0033147163419431293,6.0370335183052974,6.0403482346472401,0.0070758907904073564,-8.1464264311777017e-16,0.014151781580814801,0.014151781580814801,0.00014223153170527924,99.498201356215347,3.3881317890172014e-19,5,7.1188107250130294e-11,1.3452457990341725e-14,254,1.248046875,2
278,27.800000000000001,1.4414888683275633e-15,3.3167912860676552e-15,6.1696280986544888e-16,0.0038796133379112121,6.0364686213093295,6.040348234647241,0.0081472878363312781,-8.7397247511244978e-16,0.016294575672662629,0.016294575672662629,0.00014006691714883371,116.33422084494211,1.7618285302889447e-19,5,6.9174809631997533e-11,1.3850566772838512e-14,180,1.17578125,2
279,27.900000000000002,1.7067628598049187e-15,3.4919983571413127e-15,6.2723238276320492e-16,0.0045249593782039728,6.0358232752690366,6.040348234647241,0.009167385058585456,-9.3017016573508727e-16,0.018334770117170978,0.018334770117170978,0.00013793524575289403,132.92302498244032,-7.453889935837843e-20,5,6.8656450563341783e-11,1.4339543155531427e-14,194,1.189453125,2
280,28,1.4542522815612838e-15,2.7720881146109377e-15,6.6596101528771275e-16,0.0052658355137965226,6.0350823991334437,6.0403482346472401,0.010117343015895668,-9.6930342063684738e-16,0.020234686031791387,0.020234686031791387,0.00013583601615715086,148.96407156391834,-1.4907779871675686e-19,5,6.8747158781575931e-11,1.4838166313038522e-14,192,1.1875,2
281,28.100000000000001,1.0216449440179787e-15,2.8024457754405319e-15,6.9890493917832334e-16,0.0061191118007693423,6.0342291228464706,6.0403482346472401,0.010989528052424712,-9.9758411751851514e-16,0.021979056104849459,0.021979056104849459,0.00013376873463147182,164.30637671351971,-1.8973538018496328e-19,5,6.9122754332493574e-11,1.5316567985996997e-14,238,1.232421875,2
282,28.200000000000003,1.2136969549796633e-15,3.1780134079895106e-15,7.0222169607301421e-16,0.0070854731764003953,6.0332627614708398,6.0403482346472401,0.011764737445789819,-1.0145646936494548e-15,0.023529474891579655,0.023529474891579655,0.00013173291495977908,178.61500217135341,2.7105054312137611e-20,5,6.9095933018616072e-11,1.5545071332473647e-14,208,1.203125,2
283,28.300000000000001,1.4990373093718238e-15,4.1910919179599659e-15,6.9327810544679676e-16,0.0081255873399381732,6.032222647307302,6.0403482346472401,0.012430484350512298,-1.0230564708835415e-15,0.024860968701024604,0.024860968701024604,0.00012972807832569287,191.63907322059549,-2.0328790734103208e-19,5,6.9414414928726285e-11,1.5242084548298587e-14,212,1.20703125,2
284,28.400000000000002,1.5707944909738758e-15,3.8354736053847205e-15,6.9602516868956504e-16,0.0091953677397320216,6.0311528669075081,6.0403482346472401,0.012976423949767984,-1.0267425696414536e-15,0.025952847899535971,0.025952847899535971,0.00012775375319991575,203.14743989496418,1.8973538018496328e-19,5,7.1083984798315099e-11,1.4419745677991912e-14,198,1.193359375,2
285,28.5,1.5736304899217223e-15,3.5874081483200371e-15,7.1104802168672281e-16,0.010205384475255571,6.0301428501719849,6.0403482346472401,0.013380441992987799,-1.0198126399412683e-15,0.026760883985975582,0.026760883985975582,0.00012580947522933109,212.70960662696237,3.8624702394796095e-19,5,7.1290865573285494e-11,1.31682306687774e-14,208,1.203125,2
286,28.600000000000001,1.2975388083133008e-15,2.4251434194155763e-15,7.2888867960524783e-16,0.01106499228649579,6.0292832423607443,6.0403482346472401,0.013648460565436898,-1.0030352353079454e-15,0.027296921130873765,0.027296921130873765,0.00012389478712778904,220.32340313655689,2.1684043449710089e-19,5,7.4130005626216737e-11,1.139651594607528e-14,222,1.216796875,2
287,28.700000000000003,1.2183496327217047e-15,2.0157486790850498e-15,7.4886096630107187e-16,0.011673373358942942,6.0286748612882972,6.0403482346472401,0.013764456068390898,-9.7616950963513757e-16,0.027528912136781738,0.027528912136781738,0.00012200923856855496,225.62973476236965,3.5236570605778894e-19,5,7.0854376304303448e-11,9.2059447954334079e-15,182,1.177734375,2
288,28.800000000000001,1.2671100058717217e-15,2.8397423301740332e-15,7.5503002471245592e-16,0.011924120746639077,6.0284241139006012,6.0403482346472401,0.013718522985243085,-9.3752830952716405e-16,0.027437045970486094,0.027437045970486094,0.00012015238607839419,228.3520691181665,3.7947076036992655e-19,5,6.7916399106882726e-11,6.5441551260285613e-15,196,1.19140625,2
289,28.900000000000002,1.4600825506531833e-15,2.9750507613002242e-15,7.5664424379977498e-16,0.011766756937335324,6.0285814777099045,6.0403482346472401,0.013514013033078686,-8.8127288203071798e-16,0.027028026066157278,0.027028026066157278,0.00011832379293326873,228.42427035279641,3.5236570605778894e-19,5,5.229445114998853e-11,4.0676271393687605e-15,242,1.236328125,2
290,29,1.756296228297143e-15,3.0531133177191805e-15,7.5363741524301997e-16,0.011168150223025393,6.0291800844242145,6.0403482346472401,0.013142482677429297,-8.0077003501177985e-16,0.026284965354858483,0.026284965354858483,0.00011652302905562222,225.57742935356896,2.532628512290358e-19,5,3.1079642296251283e-11,3.2692474326880835e-15,164,1.16015625,2
291,29.100000000000001,1.8665904277728845e-15,3.4416913763379853e-15,7.6955452795348007e-16,0.010171334006976325,6.0301769006402637,6.0403482346472401,0.012605315105944721,-7.2010527262906498e-16,0.025210630211889306,0.025210630211889306,0.00011474967091322684,219.70111122108111,0,5,4.7734170333266671e-11,5.4337720443692745e-15,202,1.197265625,2
292,29.200000000000003,2.0104032048563858e-15,3.7331249203020889e-15,7.7514714155886538e-16,0.0088500444294545375,6.0314981902177855,6.0403482346472401,0.011906286111798003,-6.1468733808847428e-16,0.023812572223595858,0.023812572223595858,0.00011300330141957046,210.72457109179538,-1.6263032587282567e-19,5,4.8895363863447415e-11,8.5911960275248594e-15,186,1.181640625,2
293,29.300000000000001,2.0512866600483099e-15,4.5605880183430259e-15,7.7592394780446912e-16,0.0073203753715774993,6.0330278592756628,6.0403482346472401,0.011050711567576196,-5.0517688851201075e-16,0.022101423135152225,0.022101423135152225,0.00011128350983576005,198.60465551249277,0,5,5.7019231911654561e-11,1.2039428303198634e-14,228,1.22265625,2
294,29.400000000000002,1.783170440535142e-15,3.9048625444237928e-15,7.6971482235821671e-16,0.0057376651530268285,6.0346105694942134,6.0403482346472401,0.010041263900011921,-3.7916666454792888e-16,0.020082527800023661,0.020082527800023661,0.00010958989167391677,183.25164386309413,2.7105054312137611e-20,5,6.1602828447616164e-11,1.5194665943982061e-14,218,1.212890625,2
295,29.5,1.5501700256693342e-15,3.523765480795138e-15,7.6172647365406623e-16,0.0042479636456039249,6.0361002710016365,6.0403482346472401,0.008883030566021145,-2.5602766389070416e-16,0.017766061132042096,0.017766061132042096,0.00010792204860204298,164.61938373273043,3.9979955110402976e-19,5,6.3024213766788597e-11,1.7909376746371637e-14,206,1.201171875,2
296,29.600000000000001,1.397567914837043e-15,3.2595454113604205e-15,7.6030311050378056e-16,0.0030178144299238779,6.0373304202173159,6.0403482346472401,0.0076082220856220021,-1.2196352136935157e-16,0.015216444171243803,0.015216444171243803,0.00010627958835033533,143.17372138368648,3.7947076036992655e-19,5,6.6779112849203746e-11,2.0255699764058691e-14,198,1.193359375,2
297,29.700000000000003,1.2323591517105533e-15,3.2127078775090467e-15,7.7998643642034833e-16,0.0021539645093772053,6.038194270137863,6.0403482346472401,0.0062135419776823105,2.5930214015808428e-17,0.012427083955364415,0.012427083955364415,0.00010466212461892539,118.73525404353681,2.7105054312137611e-19,5,6.7651171156671851e-11,2.217011232407606e-14,232,1.2265625,2
298,29.800000000000001,1.7395991329745019e-15,4.173961523634695e-15,7.912901133106141e-16,0.0017034985086670871,6.0386447361385729,6.0403482346472401,0.0047121342111953891,1.7452996134957151e-16,0.0094242684223905648,0.0094242684223905648,0.00010306927698702274,91.436252372054156,4.2012834183813297e-19,5,7.0189859756977556e-11,2.3421953827997602e-14,206,1.201171875,2
299,29.900000000000002,2.6527487335900577e-15,4.361094818605693e-15,7.6530307118376691e-16,0.0016991190408890359,6.0386491156063506,6.0403482346472392,0.0031233981126284546,3.1873261050641348e-16,0.0062467962252566889,0.0062467962252566889,0.00010150067082344193,61.544383643757847,1.8973538018496328e-19,5,7.1976854937820853e-11,2.4114448655153956e-14,190,1.185546875,2
300,30,3.1820269822797164e-15,5.2562121322097255e-15,7.5251368396978109e-16,0.0021265348059142266,6.0382216998413263,6.0403482346472401,0.0014661384477384265,4.6195076235212428e-16,0.0029322768954766314,0.0029322768954766314,9.9955937198491083e-05,29.335695083862376,2.1684043449710089e-19,5,7.3484311399889987e-11,2.4378524772996168e-14,222,1.216796875,2
