step,time,A_chain_abs_rms,A_chain_rel_rms,A_chain_max_norm,A_chain_mean_norm,A_chain_work_defect,delta_K,delta_W,delta_total_energy,particle_work,grid_work,deposit_gather_work_residual,particle_energy_residual,field_energy_residual,crossing_particles,total_crossings,avg_path_segments,max_path_segments
1,0.025000000000000001,8.6356037835171516e-22,3.4737698191796194e-16,6.3527471044072525e-21,1.1299879128697636e-21,-2.5743219000182142e-21,-1.5103893909795829e-05,1.5103893912391328e-05,2.5954986857673612e-15,-1.5103893912391352e-05,-1.510389391239133e-05,-2.2022856628611809e-20,2.5955224026898843e-15,-1.6940658945086007e-21,0,0,1,1
2,0.050000000000000003,3.5763302758602151e-21,4.7974107842264746e-16,2.6258021364883311e-20,4.887717848186621e-21,2.8773492100307133e-20,-4.5266814352018514e-05,4.5266814350457805e-05,-1.5607090272928836e-15,-4.5266814350457602e-05,-4.5266814350457791e-05,1.8973538018496328e-19,-1.5609123152002247e-15,1.3552527156068805e-20,8192,8192,1.0625,2
3,0.075000000000000011,7.0305948038758938e-21,5.6643765303982049e-16,4.7433845046240819e-20,9.3337658798644991e-21,3.103604001662122e-20,-7.5275596341128903e-05,7.5275596340299461e-05,-8.2944176700572303e-16,-7.5275596340299651e-05,-7.5275596340299475e-05,-1.7618285302889447e-19,-8.2925203162553807e-16,-1.3552527156068805e-20,0,0,1,1
4,0.10000000000000001,1.2445814566225178e-20,7.1717050911117275e-16,9.4867690092481638e-20,1.645161870017279e-20,6.75774422994877e-20,-0.00010507138295601237,0.00010507138295675635,7.4397953075955314e-16,-0.00010507138295675678,-0.00010507138295675631,-4.7433845046240819e-19,7.4441321162854734e-16,4.0657581468206416e-20,0,0,1,1
5,0.125,1.8985812538715111e-20,8.5236112416089852e-16,1.6263032587282567e-19,2.5421270014149103e-20,-1.1844802057510822e-20,-0.0001345609847174245,0.00013456098471764227,2.1776200634371357e-16,-0.00013456098471764189,-0.00013456098471764229,4.0657581468206416e-19,2.1738253558334364e-16,-2.7105054312137611e-20,4608,4608,1.03515625,2
6,0.15000000000000002,2.9880671788075142e-20,1.1003011516265548e-15,2.507217523872729e-19,3.8930165917260633e-20,3.2490110063482962e-19,-0.00016352458193757968,0.00016352458193679597,-7.8371554038114688e-16,-0.00016352458193679616,-0.00016352458193679586,-2.9815559743351372e-19,-7.8352580500096192e-16,1.0842021724855044e-19,3584,3584,1.02734375,2
7,0.17500000000000002,4.1914990278323239e-20,1.3094813478691034e-15,3.2526065174565133e-19,5.4427212838914848e-20,-2.7042513155992046e-19,-0.00019209136174858088,0.00019209136175057126,1.990378348248889e-15,-0.00019209136175057196,-0.00019209136175057129,-6.7762635780344027e-19,1.9910830796610046e-15,-2.7105054312137611e-20,0,0,1,1
8,0.20000000000000001,5.5355433132785875e-20,1.5033485299100826e-15,4.6078592330633938e-19,7.3720341841178358e-20,-2.1339451854984106e-20,-0.00022011510494301945,0.00022011510494281778,-2.0166160408230382e-16,-0.00022011510494281759,-0.000220115104942818,4.0657581468206416e-19,-2.0185133946248879e-16,-2.1684043449710089e-19,3072,3072,1.0234375,2
9,0.22500000000000001,6.9817820945982026e-20,1.6794553068195873e-15,5.5565361339882102e-19,9.3062177766302856e-20,4.9920938836445877e-19,-0.00024721969660390641,0.00024721969660254617,-1.3602400456003139e-15,-0.00024721969660254509,-0.00024721969660254607,9.7578195523695399e-19,-1.3613242477727994e-15,1.0842021724855044e-19,5120,5120,1.0390625,2
10,0.25,8.1776022482965979e-20,1.7674089093567025e-15,6.3019251275719945e-19,1.0724140248071855e-19,1.6287047377962817e-19,-0.00027371046323487747,0.00027371046323623922,1.3617579286417936e-15,-0.00027371046323624047,-0.0002737104632362396,-8.6736173798840355e-19,1.3630047611401519e-15,-3.7947076036992655e-19,0,0,1,1
11,0.27500000000000002,1.0052727970503977e-19,1.9743521965700429e-15,7.7249404789592191e-19,1.3175269708067046e-19,-7.8252888878828804e-19,-0.00029950784771237693,0.00029950784771146165,-9.1528347401226284e-16,-0.00029950784771146289,-0.00029950784771146213,-7.589415207398531e-19,-9.1403664151390451e-16,-4.87890977618477e-19,2560,2560,1.01953125,2
12,0.30000000000000004,1.334230939502098e-19,2.4049704769512317e-15,1.0977546996415732e-18,1.7432504172381088e-19,-2.4304063727827672e-19,-0.00032407937028011702,0.00032407937028088485,7.6783197855423424e-16,-0.00032407937028088762,-0.00032407937028088474,-2.8731357570865868e-18,7.7059669409407228e-16,1.0842021724855044e-19,3584,3584,1.02734375,2
13,0.32500000000000001,1.4592208724784974e-19,2.4336116344335224e-15,1.3078188705606397e-18,1.9203470398875844e-19,-2.2522356594773148e-19,-0.00034763313171737309,0.00034763313171709683,-2.7625471354930653e-16,-0.00034763313171709391,-0.00034763313171709749,3.5778671692021646e-18,-2.7918205941501739e-16,-6.5052130349130266e-19,2048,2048,1.015625,2
14,0.35000000000000003,1.8634869658243081e-19,2.8943194141423766e-15,1.3010426069826053e-18,2.5374001165785672e-19,2.0387945028768654e-18,-0.0003704960450185979,0.00037049604501853545,-6.2450045135165055e-17,-0.00037049604501853675,-0.00037049604501853512,-1.6263032587282567e-18,-6.114900252818245e-17,3.2526065174565133e-19,1536,1536,1.01171875,2
15,0.375,1.9928709802476638e-19,2.9011059852521458e-15,1.5720931501039814e-18,2.6375696935086285e-19,1.8107217629277151e-19,-0.00039191935266735811,0.00039191935266611258,-1.2455314557513475e-15,-0.00039191935266611285,-0.00039191935266611296,1.0842021724855044e-19,-1.2452604052082261e-15,-3.7947076036992655e-19,3584,3584,1.02734375,2
16,0.40000000000000002,2.0366921032087934e-19,2.7927872522667432e-15,1.4365678785432934e-18,2.7305308276088163e-19,1.2333822157464373e-19,-0.00041186053262975975,0.00041186053263137868,1.6189306839553552e-15,-0.00041186053263137775,-0.00041186053263137895,1.1926223897340549e-18,1.6180091121087425e-15,-2.7105054312137611e-19,3072,3072,1.0234375,2
17,0.42500000000000004,2.3339224211499376e-19,3.0289211386634086e-15,1.8431436932253575e-18,3.091065939032828e-19,-1.5906752169851175e-18,-0.00043107206954395849,0.00043107206954341639,-5.4210108624275222e-16,-0.00043107206954341352,-0.00043107206954341563,2.1141942363467336e-18,-5.449742219998388e-16,7.589415207398531e-19,1024,1024,1.0078125,2
18,0.45000000000000001,2.9363844282989627e-19,3.6226680472920871e-15,2.6969529040576923e-18,3.8464819853058246e-19,1.3583267525612141e-18,-0.00044879350405047091,0.00044879350405099393,5.2301912800700734e-16,-0.00044879350405098521,-0.00044879350405099448,9.2699285747510629e-18,5.1429130051849903e-16,-5.4210108624275222e-19,3072,3072,1.0234375,2
19,0.47500000000000003,3.0163645467313783e-19,3.5489135873025998e-15,2.3445871979999033e-18,4.0727859826599463e-19,2.6299443703634214e-18,-0.00046466303891534722,0.00046466303891527783,-6.9388939039072284e-17,-0.00046466303891528081,-0.00046466303891528054,-2.7105054312137611e-19,-6.6407383064737147e-17,-2.7105054312137611e-18,2560,2560,1.01953125,2
20,0.5,3.9620310851142342e-19,4.4631154746323946e-15,2.7376104855258987e-18,5.3795039086418916e-19,-6.0510267125356402e-19,-0.00047952664144723656,0.000479526641446122,-1.1145598333150986e-15,-0.00047952664144612167,-0.00047952664144611988,-1.7889335846010823e-18,-1.1148850939668442e-15,2.1141942363467336e-18,1536,1536,1.01171875,2
21,0.52500000000000002,4.8761271425052153e-19,5.2766508679241994e-15,3.5372095877339582e-18,6.6633155106298498e-19,3.3878317690439524e-18,-0.0004930791971275994,0.0004930791971282265,6.2710253656561576e-16,-0.0004930791971282213,-0.00049307919712822585,4.5536491244391186e-18,6.2189836613768534e-16,6.5052130349130266e-19,3584,3584,1.02734375,2
22,0.55000000000000004,4.1717335959323773e-19,4.3462035776918289e-15,3.6320772778264399e-18,5.457199771888647e-19,1.6535922961816715e-19,-0.00050451378276150649,0.00050451378276116475,-3.41740524767431e-16,-0.00050451378276116811,-0.00050451378276116605,-2.0599841277224584e-18,-3.3837949803272593e-16,-1.3010426069826053e-18,1536,1536,1.01171875,2
23,0.57500000000000007,4.3068917840801698e-19,4.3326081365402686e-15,3.5778671692021646e-18,5.6455101767565357e-19,-1.349643254807136e-18,-0.00051457973246904487,0.00051457973246939355,3.4867941867133823e-16,-0.00051457973246939507,-0.00051457973246939301,-2.0599841277224584e-18,3.5019730171281793e-16,5.4210108624275222e-19,3072,3072,1.0234375,2
24,0.60000000000000009,4.5534105978185108e-19,4.4376213932339332e-15,4.0115480381963664e-18,6.0182136966025707e-19,2.2383807752568422e-18,-0.0005235080783414503,0.00052350807834283287,1.3825746103535153e-15,-0.00052350807834282973,-0.00052350807834283309,3.3610267347050637e-18,1.3794304240533073e-15,-2.1684043449710089e-19,3072,3072,1.0234375,2
25,0.625,5.4294179344870005e-19,5.1334012056535759e-15,4.3639137442541553e-18,7.4351936991337125e-19,-2.6536629297037898e-19,-0.00053023325721923698,0.00053023325721829329,-9.4368957093138306e-16,-0.00053023325721829404,-0.00053023325721829296,-1.0842021724855044e-18,-9.4293062941064321e-16,3.2526065174565133e-19,2048,2048,1.015625,2
26,0.65000000000000002,5.3359884470090233e-19,4.9042775478076748e-15,3.8827990302137128e-18,7.1305499457757515e-19,3.4416316709068328e-19,-0.00053532226952057727,0.00053532226952059461,1.7347234759768071e-17,-0.0005353222695205867,-0.00053532226952059234,5.6378512969246231e-18,9.4325589006238886e-18,2.2768245622195593e-18,2048,2048,1.015625,2
27,0.67500000000000004,5.8559682279054048e-19,5.2507448040922772e-15,5.1499603193061461e-18,7.7568705714884323e-19,7.1858299115189062e-19,-0.00053920430982223877,0.00053920430982170968,-5.2909066017292616e-16,-0.00053920430982171228,-0.00053920430982171131,-9.7578195523695399e-19,-5.2648857495896095e-16,-1.6263032587282567e-18,4096,4096,1.03125,2
28,0.70000000000000007,6.3279882002309963e-19,5.540827264685494e-15,4.7975946132483571e-18,8.4073642742891395e-19,-4.7898733038610843e-18,-0.00054106621469784955,0.00054106621469761883,-2.3071822230491534e-16,-0.00054106621469762349,-0.00054106621469762284,-6.5052130349130266e-19,-2.2605615296322767e-16,-4.0115480381963664e-18,1024,1024,1.0078125,2
29,0.72500000000000009,6.9206133852869184e-19,5.9253806913570939e-15,5.8004816227974487e-18,9.0058073300833921e-19,1.4719788009868819e-18,-0.00054112126171190766,0.00054112126171141847,-4.891920202254596e-16,-0.00054112126171142335,-0.00054112126171141771,-5.6378512969246231e-18,-4.8431311044927483e-16,7.589415207398531e-19,2048,2048,1.015625,2
30,0.75,7.3169936332834669e-19,6.1451260905434073e-15,5.2312754822425589e-18,9.8131101785936596e-19,6.924076698664896e-18,-0.00053978435795798418,0.00053978435795814031,1.5612511283791264e-16,-0.00053978435795813359,-0.00053978435795814063,7.0473141211557788e-18,1.4940305936850251e-16,-3.2526065174565133e-19,4096,4096,1.03125,2
31,0.77500000000000002,7.796946114879359e-19,6.433655749779203e-15,6.1799523831673753e-18,1.0123302649807104e-18,1.8609590122766493e-20,-0.00053667950141544907,0.00053667950141626439,8.1532003370909933e-16,-0.00053667950141627252,-0.00053667950141626363,-8.8904578143811364e-18,8.2345155000274062e-16,7.589415207398531e-19,2048,2048,1.015625,2
32,0.80000000000000004,8.2600987627460381e-19,6.6997744045097943e-15,6.8846837952829532e-18,1.0859781227983072e-18,-1.90636380562608e-18,-0.0005317399474371598,0.00053173994743659948,-5.6031568274050869e-16,-0.00053173994743659894,-0.00053173994743659601,-2.927345865710862e-18,-5.6085778382675144e-16,3.4694469519536142e-18,1024,1024,1.0078125,2
33,0.82500000000000007,8.9790535622380191e-19,7.1766418072508965e-15,7.5352050987742558e-18,1.1769427417834118e-18,-8.3880372998278948e-18,-0.00052530213411827731,0.00052530213411848894,2.1163626406917047e-16,-0.00052530213411848927,-0.00052530213411849252,3.2526065174565133e-18,2.1196152472091612e-16,-3.5778671692021646e-18,4608,4608,1.03515625,2
34,0.85000000000000009,8.7209531530911446e-19,6.8877289561414263e-15,7.3183646642771549e-18,1.162099951408357e-18,2.5513086691355943e-18,-0.00051716187411798842,0.00051716187411857475,5.863365348801608e-16,-0.0005171618741185741,-0.00051716187411857389,-2.1684043449710089e-19,5.856860135766695e-16,8.6736173798840355e-19,2048,2048,1.015625,2
35,0.875,9.8575724263753831e-19,7.6902372592963816e-15,7.1557343384043293e-18,1.3316184045162646e-18,-4.0600043527420977e-18,-0.00050739584621517508,0.00050739584621385496,-1.3201245652183502e-15,-0.00050739584621385453,-0.00050739584621385377,-7.589415207398531e-19,-1.3205582460873444e-15,1.1926223897340549e-18,1536,1536,1.01171875,2
36,0.90000000000000002,1.0545855466502802e-18,8.1420081516451145e-15,7.589415207398531e-18,1.4063105245428343e-18,5.1642101130716933e-18,-0.00049612930640208219,0.00049612930640307272,9.9052710478275685e-16,-0.00049612930640307066,-0.00049612930640307001,-6.5052130349130266e-19,9.8846712065503439e-16,2.7105054312137611e-18,2560,2560,1.01953125,2
37,0.92500000000000004,9.9861863408703878e-19,7.6556880160058276e-15,7.8062556418956319e-18,1.3278786660369498e-18,5.3749229596864191e-18,-0.00048309538450297396,0.00048309538450291151,-6.2450045135165055e-17,-0.00048309538450290598,-0.00048309538450291145,5.4752209710517974e-18,-6.7979476214841128e-17,5.4210108624275222e-20,4096,4096,1.03125,2
38,0.95000000000000007,9.9613118776562207e-19,7.5806461416302108e-15,6.8033686323465403e-18,1.3255136403433871e-18,-9.4910747605212843e-18,-0.00046873524759760699,0.00046873524759682636,-7.8062556418956319e-16,-0.00046873524759682088,-0.00046873524759682696,6.0715321659188248e-18,-7.8610078516061499e-16,-5.9631119486702744e-19,1024,1024,1.0078125,2
39,0.97500000000000009,1.1724332382121901e-18,8.8677895531082853e-15,8.8091426514447235e-18,1.5499205329909224e-18,5.9466621902845026e-18,-0.00045298818214156711,0.00045298818214351347,1.9463597400459776e-15,-0.000452988182143519,-0.00045298818214351607,-2.927345865710862e-18,1.9518891711256536e-15,-2.6020852139652106e-18,2560,2560,1.01953125,2
40,1,1.4250559972114248e-18,1.0746680910184531e-14,1.0042422622646985e-17,1.9147333156525951e-18,-6.8973542478982486e-19,-0.00043549975687007247,0.00043549975686778958,-2.2828960943854781e-15,-0.00043549975686778492,-0.00043549975686778551,5.9631119486702744e-19,-2.2875581637271658e-15,4.0657581468206416e-18,4096,4096,1.03125,2
41,1.0250000000000001,1.2866446791776848e-18,9.6820549726345323e-15,9.5951892264967142e-18,1.6783822431330398e-18,-1.2820822775610906e-19,-0.00041681741540955386,0.00041681741541150022,1.9463597400459776e-15,-0.00041681741541149854,-0.00041681741541150385,5.3125906451789717e-18,1.944679226678625e-15,-3.6320772778264399e-18,1024,1024,1.0078125,2
42,1.05,1.3284973803255667e-18,9.9771094817644233e-15,1.0679391398982219e-17,1.7657305237997035e-18,4.1911537148367211e-18,-0.0003970357333784591,0.00039703573337839665,-6.2450045135165055e-17,-0.00039703573337839936,-0.00039703573337839817,-1.1926223897340549e-18,-5.9739539703951294e-17,-1.5178830414797062e-18,2560,2560,1.01953125,2
43,1.075,1.3905731451733375e-18,1.0456553670270343e-14,1.0625181290357943e-17,1.8040983061580626e-18,-5.9195897953793311e-18,-0.00037570458519908811,0.00037570458519849484,-5.9327542878406803e-16,-0.00037570458519848779,-0.00037570458519849619,8.4025668367626594e-18,-6.0032274290522381e-16,-1.3552527156068805e-18,2560,2560,1.01953125,2
44,1.1000000000000001,1.3928346413710893e-18,1.0501457828071351e-14,1.1357017756785659e-17,1.8172211374721526e-18,-7.8716230998888898e-18,-0.00035308536913092325,0.00035308536913163449,7.1123662515049091e-16,-0.0003530853691316314,-0.00035308536913163921,7.8062556418956319e-18,7.0814664895890722e-16,-4.7162794503119443e-18,2560,2560,1.01953125,2
45,1.125,1.4913684846831887e-18,1.1273311086493915e-14,1.1384122811097797e-17,1.9782887945152208e-18,5.7957761046255493e-19,-0.00032981772790030561,0.00032981772789884151,-1.4641066137244252e-15,-0.00032981772789883771,-0.0003298177278988408,3.0899761915836876e-18,-1.4679013213281245e-15,7.0473141211557788e-19,1024,1024,1.0078125,2
46,1.1500000000000001,1.4701195443772045e-18,1.1173211345552561e-14,1.0516761073109393e-17,1.9524232348080769e-18,-5.6024951424202855e-18,-0.0003052924258462042,0.00030529242584642971,2.2551405187698492e-16,-0.00030529242584642873,-0.00030529242584643025,1.5178830414797062e-18,2.2453826992174797e-16,-5.4210108624275222e-19,4608,4608,1.03515625,2
47,1.175,1.6132870872951568e-18,1.2350748454236655e-14,1.4040418133687282e-17,2.1717963994055872e-18,-7.9508469934468642e-18,-0.0002793874299129584,0.00027938742991237553,-5.8286708792820718e-16,-0.00027938742991238057,-0.00027938742991237363,-6.9388939039072284e-18,-5.7782554782614959e-16,1.8973538018496328e-18,2560,2560,1.01953125,2
48,1.2000000000000002,1.5182752688218362e-18,1.1713298873185771e-14,1.214306433183765e-17,2.0104633342635212e-18,2.3165229146091368e-18,-0.00025319373088450448,0.00025319373088641614,1.9116652705264414e-15,-0.00025319373088640438,-0.00025319373088641619,1.1817803680091998e-17,1.8999016769549737e-15,-5.4210108624275222e-20,1024,1024,1.0078125,2
49,1.2250000000000001,1.5404704482240322e-18,1.1999508157906841e-14,1.2766480581016815e-17,2.0091914107857823e-18,9.3714705850699507e-18,-0.00022617178030692742,0.00022617178030560209,-1.3253287356462806e-15,-0.000226171780305601,-0.0002261717803056064,5.3939058081153846e-18,-1.3264129378187661e-15,-4.3097036356298801e-18,3584,3584,1.02734375,2
50,1.25,2.0817866045656631e-18,1.6410596155108989e-14,1.349831704744453e-17,2.8750491292409985e-18,-4.6610994894820382e-18,-0.00019781137856611508,0.00019781137856685754,7.4246164771807344e-16,-0.00019781137856686521,-0.00019781137856685968,-5.5294310796760726e-18,7.5013237808840838e-16,-2.1412992906588713e-18,3072,3072,1.0234375,2
51,1.2750000000000001,1.9250672230639481e-18,1.5379651026460524e-14,1.3227266504323154e-17,2.5948097161913449e-18,-5.173943458552293e-18,-0.00016929989652503252,0.00016929989652542457,3.920475055707584e-16,-0.0001692998965254279,-0.00016929989652542232,-5.5836411883003478e-18,3.9538142725115133e-16,2.2497195079074217e-18,1536,1536,1.01171875,2
52,1.3,1.7594993870369584e-18,1.4259182124262597e-14,1.3173056395698879e-17,2.3858417583011287e-18,2.6570603468486837e-18,-0.00014051406128601229,0.0001405140612861927,1.8041124150158794e-16,-0.00014051406128618281,-0.00014051406128619146,8.6465123255718979e-18,1.7051789667765771e-16,1.2468324983583301e-18,2560,2560,1.01953125,2
53,1.3250000000000002,1.7531705520885397e-18,1.4450897012334967e-14,1.5558301175166989e-17,2.2856097599309752e-18,-3.0907465637221587e-18,-0.00011061431267656019,0.00011061431267565466,-9.055256544598933e-16,-0.00011061431267565962,-0.00011061431267565304,-6.5865281978494394e-18,-9.0056542952077212e-16,1.6263032587282567e-18,2560,2560,1.01953125,2
54,1.3500000000000001,2.0168102249840027e-18,1.6942650000751284e-14,1.6979622460659705e-17,2.7711243251977698e-18,7.45415788659295e-18,-8.0513483911914818e-05,8.0513483911297257e-05,-6.1756155744774333e-16,-8.0513483911296972e-05,-8.0513483911297623e-05,6.5052130349130266e-19,-6.1784616051802077e-16,-3.6591823321385775e-19,2560,2560,1.01953125,2
55,1.375,1.7839396620713853e-18,1.5284669633647506e-14,1.4718044491490723e-17,2.3522758256377124e-18,-1.1653403099590333e-18,-5.0717596634441975e-05,5.0717596634643203e-05,2.0122792321330962e-16,-5.0717596634652466e-05,-5.0717596634652425e-05,-4.0657581468206416e-20,2.1049107552448265e-16,-9.2224947297048221e-18,2560,2560,1.01953125,2
56,1.4000000000000001,1.9289866834204275e-18,1.6909615314171972e-14,1.4094628242311558e-17,2.6142611445609293e-18,5.8040668204170396e-18,-2.0167880306232178e-05,2.0167880305389102e-05,-8.4307560932472825e-16,-2.0167880305375434e-05,-2.0167880305389207e-05,1.3772755722354924e-17,-8.5674333296162364e-16,-1.0503208545953324e-19,2560,2560,1.01953125,2
57,1.425,2.2605796164913816e-18,2.0311048312207545e-14,1.4992483166401116e-17,3.1752549115941833e-18,-2.3135199687126078e-18,1.0625708808831291e-05,-1.0625708808238016e-05,5.9327542878406803e-16,1.0625708808240409e-05,1.0625708808237228e-05,3.1814557498871521e-18,5.9088171367512737e-16,-7.8774064094649932e-19,3072,3072,1.0234375,2
58,1.4500000000000002,2.4281304957442687e-18,2.2394741375144575e-14,1.8350121769317163e-17,3.3766940217985454e-18,-1.1959910118676059e-17,4.071505219549465e-05,-4.0715052193694007e-05,1.8006429680639258e-15,4.0715052193683768e-05,4.0715052193700221e-05,-1.645276796746753e-17,1.8108819023303357e-15,6.2138337010575473e-18,1536,1536,1.01171875,2
59,1.4750000000000001,2.4567263259338122e-18,2.3329681583270208e-14,2.1182599944935543e-17,3.4105400536501261e-18,3.7010340324194732e-18,7.1019563398166952e-05,-7.1019563398271035e-05,-1.0408340855860843e-16,7.1019563398277472e-05,7.1019563398273122e-05,4.3503612170980865e-18,-1.1052085895774111e-16,2.087089182034596e-18,3072,3072,1.0234375,2
60,1.5,2.1759857464642082e-18,2.1320350851872522e-14,2.1656938395397951e-17,2.8478408292174823e-18,1.2017970491428732e-17,0.00010155139682765935,-0.0001015513968290159,-1.3565537582138631e-15,0.00010155139682901631,0.00010155139682901109,5.2177229550864901e-18,-1.3569603340285452e-15,-4.8111471404044259e-18,2560,2560,1.01953125,2
61,1.5250000000000001,2.082375270366431e-18,2.1103625792669561e-14,1.7198156961051314e-17,2.7241851287052291e-18,-1.4598815047525551e-17,0.00013120219737494665,-0.00013120219737485644,9.0205620750793969e-17,0.00013120219737485124,0.00013120219737485387,-2.6291902682773483e-18,9.540979117872439e-17,-2.574980159653073e-18,1536,1536,1.01171875,2
62,1.55,2.107953183367859e-18,2.2150317947010337e-14,1.6771252355635147e-17,2.7279411755269186e-18,1.0575342379716757e-17,0.00016040702655395478,-0.00016040702655326783,6.8695049648681561e-16,0.00016040702655325894,0.00016040702655326788,-8.9446679230054116e-18,6.9584095430119675e-16,5.4210108624275222e-20,2560,2560,1.01953125,2
63,1.5750000000000002,2.1783052149148118e-18,2.3794866800763617e-14,1.8743145056843158e-17,2.9081029724817591e-18,-2.6078973055001303e-18,0.000189733878043441,-0.00018973387804232383,1.1171619185290638e-15,0.00018973387804231885,0.00018973387804232104,-2.1955093992831465e-18,1.1221492485224971e-15,-2.7918205941501739e-18,3072,3072,1.0234375,2
64,1.6000000000000001,2.0306543835746816e-18,2.3133813213932927e-14,1.7628449698256499e-17,2.6300911455126009e-18,8.3277463717127422e-19,0.00021814107674877903,-0.0002181410767493619,-5.8286708792820718e-16,0.00021814107674936176,0.00021814107674936371,-1.951563910473908e-18,-5.827315626566465e-16,1.8160386389132199e-18,2048,2048,1.015625,2
65,1.625,2.078093978686843e-18,2.4736883803905612e-14,1.6046192152785466e-17,2.8187375399977574e-18,-1.3552776136797721e-17,0.00024549023078535015,-0.00024549023078531199,3.8163916471489756e-17,0.00024549023078531009,0.00024549023078531659,-6.5052130349130266e-18,4.0061270273339389e-17,4.6078592330633938e-18,3072,3072,1.0234375,2
66,1.6500000000000001,2.2650208283651343e-18,2.826633672563275e-14,1.7536970139953034e-17,3.0993554769592157e-18,1.9823807917681971e-18,0.00027271773955384049,-0.00027271773955508255,-1.2420620087993939e-15,0.00027271773955508271,0.00027271773955508266,5.4210108624275222e-20,-1.2422246391252667e-15,1.0842021724855044e-19,2048,2048,1.015625,2
67,1.675,2.0502407183513583e-18,2.6906388587780679e-14,1.780802068307441e-17,2.7596184343242325e-18,-2.1462212804446455e-17,0.00029904539221092818,-0.00029904539221098023,-5.2041704279304213e-17,0.00029904539221097996,0.00029904539221097773,2.2226144535952841e-18,-5.1770653736182837e-17,-2.4936649967166602e-18,3072,3072,1.0234375,2
68,1.7000000000000002,2.0611700318398358e-18,2.8490839467054705e-14,1.8323016715005025e-17,2.6552790512354013e-18,1.0091348416547773e-17,0.00032387673659250993,-0.00032387673659211788,3.920475055707584e-16,0.00032387673659211718,0.00032387673659211674,4.3368086899420177e-19,3.9275223698287398e-16,-1.1384122811097797e-18,2560,2560,1.01953125,2
69,1.7250000000000001,2.1085795331909856e-18,3.0781247511790803e-14,1.6534083130403943e-17,2.7671466365830267e-18,-1.9373657108813311e-17,0.00034817972657208429,-0.00034817972657027671,1.807581861967833e-15,0.00034817972657027118,0.00034817972657027573,-4.5536491244391186e-18,1.8131112930475091e-15,-9.7578195523695399e-19,2560,2560,1.01953125,2
70,1.75,2.2444833883479361e-18,3.4685023352095773e-14,2.1033522146218786e-17,3.0203133668399445e-18,-3.089831995030307e-18,0.0003715983071348461,-0.00037159830713488773,-4.163336342344337e-17,0.00037159830713488594,0.00037159830713488296,2.9815559743351372e-18,-3.9844429838842288e-17,-4.7704895589362195e-18,2560,2560,1.01953125,2
71,1.7750000000000001,2.2954818585428366e-18,3.7538675386075446e-14,1.5368565794982025e-17,3.1030554740902513e-18,1.874240414689591e-17,0.00039330236988455169,-0.00039330236988559253,-1.0408340855860843e-15,0.00039330236988559264,0.00039330236988558993,2.7105054312137611e-18,-1.0409425058033328e-15,-2.6020852139652106e-18,2048,2048,1.015625,2
72,1.8,2.3786888238258313e-18,4.1121118155725933e-14,1.8065518699039718e-17,3.1302005711333992e-18,1.2649254014740227e-17,0.00041397679354560069,-0.0004139767935462807,-6.8001160258290838e-16,0.00041397679354628362,0.00041397679354628427,-6.5052130349130266e-19,-6.8293894844861924e-16,3.5778671692021646e-18,2560,2560,1.01953125,2
73,1.8250000000000002,2.5884606446183351e-18,4.7230005393862716e-14,1.7970651008947236e-17,3.480546571938385e-18,-1.2747119463034382e-18,0.00043373526857415357,-0.00043373526857267905,1.474514954580286e-15,0.00043373526857268279,0.00043373526857268013,2.6562953225894859e-18,1.470774457085211e-15,1.0842021724855044e-18,2560,2560,1.01953125,2
74,1.8500000000000001,2.5273419039721938e-18,4.833404104924478e-14,2.2592062769166699e-17,3.3469912633182347e-18,7.3415539516660382e-18,0.00045175718280354715,-0.00045175718280419767,-6.5052130349130266e-16,0.00045175718280419236,0.00045175718280419719,-4.8246996675604947e-18,-6.4520871284612369e-16,-4.87890977618477e-19,2048,2048,1.015625,2
75,1.875,2.6333733552022536e-18,5.226511824052262e-14,2.1548518178149401e-17,3.5772435978049218e-18,-1.1106186585964274e-17,0.0004682252288041866,-0.00046822522880521529,-1.0286910212542466e-15,0.00046822522880523557,0.00046822522880521768,1.7889335846010823e-17,-1.0489656018797255e-15,2.3852447794681098e-18,3584,3584,1.02734375,2
76,1.9000000000000001,2.2463671821706903e-18,4.577553285958123e-14,1.9732479539236181e-17,2.9684105945238549e-18,-2.0840627017244244e-17,0.00048370807191844278,-0.00048370807191731174,1.1310397063368782e-15,0.00048370807191731662,0.00048370807191731185,4.7704895589362195e-18,1.1261607965606935e-15,1.0842021724855044e-19,2048,2048,1.015625,2
77,1.925,2.4543852615249216e-18,5.0468372481802384e-14,1.780802068307441e-17,3.4040607802237409e-18,3.4090580791048634e-18,0.00049749392281128735,-0.00049749392281266125,-1.3739009929736312e-15,0.00049749392281265518,0.00049749392281265908,-3.903127820947816e-18,-1.3678294608077124e-15,-2.1684043449710089e-18,2560,2560,1.01953125,2
78,1.9500000000000002,2.2496426431880781e-18,4.5825514729270067e-14,1.8323016715005025e-17,2.9340477993560402e-18,-3.257761992506553e-18,0.00050936390078781812,-0.00050936390078852242,-7.0429773124658368e-16,0.00050936390078852166,0.00050936390078852372,-2.0599841277224584e-18,-7.0353878972584383e-16,1.3010426069826053e-18,2048,2048,1.015625,2
79,1.9750000000000001,2.618499046643233e-18,5.1939601029872294e-14,1.9664716903455837e-17,3.5548240175997113e-18,-4.0470698293615629e-18,0.00052006660400927274,-0.00052006660400704362,2.2291196666301971e-15,0.00052006660400703993,0.00052006660400704297,-3.0357660829594124e-18,2.2328059540166478e-15,-6.5052130349130266e-19,3072,3072,1.0234375,2
80,2,2.2110595801583971e-18,4.2033224338298719e-14,1.9109063290057016e-17,2.9423038115017496e-18,-9.1453908295068657e-18,0.00052913993615355537,-0.00052913993615535948,-1.8041124150158794e-15,0.00052913993615535536,0.00052913993615535655,-1.1926223897340549e-18,-1.7999924467604345e-15,-2.927345865710862e-18,2560,2560,1.01953125,2
81,2.0249999999999999,2.2182274755893213e-18,3.9871897664411084e-14,2.0220370516854658e-17,2.9035054234734198e-18,-5.6157749213922885e-18,0.00053613781057038068,-0.0005361378105688732,1.5074747006238454e-15,0.00053613781056888524,0.00053613781056888166,3.5778671692021646e-18,1.4954400565092563e-15,8.4567769453869346e-18,2048,2048,1.015625,2
82,2.0500000000000003,2.3647444304013165e-18,3.9802835314827186e-14,1.8566962203814263e-17,3.1141137384775171e-18,1.5290207839203595e-18,0.00054172074442249141,-0.00054172074442265274,-1.6132928326584306e-16,0.00054172074442265696,0.000541720744422651,5.9631119486702744e-18,-1.6555767173853653e-16,-1.7347234759768071e-18,2560,2560,1.01953125,2
83,2.0750000000000002,2.2115330504180347e-18,3.4707523280032768e-14,2.0545631168600309e-17,2.8845006047799545e-18,-4.689833367398299e-19,0.00054574785312766494,-0.00054574785312735616,3.0878077872387166e-16,0.00054574785312735117,0.00054574785312735692,-5.7462715141731735e-18,3.1376810871730498e-16,7.589415207398531e-19,3072,3072,1.0234375,2
84,2.1000000000000001,2.2117947132134387e-18,3.222664049418578e-14,1.9759584593548318e-17,2.9602964955519867e-18,-1.0020086796949084e-18,0.00054770771597745238,-0.00054770771597633175,1.1206313654810174e-15,0.00054770771597633175,0.00054770771597632882,2.927345865710862e-18,1.1206313654810174e-15,-2.927345865710862e-18,2048,2048,1.015625,2
85,2.125,2.2081296187534879e-18,2.985318789550089e-14,1.9820570965750628e-17,2.8695813012079805e-18,2.616482119963863e-17,0.00054798684034906842,-0.0005479868403492922,-2.2377932840100812e-16,0.00054798684034929263,0.00054798684034929089,1.7347234759768071e-18,-2.2421300927000232e-16,-1.3010426069826053e-18,2048,2048,1.015625,2
86,2.1499999999999999,2.22865570394866e-18,2.7989241219527277e-14,1.7889335846010823e-17,2.8824179530212406e-18,-5.4938912329373513e-18,0.00054677248698631331,-0.00054677248698577902,5.3429483060085659e-16,0.0005467724869857737,0.00054677248698578444,-1.0733601507606494e-17,5.3960742124603556e-16,5.4210108624275222e-18,2560,2560,1.01953125,2
87,2.1750000000000003,2.1453954702761506e-18,2.504599301934049e-14,1.588356182691264e-17,2.8242730459855562e-18,4.1939799441338313e-18,0.00054360587809298977,-0.00054360587809389009,-9.0032148403196288e-16,0.0005436058780938902,0.00054360587809388803,2.1684043449710089e-18,-9.0042990424921143e-16,-2.0599841277224584e-18,2048,2048,1.015625,2
88,2.2000000000000002,2.0481830946812708e-18,2.2293386722406005e-14,1.7245590806097555e-17,2.6743579716600401e-18,-5.1322981216301622e-18,0.00053858080542390496,-0.00053858080542519993,-1.2949710748166865e-15,0.00053858080542521251,0.0005385808054252072,5.3125906451789717e-18,-1.3075478200175183e-15,7.2641545556528797e-18,3072,3072,1.0234375,2
89,2.2250000000000001,2.3455763484462877e-18,2.3855038113218421e-14,1.645276796746753e-17,3.2114408936114216e-18,3.3517047577026856e-18,0.00053209539705534326,-0.00053209539705411854,1.2247147740396258e-15,0.00053209539705411876,0.00053209539705411583,2.927345865710862e-18,1.2244979336051287e-15,-2.7105054312137611e-18,2560,2560,1.01953125,2
90,2.25,2.1846931027736103e-18,2.0804140147602094e-14,1.9308963065609031e-17,2.908811143493423e-18,-3.8171265708204165e-18,0.00052381996469108572,-0.0005238199646921864,-1.1006820455072841e-15,0.00052381996469218716,0.00052381996469218813,-9.7578195523695399e-19,-1.101440987028024e-15,1.7347234759768071e-18,2560,2560,1.01953125,2
91,2.2749999999999999,2.0215157443901085e-18,1.8091506686381647e-14,1.6371452804531117e-17,2.6231753469049865e-18,1.1598080622102097e-17,0.00051366095574145731,-0.00051366095574058215,8.7516799363029918e-16,0.00051366095574058833,0.00051366095574058334,4.9873299934333204e-18,8.689880412471318e-16,1.1926223897340549e-18,2560,2560,1.01953125,2
92,2.3000000000000003,2.0631427060926701e-18,1.7388497285684164e-14,1.4880674817363548e-17,2.7560034442132548e-18,1.73608999391789e-18,0.0005020284068741887,-0.00050202840687471606,-5.2735593669694936e-16,0.00050202840687471508,0.00050202840687471888,-3.7947076036992655e-18,-5.263801547417124e-16,2.8189256484623115e-18,2048,2048,1.015625,2
93,2.3250000000000002,1.8390913241671012e-18,1.4631163573069811e-14,1.6967763999398144e-17,2.4156253623772065e-18,-8.191024876536952e-18,0.00048879231280984925,-0.00048879231280992731,-7.8062556418956319e-17,0.00048879231280993154,0.00048879231280993631,-4.7704895589362195e-18,-8.2290944891649787e-17,8.9988780316296868e-18,3072,3072,1.0234375,2
94,2.3500000000000001,1.8290816728927579e-18,1.3779761311888132e-14,1.5612511283791264e-17,2.4015202357588932e-18,-5.0719323777757675e-18,0.00047376983986247012,-0.00047376983986236691,1.0321604682062002e-16,0.00047376983986236544,0.00047376983986236625,-8.1315162936412833e-19,1.0467971975347545e-16,-6.5052130349130266e-19,2560,2560,1.01953125,2
95,2.375,1.7851482894591705e-18,1.276270658983502e-14,1.4843405367684359e-17,2.3297190400795689e-18,-2.0891338868308657e-18,0.0004572868117627138,-0.00045728681176270079,1.3010426069826053e-17,0.00045728681176269742,0.00045728681176269818,-7.589415207398531e-19,1.6371452804531117e-17,-2.6020852139652106e-18,2048,2048,1.015625,2
96,2.4000000000000004,1.8882687959294656e-18,1.283903492850766e-14,1.3877787807814457e-17,2.4944746255905906e-18,-1.2261782706363214e-17,0.00043937584690922904,-0.0004393758469091011,1.2793585635328952e-16,0.00043937584690910051,0.00043937584690910154,-1.0299920638612292e-18,1.2853216754815655e-16,4.3368086899420177e-19,3072,3072,1.0234375,2
97,2.4250000000000003,1.8338576858368656e-18,1.1886472042223147e-14,1.2983321015513916e-17,2.4576301415666877e-18,8.9888968686117864e-18,0.00041988178342933224,-0.0004198817834294012,-6.8955258170078082e-17,0.00041988178342939876,0.00041988178342940136,-2.6020852139652106e-18,-6.6515803281985697e-17,1.6263032587282567e-19,1536,1536,1.01171875,2
98,2.4500000000000002,1.8640137240347497e-18,1.154400803678253e-14,1.4772254600114998e-17,2.4274264541396422e-18,9.8527249998976331e-18,0.00039898910190494519,-0.00039898910190672241,-1.7772242011382389e-15,0.00039898910190671867,0.00039898910190672219,-3.5236570605778894e-18,-1.7734837036431639e-15,-2.1684043449710089e-19,3584,3584,1.02734375,2
99,2.4750000000000001,1.7174563038847098e-18,1.017878083372131e-14,1.4582519219930035e-17,2.3176185832523972e-18,-1.5388287946241594e-17,0.00037684157941164642,-0.00037684157940956692,2.0794997668271975e-15,0.00037684157940956367,0.00037684157940956844,-4.7704895589362195e-18,2.082752373344654e-15,1.5178830414797062e-18,2048,2048,1.015625,2
100,2.5,2.0265832593704151e-18,1.1515986097814612e-14,1.5070410197548512e-17,2.7976809652261332e-18,-1.7606332488447624e-17,0.00035335738769326497,-0.00035335738769359196,-3.2699537522162814e-16,0.00035335738769359598,0.00035335738769359256,3.415236843329339e-18,-3.310069232598245e-16,5.9631119486702744e-19,2048,2048,1.015625,2
101,2.5250000000000004,1.6237701907637548e-18,8.8668528588034585e-15,1.4528309111305759e-17,2.0998528353607468e-18,-1.5342200857236972e-18,0.00032861742425716045,-0.00032861742425700302,1.5742615544489524e-16,0.00032861742425700178,0.00032861742425700487,-3.0899761915836876e-18,1.5867298794325357e-16,1.8431436932253575e-18,3072,3072,1.0234375,2
102,2.5500000000000003,1.7619523505552354e-18,9.2581397942916844e-15,1.3037531124138191e-17,2.4009043004342388e-18,1.3964827193582049e-17,0.00030280176628316724,-0.00030280176628410724,-9.4000328354493234e-16,0.00030280176628410838,0.00030280176628411098,-2.6020852139652106e-18,-9.4114169582604212e-16,3.7404974950749903e-18,2048,2048,1.015625,2
103,2.5750000000000002,1.4883061380649946e-18,7.5371323739004839e-15,1.111307226797642e-17,2.0123172794685933e-18,-6.3648445214786657e-18,0.00027590913470554312,-0.00027590913470424837,1.2947542343821894e-15,0.00027590913470425059,0.00027590913470424973,8.6736173798840355e-19,1.2925316199285941e-15,1.3552527156068805e-18,3072,3072,1.0234375,2
104,2.6000000000000001,1.416670649700364e-18,6.9278441245139791e-15,1.2359904766334751e-17,1.8803234842809642e-18,-1.3254693739115375e-18,0.00024798607648079951,-0.000247986076481156,-3.5648567431323386e-16,0.00024798607648115621,0.00024798607648115513,1.0842021724855044e-18,-3.5670251474773096e-16,-8.6736173798840355e-19,2560,2560,1.01953125,2
105,2.625,1.4115519823689792e-18,6.6736587423290249e-15,1.0570971181733668e-17,1.8438385087840307e-18,-6.8543446814395848e-19,0.00021918791540898042,-0.00021918791540920463,-2.2421300927000232e-16,0.00021918791540920308,0.00021918791540920363,-5.4210108624275222e-19,-2.2266802117421047e-16,-1.0028870095490916e-18,2560,2560,1.01953125,2
106,2.6500000000000004,1.1977286923214138e-18,5.4822477127008632e-15,8.9446679230054116e-18,1.5737738316668793e-18,-4.0541690014734035e-18,0.00018957383713669174,-0.00018957383713664837,4.3368086899420177e-17,0.00018957383713664829,0.00018957383713664764,6.5052130349130266e-19,4.344940206235659e-17,-7.3183646642771549e-19,3072,3072,1.0234375,2
107,2.6750000000000003,1.1382213906200324e-18,5.0517452530557365e-15,8.5109870540112098e-18,1.4943159905126485e-18,-1.1311360509966749e-17,0.00015919977331968482,-0.00015919977332023598,-5.5115417438300618e-16,0.00015919977332023565,0.00015919977332023549,1.6263032587282567e-19,-5.5082891373126053e-16,-4.87890977618477e-19,1536,1536,1.01171875,2
108,2.7000000000000002,9.3996271502031423e-19,4.0503384936080152e-15,6.9931040125315036e-18,1.2385391209133881e-18,-3.7302080685704511e-18,0.00012818712138873423,-0.00012818712138790205,8.3217937749124893e-16,0.00012818712138790281,0.00012818712138790186,9.4867690092481638e-19,8.3142043597050908e-16,-1.8973538018496328e-19,2560,2560,1.01953125,2
109,2.7250000000000001,9.5488786361291086e-19,3.999355752785514e-15,7.6978354246470815e-18,1.2408548744305414e-18,-2.2567530470433199e-18,9.6625042070641598e-05,-9.6625042070582672e-05,5.8926388074587166e-17,9.6625042070584989e-05,9.6625042070583878e-05,1.111307226797642e-18,5.66089059308994e-17,1.2061749168901237e-18,3072,3072,1.0234375,2
110,2.75,8.2484348613047413e-19,3.3624947600920714e-15,6.7220534694101275e-18,1.0793022029332621e-18,7.8361454326288948e-18,6.4594550716279286e-05,-6.4594550716764033e-05,-4.8474679131826903e-16,6.459455071676467e-05,6.4594550716764575e-05,9.4867690092481638e-20,-4.8538376009460427e-16,5.4210108624275222e-19,1536,1536,1.01171875,2
111,2.7750000000000004,9.6333739684852405e-19,3.8268817251876985e-15,6.8033686323465403e-18,1.3250777226229202e-18,6.2644461690877847e-19,3.2195979523308438e-05,-3.2195979523421019e-05,-1.1258084308546357e-16,3.2195979523421439e-05,3.2195979523421046e-05,3.9302328752599536e-19,-1.130009714273017e-16,2.7105054312137611e-20,3584,3584,1.02734375,2
112,2.8000000000000003,8.0699230281096338e-19,3.1270988195726493e-15,6.0173220572945496e-18,1.088974287299248e-18,-2.920822776794315e-18,-4.7263457503277095e-07,4.7263457451347538e-07,-5.1929557117087743e-16,-4.7263457451332572e-07,-4.7263457451347618e-07,1.504542272560451e-19,-5.1944523130474543e-16,-7.9409338805090657e-22,2048,2048,1.015625,2
113,2.8250000000000002,7.2102083325446964e-19,2.7286078859603147e-15,4.9873299934333204e-18,1.0099088001895074e-18,-2.0432901734006303e-18,-3.3317645712571675e-05,3.331764571297363e-05,4.019544029218447e-16,-3.3317645712973643e-05,-3.3317645712973616e-05,-2.7105054312137611e-20,4.0196795544900077e-16,1.3552527156068805e-20,2048,2048,1.015625,2
114,2.8500000000000001,5.3996931610464576e-19,1.9978593839407734e-15,3.6862873864507151e-18,7.6681961474320247e-19,-2.1666009802360549e-18,-6.6242937183602635e-05,6.624293718344033e-05,-1.6230506522108001e-16,-6.6242937183439557e-05,-6.6242937183440167e-05,6.0986372202309624e-19,-1.6307755926897594e-16,1.6263032587282567e-19,3072,3072,1.0234375,2
115,2.875,3.9380975651412305e-19,1.4259616353087226e-15,3.0357660829594124e-18,5.2021771294493236e-19,1.7713569004818718e-18,-9.9144311395349405e-05,9.9144311396234602e-05,8.851968637257901e-16,-9.9144311396234507e-05,-9.9144311396234602e-05,9.4867690092481638e-20,8.8510199603569761e-16,0,2048,2048,1.015625,2
116,2.9000000000000004,3.0687596159694285e-19,1.0885643479332334e-15,2.1684043449710089e-18,4.1181361602480394e-19,-2.4801664871230104e-18,-0.00013192662965622048,0.00013192662965643833,2.1784332150664998e-16,-0.00013192662965643917,-0.00013192662965643914,-2.7105054312137611e-20,2.1868357819032624e-16,-8.1315162936412833e-19,3072,3072,1.0234375,2
117,2.9250000000000003,1.937691413454414e-19,6.7405603152283285e-16,1.5178830414797062e-18,2.6013431812569661e-19,1.7664738384648455e-18,-0.00016450494917030767,0.00016450494917052782,2.2014725112318168e-16,-0.00016450494917052944,-0.00016450494917052922,-2.1684043449710089e-19,2.2177355438190993e-16,-1.4094628242311558e-18,2560,2560,1.01953125,2
118,2.9500000000000002,1.1673015744092296e-19,3.9858271499037961e-16,7.589415207398531e-19,1.6001954998915275e-19,6.2658045442031128e-19,-0.00019676161270965054,0.00019676161270885777,-7.9276862852140084e-16,-0.00019676161270885611,-0.00019676161270885809,1.9786689647860456e-18,-7.9442203683444124e-16,-3.2526065174565133e-19,2560,2560,1.01953125,2
119,2.9750000000000001,1.1969165861613701e-19,4.0154337361379685e-16,8.6736173798840355e-19,1.6268665816501071e-19,4.4220528480514093e-19,-0.00022859887309145677,0.00022859887309153309,7.6327832942979512e-17,-0.00022859887309153169,-0.00022859887309153261,9.2157184661267877e-19,7.4918370118748356e-17,4.87890977618477e-19,3072,3072,1.0234375,2
120,3,1.8009114994387948e-19,5.9414670829951418e-16,1.6263032587282567e-18,2.3372167214740271e-19,1.0972933826044012e-18,-0.00025996070766609591,0.00025996070766722381,1.1278955200366703e-15,-0.00025996070766722381,-0.00025996070766722164,-2.1684043449710089e-18,1.1278955200366703e-15,2.1684043449710089e-18,1024,1024,1.0078125,2
121,3.0250000000000004,3.0778021820964216e-19,9.9947278636223868e-16,2.0599841277224584e-18,4.2579855568310428e-19,7.2652561639298119e-19,-0.00029071638299171809,0.00029071638298988839,-1.8296995862865373e-15,-0.00029071638298988845,-0.00029071638298988883,3.7947076036992655e-19,-1.829645376177913e-15,-4.3368086899420177e-19,2560,2560,1.01953125,2
122,3.0500000000000003,4.0491341780670827e-19,1.2954381524562969e-15,4.1199682554449168e-18,5.1499061648254209e-19,-4.3871481189735442e-18,-0.00032074774623325197,0.00032074774623440275,1.1507721858761144e-15,-0.0003207477462344015,-0.0003207477462344034,1.8973538018496328e-18,1.1495253533777561e-15,-6.5052130349130266e-19,3072,3072,1.0234375,2
123,3.0750000000000002,4.9789666752348785e-19,1.5706727717734864e-15,4.7704895589362195e-18,6.435395081492689e-19,3.174897858227791e-18,-0.00035003446136272487,0.00035003446136261732,-1.0755285551056204e-16,-0.00035003446136261862,-0.00035003446136261932,7.0473141211557788e-19,-1.0625181290357943e-16,-2.0057740190981832e-18,2048,2048,1.015625,2
124,3.1000000000000001,6.5053152078939845e-19,2.0252097996844348e-15,5.2041704279304213e-18,8.4408848800399292e-19,-9.9070818105903969e-19,-0.00037847910576083166,0.0003784791057608026,-2.9056618222611519e-17,-0.00037847910576080623,-0.00037847910576080607,-1.6263032587282567e-19,-2.5424540944785079e-17,-3.4694469519536142e-18,2560,2560,1.01953125,2
125,3.125,7.9051832159975462e-19,2.4308660899366702e-15,7.1557343384043293e-18,1.0275848713434721e-18,-1.3262638793643369e-19,-0.00040589976756066903,0.000405899767559587,-1.0820337681405334e-15,-0.00040589976755958749,-0.0004058997675595909,3.415236843329339e-18,-1.0815458771629149e-15,-3.903127820947816e-18,2560,2560,1.01953125,2
126,3.1500000000000004,8.8673899751571263e-19,2.6955509773581711e-15,7.3183646642771549e-18,1.1792434041011476e-18,9.3077936082526087e-18,-0.00043230712927311288,0.00043230712927289951,-2.1337098754514727e-16,-0.00043230712927290504,-0.00043230712927290043,-4.6078592330633938e-18,-2.078415564654712e-16,-9.2157184661267877e-19,2560,2560,1.01953125,2
127,3.1750000000000003,9.3374796717755555e-19,2.8081319877093745e-15,8.1857264022655585e-18,1.2059450899268048e-18,-4.2282214362498251e-18,-0.0004576844382047085,0.00045768443820677412,2.065621979019383e-15,-0.00045768443820678079,-0.00045768443820678068,-1.0842021724855044e-19,2.0722898223801689e-15,-6.5594231435373018e-18,2048,2048,1.015625,2
128,3.2000000000000002,1.0304328213602259e-18,3.0685729204869382e-15,9.540979117872439e-18,1.349403792581352e-18,-2.8781041127173905e-18,-0.00048175978289854982,0.00048175978289868686,1.3704315460216776e-16,-0.00048175978289868762,-0.00048175978289868653,-1.0842021724855044e-18,1.3780209612290761e-16,3.2526065174565133e-19,2048,2048,1.015625,2
129,3.2250000000000001,1.3093126816018025e-18,3.8640520599427364e-15,9.7578195523695399e-18,1.7115561309601972e-18,6.9036042579524851e-18,-0.00050456318943403744,0.00050456318943248746,-1.5499754257852771e-15,-0.00050456318943249169,-0.00050456318943249354,1.8431436932253575e-18,-1.5457470373125837e-15,-6.0715321659188248e-18,3072,3072,1.0234375,2
130,3.25,1.3278331347929412e-18,3.8864011312191041e-15,1.0299920638612292e-17,1.7415709998721432e-18,4.8511623745697533e-19,-0.00052616132553318096,0.00052616132553156593,-1.6150275561344074e-15,-0.00052616132553156354,-0.00052616132553156138,-2.1684043449710089e-18,-1.6174128009138755e-15,4.5536491244391186e-18,3072,3072,1.0234375,2
131,3.2750000000000004,1.3948444978276827e-18,4.0521889317279449e-15,1.0706496453294356e-17,1.8508894157124784e-18,-1.4196521963762141e-17,-0.0005462656248216291,0.00054626562482391547,2.2863655413374318e-15,-0.00054626562482391395,-0.00054626562482391319,-7.589415207398531e-19,2.284847658295952e-15,2.2768245622195593e-18,2048,2048,1.015625,2
132,3.3000000000000003,1.6558005035666461e-18,4.778420713555441e-15,1.2468324983583301e-17,2.2383423882141849e-18,2.3536529848148084e-18,-0.00056484532538370047,0.00056484532538312975,-5.7072402359636953e-16,-0.00056484532538313115,-0.00056484532538312985,-1.3010426069826053e-18,-5.6931456077213838e-16,-1.0842021724855044e-19,2048,2048,1.015625,2
133,3.3250000000000002,1.9694850011957727e-18,5.6503803755198815e-15,1.5612511283791264e-17,2.6954811611281626e-18,1.7860873758599523e-17,-0.00058204536674821838,0.00058204536674930692,1.0885389811754465e-15,-0.00058204536674930367,-0.00058204536674929782,-5.8546917314217239e-18,1.0852863746579899e-15,9.1072982488782372e-18,4096,4096,1.03125,2
134,3.3500000000000001,1.8761510854630362e-18,5.3554339829529876e-15,1.6425662913155392e-17,2.4294201920604423e-18,1.4125040453592455e-18,-0.00059765767698038985,0.00059765767698032653,-6.3317406873153459e-17,-0.00059765767698032198,-0.00059765767698032686,4.87890977618477e-18,-6.7871055997592578e-17,-3.2526065174565133e-19,1536,1536,1.01171875,2
135,3.375,1.9395413330031943e-18,5.5126703143090025e-15,1.4961989980299961e-17,2.5583247843152641e-18,-7.5988195247791122e-18,-0.00061151016629423793,0.00061151016629382941,-4.0852737859253807e-16,-0.00061151016629383895,-0.00061151016629383884,-1.0842021724855044e-19,-3.9898639947466563e-16,-9.4325589006238886e-18,2560,2560,1.01953125,2
136,3.4000000000000004,2.2014908033185964e-18,6.2354430329004763e-15,1.8051966171883649e-17,2.8964401814403332e-18,-7.0776385995350768e-18,-0.00062381381485288045,0.00062381381485272086,-1.5959455978986625e-16,-0.00062381381485273702,-0.00062381381485273062,-6.3967928176644762e-18,-1.4343994741983224e-16,-9.7578195523695399e-18,3072,3072,1.0234375,2
137,3.4250000000000003,2.1970811695988343e-18,6.2069683425022347e-15,1.6913553890773869e-17,2.9584913160367575e-18,1.6667227414057787e-17,-0.00063449794889436362,0.00063449794889497944,6.1582683397176652e-16,-0.00063449794889498768,-0.00063449794889498248,-5.2041704279304213e-18,6.2406677048265635e-16,-3.0357660829594124e-18,2048,2048,1.015625,2
138,3.4500000000000002,2.3954413382079546e-18,6.7537816970786654e-15,2.4719809532669501e-17,3.0812304004658481e-18,-2.3710076044649214e-17,-0.00064326204929088249,0.00064326204928960226,-1.2802259252708836e-15,-0.00064326204928960508,-0.00064326204928960703,1.951563910473908e-18,-1.2774069996224213e-15,-4.7704895589362195e-18,2048,2048,1.015625,2
139,3.4750000000000001,2.4333767935976697e-18,6.8522478194948699e-15,1.9244588561617704e-17,3.1845746214620862e-18,-2.1794728549146702e-18,-0.00065030213034056317,0.00065030213034171676,1.1535911115245767e-15,-0.00065030213034170548,-0.0006503021303417121,6.613633252161577e-18,1.1423154089307275e-15,4.6620693416876691e-18,3072,3072,1.0234375,2
140,3.5,3.0294201172703062e-18,8.5305490020285857e-15,2.2226144535952841e-17,4.0959800306055761e-18,-1.7483268839753431e-18,-0.00065574689651448637,0.00065574689651395034,-5.3602955407683339e-16,-0.00065574689651394676,-0.00065574689651394166,-5.0957502106818708e-18,-5.3960742124603556e-16,8.6736173798840355e-18,3072,3072,1.0234375,2
141,3.5250000000000004,2.8538322041083814e-18,8.0391899523507207e-15,2.7538735181131813e-17,3.7267992338815087e-18,-4.9767621658357799e-19,-0.0006591960622426285,0.00065919606224295116,3.2265856653168612e-16,-0.00065919606224296894,-0.00065919606224296959,6.5052130349130266e-19,3.4043948216044839e-16,-1.8431436932253575e-17,2048,2048,1.015625,2
142,3.5500000000000003,2.8532456116676643e-18,8.0465845906530071e-15,2.4936649967166602e-17,3.8150433414580445e-18,1.8550751772065715e-18,-0.00066078887389586782,0.00066078887389573251,-1.3530843112619095e-16,-0.00066078887389574065,-0.00066078887389573533,-5.3125906451789717e-18,-1.2717691483254967e-16,-2.8189256484623115e-18,2048,2048,1.015625,2
143,3.5750000000000002,2.8411533251274831e-18,8.0318759462849335e-15,2.5804011705155006e-17,3.7555938381182189e-18,7.1259960010270084e-18,-0.0006607777795952785,0.00066077777959644944,1.1709383462843448e-15,-0.00066077777959643361,-0.00066077777959643274,-8.6736173798840355e-19,1.1551089945660564e-15,1.6696713456276768e-17,3584,3584,1.02734375,2
144,3.6000000000000001,3.0912464300604833e-18,8.7657631558067618e-15,2.6237692574149207e-17,4.0492237264525794e-18,-1.7017648857664533e-17,-0.00065881564072611809,0.00065881564072474245,-1.375635716449608e-15,-0.00065881564072471383,-0.00065881564072471025,-3.5778671692021646e-18,-1.4042586538032253e-15,3.2200804522819482e-17,2048,2048,1.015625,2
145,3.625,3.0896515865036192e-18,8.7911303269167731e-15,2.4177708446426749e-17,4.0718329547768825e-18,1.769122728207395e-17,-0.00065492882993822832,0.0006549288299383775,1.4918621893400541e-16,-0.0006549288299383839,-0.00065492882993837935,-4.5536491244391186e-18,1.5558301175166989e-16,-1.8431436932253575e-18,1536,1536,1.01171875,2
146,3.6500000000000004,4.4117955326764543e-18,1.2613654467756381e-14,2.9056618222611519e-17,6.0264292431373374e-18,1.5624852339146199e-18,-0.00064938219403920527,0.00064938219403974477,5.3949900102878701e-16,-0.00064938219403976028,-0.00064938219403975551,-4.7704895589362195e-18,5.5500309209532972e-16,-1.0733601507606494e-17,4096,4096,1.03125,2
147,3.6750000000000003,3.3050370404339406e-18,9.5055708192005047e-15,2.4828229749918052e-17,4.5021991389965546e-18,1.3203927425139917e-17,-0.00064206808249522851,0.00064206808249479656,-4.3194614551822497e-16,-0.00064206808249480079,-0.0006420680824947957,-5.0957502106818708e-18,-4.277177570455315e-16,8.6736173798840355e-19,1536,1536,1.01171875,2
148,3.7000000000000002,4.3942608840646976e-18,1.2712872858272106e-14,3.0249240612345574e-17,6.1131345492052802e-18,8.8883518093679365e-18,-0.00063279445829067527,0.00063279445829155651,8.81239525796218e-16,-0.00063279445829156084,-0.00063279445829157158,1.0733601507606494e-17,8.8557633448616002e-16,-1.5070410197548512e-17,2048,2048,1.015625,2
149,3.7250000000000001,3.8926576477355377e-18,1.134194032193255e-14,3.4369208867790491e-17,5.0805173355816473e-18,2.5929466031230826e-18,-0.00062184478483295891,0.00062184478483268135,-2.7755575615628914e-16,-0.00062184478483269848,-0.00062184478483268992,-8.565197162635485e-18,-2.6042536183101817e-16,-8.565197162635485e-18,3584,3584,1.02734375,2
150,3.75,4.087830581730852e-18,1.2018695930082226e-14,3.7404974950749903e-17,5.2959909720543651e-18,1.1467181815956054e-18,-0.00060933216733793927,0.0006093321673381856,2.4633073358870661e-16,-0.00060933216733818473,-0.00060933216733819286,8.1315162936412833e-18,2.454633718507182e-16,-7.2641545556528797e-18,2048,2048,1.015625,2
151,3.7750000000000004,3.9657019264284417e-18,1.1761181665288989e-14,3.7730235602495554e-17,5.1578368688081952e-18,1.6344011084952857e-17,-0.00059490449607224605,0.0005949044960704454,-1.8006429680639258e-15,-0.00059490449607045332,-0.00059490449607045939,6.0715321659188248e-18,-1.7927282922047816e-15,-1.3986208025063007e-17,2048,2048,1.015625,2
152,3.8000000000000003,3.8661510035014742e-18,1.1574732903009988e-14,3.2919088462091128e-17,4.9391368644394155e-18,2.5391961371699013e-18,-0.00057884357582693724,0.00057884357582809257,1.1553258350005535e-15,-0.00057884357582810536,-0.00057884357582810156,-3.7947076036992655e-18,1.1681194206358825e-15,-8.9988780316296868e-18,1536,1536,1.01171875,2
153,3.8250000000000002,4.003658854820641e-18,1.2133328285474628e-14,2.9490299091605721e-17,5.3751496751338522e-18,2.8051323743149664e-17,-0.00056137277397994012,0.00056137277397883337,-1.1067535776732029e-15,-0.00056137277397884573,-0.000561372773978839,-6.7220534694101275e-18,-1.0943936729068682e-15,-5.6378512969246231e-18,4096,4096,1.03125,2
154,3.8500000000000001,4.4805561391764128e-18,1.3738784036783159e-14,3.6171694979547642e-17,5.8685927794966646e-18,6.5000776060075791e-18,-0.00054218651930604267,0.00054218651930726044,1.2177758801357186e-15,-0.00054218651930725557,-0.00054218651930726381,8.2399365108898337e-18,1.2128969703595338e-15,-3.3610267347050637e-18,1536,1536,1.01171875,2
155,3.875,4.5536371028052782e-18,1.4134637456159093e-14,3.7228792097721009e-17,6.1107400293530011e-18,1.6307768662081309e-18,-0.00052143909820756562,0.00052143909820651438,-1.0512424264419451e-15,-0.00052143909820651438,-0.00052143909820651698,2.6020852139652106e-18,-1.0512424264419451e-15,-2.6020852139652106e-18,2048,2048,1.015625,2
156,3.9000000000000004,4.2751682807604045e-18,1.3467932814830451e-14,4.0169690490587939e-17,5.5560497130139378e-18,-3.4342517577115902e-17,-0.00049941396507335867,0.0004994139650734454,8.6736173798840355e-17,-0.00049941396507345332,-0.00049941396507345202,-1.3010426069826053e-18,9.4650849657984537e-17,-6.613633252161577e-18,4096,4096,1.03125,2
157,3.9250000000000003,6.4401400524722054e-18,2.0602972507846358e-14,5.0903291998194433e-17,8.8563448002933314e-18,1.8514420320218884e-17,-0.00047597321652759206,0.00047597321652907698,1.4849232954361469e-15,-0.00047597321652906945,-0.0004759732165290721,2.6562953225894859e-18,1.4773880903373726e-15,4.87890977618477e-18,2048,2048,1.015625,2
158,3.9500000000000002,4.5137439183262848e-18,1.466219066787566e-14,3.8814437774981059e-17,5.8059360129825322e-18,1.0800009835660258e-17,-0.00045106706913422556,0.00045106706913411454,-1.1102230246251565e-16,-0.00045106706913409974,-0.00045106706913410381,4.0657581468206416e-18,-1.2582166211694279e-16,1.0733601507606494e-17,2048,2048,1.015625,2
159,3.9750000000000001,5.5436427558344975e-18,1.8324800282253509e-14,4.0982842119952068e-17,7.6265829881793844e-18,1.1609614746361846e-17,-0.00042504723643332909,0.00042504723643237499,-9.540979117872439e-16,-0.00042504723643238085,-0.00042504723643238448,3.6320772778264399e-18,-9.4824322005582218e-16,-9.4867690092481638e-18,4096,4096,1.03125,2
160,4,4.8075157388467237e-18,1.6207352285123975e-14,3.664603343001005e-17,6.332902421126646e-18,1.9686041246485902e-17,-0.00039792479776146195,0.00039792479776133358,-1.2836953722228372e-16,-0.00039792479776134117,-0.00039792479776134973,8.565197162635485e-18,-1.2078012201488519e-16,-1.6154612370034016e-17,1536,1536,1.01171875,2
161,4.0250000000000004,5.9976216206234675e-18,2.0599093913804029e-14,4.3747557659790104e-17,8.2923656027200542e-18,-2.8286510222485748e-18,-0.00036951008867625035,0.00036951008867582014,-4.3021142204224816e-16,-0.00036951008867582567,-0.00036951008867581618,-9.4867690092481638e-18,-4.2468199096257209e-16,3.9573379295720912e-18,2048,2048,1.015625,2
162,4.0499999999999998,5.7040354165737648e-18,1.9984432104331081e-14,4.9439619065339002e-17,7.6767999631759166e-18,1.5135699875719323e-17,-0.00034016326016583776,0.00034016326016724982,1.412064909445121e-15,-0.00034016326016726256,-0.00034016326016725378,-8.7820375971325859e-18,1.4248042849718257e-15,-3.9573379295720912e-18,3072,3072,1.0234375,2
163,4.0750000000000002,5.6560827741781066e-18,2.0308825107350108e-14,4.1308102771697719e-17,7.4065275385170114e-18,-5.3912845207526011e-17,-0.00030999830948985618,0.00030999830949052232,6.6613381477509392e-16,-0.00030999830949052947,-0.00030999830949053007,5.9631119486702744e-19,6.7328954911349825e-16,-7.7520455332713567e-18,2560,2560,1.01953125,2
164,4.1000000000000005,5.7809486610767826e-18,2.1223611995924694e-14,4.4235448637408581e-17,7.5685665853482265e-18,7.3655330214614639e-17,-0.00027885455141962723,0.00027885455141891252,-7.1470607210244452e-16,-0.00027885455141892504,-0.00027885455141892461,-4.3368086899420177e-19,-7.0218353701023695e-16,-1.2088854223213374e-17,1536,1536,1.01171875,2
165,4.125,7.2472017745318483e-18,2.7231836691949727e-14,4.7162794503119443e-17,1.0284618605073628e-17,-6.1607372627756099e-18,-0.00024690215166600638,0.00024690215166529167,-7.1470607210244452e-16,-0.00024690215166528397,-0.00024690215166528983,5.8546917314217239e-18,-7.224039075270916e-16,1.8431436932253575e-18,2048,2048,1.015625,2
166,4.1500000000000004,5.3285000923553395e-18,2.059849607488278e-14,4.2717565595928875e-17,7.0502388702430529e-18,2.2866077512116527e-17,-0.0002144755290078848,0.00021447552900805134,1.6653345369377348e-16,-0.0002144755290080496,-0.00021447552900805315,3.550762114890027e-18,1.6479873021779667e-16,-1.8160386389132199e-18,4096,4096,1.03125,2
167,4.1749999999999998,5.6444754379847637e-18,2.2416421107381199e-14,4.2283884726934673e-17,7.6112865542657264e-18,-1.851377526929854e-17,-0.00018140095831675751,0.00018140095831734385,5.863365348801608e-16,-0.00018140095831735388,-0.00018140095831734566,-8.2128314565776961e-18,5.9636540497565171e-16,-1.8160386389132199e-18,2048,2048,1.015625,2
168,4.2000000000000002,6.3097336862472311e-18,2.5749149457781019e-14,5.377642775528102e-17,7.9931060099744663e-18,4.4789889041482858e-17,-0.00014766436987123654,0.00014766436987067449,-5.620504062164855e-16,-0.00014766436987067821,-0.00014766436987067368,-4.526544070126981e-18,-5.5833701377572265e-16,8.1315162936412833e-19,1536,1536,1.01171875,2
169,4.2250000000000005,5.738144170472037e-18,2.4165000506795889e-14,3.9519169187096637e-17,7.8050898544146542e-18,-2.3370807732459267e-17,-0.00011377514398347444,0.00011377514398329402,-1.8041124150158794e-16,-0.00011377514398330754,-0.0001137751439832969,-1.0638733817514012e-17,-1.6689937192698734e-16,-2.8731357570865868e-18,4096,4096,1.03125,2
170,4.25,5.7042364159899574e-18,2.4823246339566058e-14,4.883653160689394e-17,7.5970022743823422e-18,9.4309590962455788e-18,-7.9618395856684288e-05,7.9618395856823065e-05,1.3877787807814457e-16,-7.9618395856819935e-05,-7.9618395856822767e-05,2.8324781756183803e-18,1.3564724430509267e-16,2.9815559743351372e-19,1536,1536,1.01171875,2
171,4.2750000000000004,6.2038181078289501e-18,2.7855817586940704e-14,4.0874421902703517e-17,8.5671076671227341e-18,3.8415183440954596e-18,-4.4995096988742489e-05,4.4995096989890876e-05,1.1483869410966463e-15,-4.4995096989882209e-05,-4.4995096989886688e-05,4.4791102250807402e-18,1.1397200999803403e-15,4.1877308912252609e-18,2048,2048,1.015625,2
172,4.2999999999999998,6.0145163349139323e-18,2.7940466696339266e-14,4.832831183854136e-17,7.9362157160062262e-18,5.1200685257070712e-18,-1.0452572839270147e-05,1.0452572838159924e-05,-1.1102230246251565e-15,-1.0452572838164093e-05,-1.0452572838174542e-05,1.0448998437329049e-17,-1.1060539284587709e-15,-1.4618094603714715e-17,3584,3584,1.02734375,2
173,4.3250000000000002,5.7598985061254892e-18,2.7819430711292241e-14,4.5319650809894085e-17,7.6608540826214793e-18,1.1316731039445742e-18,2.3925712696382107e-05,-2.392571269617047e-05,2.1163626406917047e-16,2.3925712696171029e-05,2.392571269617313e-05,-2.1006417091906648e-18,2.1107722232398263e-16,2.6596834543785031e-18,2048,2048,1.015625,2
174,4.3500000000000005,5.9141504400892513e-18,2.9583598590963725e-14,4.8572257327350599e-17,7.8385918429471046e-18,-3.8751334406522741e-17,5.850347037927861e-05,-5.8503470379112077e-05,1.6653345369377348e-16,5.8503470379124376e-05,5.8503470379123278e-05,1.0977546996415732e-18,1.5423453529964104e-16,1.1201163694490868e-17,2048,2048,1.015625,2
175,4.375,6.1852802111375461e-18,3.2078672273078111e-14,5.1065922324067259e-17,8.0471618494145004e-18,3.1821711504123281e-17,9.2859521462429484e-05,-9.2859521463071332e-05,-6.4184768611141862e-16,9.2859521463070031e-05,9.285952146307083e-05,-7.9959910220805952e-19,-6.4054664350443602e-16,-5.014435047745458e-19,2048,2048,1.015625,2
176,4.4000000000000004,6.8638836139052436e-18,3.7190089610058014e-14,5.5782201774379203e-17,9.3951069025232666e-18,-7.7726813512197278e-18,0.00012659782320589841,-0.00012659782320541269,4.8572257327350599e-16,0.00012659782320541168,0.00012659782320541816,-6.478107980600889e-18,4.8672546028305508e-16,5.4752209710517974e-18,4096,4096,1.03125,2
177,4.4249999999999998,6.7521135179737466e-18,3.8000792379307224e-14,5.7462715141731735e-17,8.8686170408848628e-18,3.2134319939295024e-17,0.00016022869099430181,-0.00016022869099421855,8.3266726846886741e-17,0.00016022869099421979,0.00016022869099421161,8.1857264022655585e-18,8.201989434852841e-17,-6.9388939039072284e-18,2048,2048,1.015625,2
178,4.4500000000000002,6.4675740009178286e-18,3.7799040345132133e-14,5.1120132432691534e-17,8.4678322740504298e-18,-1.3858638486093889e-17,0.00019352376008185956,-0.00019352376008206079,-2.0122792321330962e-16,0.00019352376008205163,0.00019352376008205968,-8.0502011307048704e-18,-1.9206641485580711e-16,-1.111307226797642e-18,2048,2048,1.015625,2
179,4.4750000000000005,7.1430664174248033e-18,4.3580095792054818e-14,5.0252770694703131e-17,9.7863012258602476e-18,3.6658454751699554e-17,0.00022583411562493438,-0.00022583411562385539,1.078998002057574e-15,0.00022583411562385406,0.0002258341156238598,-5.7462715141731735e-18,1.0803261497188688e-15,4.4181238528784306e-18,4096,4096,1.03125,2
180,4.5,6.735816538806371e-18,4.2732717063322737e-14,5.49148400363908e-17,9.134000761884507e-18,-1.0600397358910716e-17,0.00025762136454332563,-0.00025762136454388074,-5.5511151231257827e-16,0.00025762136454389201,0.0002576213645438822,9.8120296609938151e-18,-5.6638721490642752e-16,1.463672932855431e-18,1024,1024,1.0078125,2
181,4.5250000000000004,6.1632298584947776e-18,4.0479507813343256e-14,5.7398340637740408e-17,8.1535517906236306e-18,4.1402791704979047e-17,0.00028899380295221988,-0.00028899380295299357,-7.7368667028565596e-16,0.0002889938029529991,0.00028899380295299172,7.3725747729014302e-18,-7.7921610136533204e-16,-1.8431436932253575e-18,3072,3072,1.0234375,2
182,4.5499999999999998,6.6918354202703958e-18,4.5567538538880733e-14,5.8479154678436895e-17,8.995222358611297e-18,1.8498174696682298e-17,0.00031916311313295864,-0.00031916311313237924,5.7939764097625357e-16,0.00031916311313238168,0.00031916311313238586,-4.1741783640691921e-18,5.7695818608816118e-16,6.613633252161577e-18,2048,2048,1.015625,2
183,4.5750000000000002,6.0567493836794019e-18,4.2620650720188268e-14,4.9900404988645342e-17,8.0832821513523974e-18,1.3453991816441619e-18,0.00034827697999517682,-0.00034827697999526008,-8.3266726846886741e-17,0.00034827697999525385,0.00034827697999525461,-7.589415207398531e-19,-7.703256435509509e-17,-5.4752209710517974e-18,2048,2048,1.015625,2
184,4.6000000000000005,6.5725787220242143e-18,4.7349947809431411e-14,4.5170573011177328e-17,8.7844470708593763e-18,-5.6330524343249248e-17,0.00037688431135762812,-0.00037688431135642769,1.2004286453759505e-15,0.00037688431135644347,0.00037688431135643122,1.22514845490862e-17,1.1846535037662864e-15,3.5236570605778894e-18,2048,2048,1.015625,2
185,4.625,6.1941741105259827e-18,4.5491353073096078e-14,5.4210108624275222e-17,8.1186000469491331e-18,9.5257454838603699e-18,0.00040423716677118193,-0.00040423716677263563,-1.4536982728685643e-15,0.00040423716677262322,0.00040423716677262636,-3.1441863002079629e-18,-1.4412841579936053e-15,-9.2699285747510629e-18,3072,3072,1.0234375,2
186,4.6500000000000004,6.1587569823185419e-18,4.5914609365214945e-14,5.1987494170679938e-17,8.2978233597887247e-18,1.1978608059793518e-17,0.00042996665508532317,-0.00042996665508647502,-1.1518563880485999e-15,0.00042996665508647356,0.00042996665508646944,4.1199682554449168e-18,-1.1503927151157445e-15,-5.5836411883003478e-18,3072,3072,1.0234375,2
187,4.6749999999999998,6.6080513356650664e-18,4.9384348483559914e-14,5.0008825205893892e-17,8.7191264273436537e-18,-4.315076446821758e-17,0.0004550673567997876,-0.00045506735679904167,7.4593109467002705e-16,0.00045506735679902742,0.00045506735679903452,-7.101524229780054e-18,7.6018835323821143e-16,-7.1557343384043293e-18,2048,2048,1.015625,2
188,4.7000000000000002,7.0711061402558723e-18,5.2550610680606159e-14,5.2881960962980479e-17,9.691822662853661e-18,4.9285653080167847e-17,0.00047890505988767984,-0.00047890505988656962,1.1102230246251565e-15,0.00047890505988658274,0.0004789050598865771,5.6378512969246231e-18,1.0971041783380819e-15,7.4809949901499806e-18,3072,3072,1.0234375,2
189,4.7250000000000005,6.7663870831683394e-18,4.9686112570676892e-14,5.6486933186494781e-17,8.9036669064866308e-18,-1.3347344606628167e-17,0.00050075828143647527,-0.0005007582814367563,-2.8102520310824275e-16,0.00050075828143675608,0.00050075828143676237,-6.2883726004159257e-18,-2.8080836267374565e-16,6.0715321659188248e-18,3072,3072,1.0234375,2
190,4.75,6.4375198992662019e-18,4.6238924802039721e-14,4.9656459499836103e-17,8.6202350722577727e-18,6.233246464263006e-18,0.00052165826498473677,-0.00052165826498494147,-2.0469737016526324e-16,0.00052165826498495199,0.00052165826498494787,4.1199682554449168e-18,-2.1521413123837263e-16,6.3967928176644762e-18,2048,2048,1.015625,2
191,4.7750000000000004,6.3898523833159569e-18,4.4540035683585599e-14,5.2366964931049864e-17,8.5609093168339516e-18,8.2221196448963248e-18,0.00054136122044390333,-0.0005413612204446458,-7.4246164771807344e-16,0.00054136122044465989,0.00054136122044465826,1.6263032587282567e-18,-7.5655627596038499e-16,1.2468324983583301e-17,3072,3072,1.0234375,2
192,4.8000000000000007,6.1280221532979739e-18,4.1249359078523848e-14,5.51316804708879e-17,8.0589470147189702e-18,-5.0820938327627276e-18,0.00055895862304744526,-0.00055895862304673055,7.1470607210244452e-16,0.00055895862304673088,0.00055895862304673218,-1.3010426069826053e-18,7.1438081145069887e-16,1.6263032587282567e-18,2048,2048,1.015625,2
193,4.8250000000000002,6.30171012623534e-18,4.0748638822252866e-14,5.1824863844807112e-17,8.4977761191266408e-18,2.3738372874526446e-17,0.00057511159606526974,-0.00057511159606444748,8.2225892761300656e-16,0.00057511159606446385,0.00057511159606445962,4.2283884726934673e-18,8.0588747480847545e-16,1.214306433183765e-17,2048,2048,1.015625,2
194,4.8500000000000005,6.430666618631037e-18,3.9758856034391335e-14,5.229920229526952e-17,8.3931993499442395e-18,8.5707972337155719e-19,0.00059016712481607669,-0.00059016712481609751,-2.0816681711721685e-17,0.00059016712481612321,0.00059016712481610727,1.5937771935536915e-17,-4.651227319962814e-17,9.7578195523695399e-18,2048,2048,1.015625,2
195,4.875,5.9096437614099913e-18,3.4857737690013541e-14,4.5428071027142636e-17,7.7747520546762436e-18,-3.7840082931516726e-17,0.0006031612694865629,-0.00060316126948716658,-6.0368376963992887e-16,0.00060316126948716398,0.00060316126948716897,-4.9873299934333204e-18,-6.0108168442596366e-16,2.3852447794681098e-18,2048,2048,1.015625,2
196,4.9000000000000004,6.2894137574407815e-18,3.536559868698529e-14,4.5373860918518361e-17,8.3095785527206865e-18,7.7478390758353103e-18,0.00061425616890353751,-0.00061425616890272913,8.0838113980519211e-16,0.00061425616890274236,0.00061425616890273434,8.0230960763927328e-18,7.9515387330086895e-16,5.2041704279304213e-18,3072,3072,1.0234375,2
197,4.9250000000000007,5.968082832319114e-18,3.1924844265402807e-14,4.8260549202761016e-17,7.9580452747024615e-18,3.080160843408707e-17,0.00062427167736522904,-0.00062427167736642253,-1.1934897514720433e-15,0.00062427167736641993,0.0006242716773664247,-4.7704895589362195e-18,-1.1908876662580781e-15,2.1684043449710089e-18,3072,3072,1.0234375,2
198,4.9500000000000002,8.7080091310741255e-18,4.4295567901103917e-14,5.7896396010725937e-17,1.2460187035314162e-17,-4.4974428814502184e-17,0.00063236038278979834,-0.00063236038278970466,9.3675067702747583e-17,0.0006323603827897142,0.00063236038278970499,9.2157184661267877e-18,8.4134088584875144e-17,3.2526065174565133e-19,2048,2048,1.015625,2
199,4.9750000000000005,6.0487480523412197e-18,2.9313509408728654e-14,4.9331198848090452e-17,7.8721949615795817e-18,3.962809863190743e-17,0.00063832437109923035,-0.00063832437109969699,-4.6664061503776111e-16,0.00063832437109967704,0.0006383243710996843,-7.2641545556528797e-18,-4.4669129506402783e-16,-1.2685165418080402e-17,2560,2560,1.01953125,2
200,5,7.7018102074813403e-18,3.5542908180269591e-14,6.0715321659188248e-17,1.0682313029582428e-17,-3.6009630793022951e-17,0.00064300760092983467,-0.00064300760092848332,1.3513495877859327e-15,0.00064300760092848971,0.0006430076009284844,5.3125906451789717e-18,1.3449527949682683e-15,1.0842021724855044e-18,2560,2560,1.01953125,2
201,5.0250000000000004,6.4048280061123726e-18,2.8142794998912169e-14,4.889751797909625e-17,8.3507862561482676e-18,-3.9947237315685348e-19,0.00064601503400751881,-0.00064601503400801667,-4.9786563760534364e-16,0.0006460150340080351,0.00064601503400803825,-3.1441863002079629e-18,-5.1629707453759721e-16,2.1575623232461538e-17,3072,3072,1.0234375,2
202,5.0500000000000007,6.0202237147374492e-18,2.5267188452004403e-14,4.889751797909625e-17,8.0927213708454073e-18,1.4636816266078855e-17,0.00064685348154647215,-0.00064685348154717819,-7.0603245472256049e-16,0.00064685348154718979,0.0006468534815471887,1.0842021724855044e-18,-7.1763341796815538e-16,1.0516761073109393e-17,1024,1024,1.0078125,2
203,5.0750000000000002,6.7929360486103805e-18,2.7248231644511117e-14,5.4806419819142249e-17,9.1145273001375907e-18,-4.2750057072088171e-17,0.00064615906903320308,-0.00064615906903202694,1.1761425167122752e-15,0.00064615906903201621,0.00064615906903201794,-1.7347234759768071e-18,1.1868761182198817e-15,-8.9988780316296868e-18,3584,3584,1.02734375,2
204,5.1000000000000005,5.504981666705021e-18,2.1106403698054384e-14,4.5753331678888287e-17,7.28080942854309e-18,1.0631413241124777e-17,0.00064401657149382174,-0.00064401657149386858,-4.6837533851373792e-17,0.00064401657149387628,0.00064401657149386099,1.5287250632045613e-17,-5.4535369276020873e-17,-7.589415207398531e-18,3072,3072,1.0234375,2
205,5.125,7.6229422296552891e-18,2.8012363542868793e-14,5.3911953026841708e-17,1.0592376489873872e-17,-6.3871627610616683e-17,0.00063979062683827692,-0.00063979062683786579,4.1112946380650328e-16,0.00063979062683787154,0.00063979062683786731,4.2283884726934673e-18,4.0538319229233011e-16,1.5178830414797062e-18,1024,1024,1.0078125,2
206,5.1500000000000004,6.4546357552295694e-18,2.277534239294157e-14,5.6541143295119056e-17,8.8005876910557587e-18,-7.7325467239323265e-18,0.00063393205483386339,-0.00063393205483423636,-3.7296554733501353e-16,0.0006339320548342318,0.00063393205483422692,4.87890977618477e-18,-3.6841189821057441e-16,-9.4325589006238886e-18,3072,3072,1.0234375,2
207,5.1750000000000007,5.6787924900017727e-18,1.923261698788799e-14,4.8246996675604947e-17,7.4897174287635933e-18,1.7636643023728554e-17,0.00062668089310058406,-0.00062668089310220602,-1.6219664500383146e-15,0.00062668089310221524,0.00062668089310221893,-3.6862873864507151e-18,-1.6311821685044414e-15,1.2902005852577503e-17,3584,3584,1.02734375,2
208,5.2000000000000002,5.9196947618387977e-18,1.9287735529997363e-14,4.6702008579813103e-17,7.9499529777760425e-18,-3.3953890102125154e-17,0.00061757197016021337,-0.00061757197015871977,1.4935969128160309e-15,0.00061757197015873647,0.00061757197015874015,-3.6862873864507151e-18,1.4769001993597541e-15,2.0383000842727483e-17,1536,1536,1.01171875,2
209,5.2250000000000005,5.4135242909702837e-18,1.7009893908551087e-14,5.1174342541315809e-17,7.2408263369318253e-18,-1.1151550729789075e-17,0.00060687957910232626,-0.00060687957910284147,-5.1521287236511171e-16,0.00060687957910284971,0.00060687957910284527,4.4452289071905682e-18,-5.2345280887600154e-16,3.7947076036992655e-18,1536,1536,1.01171875,2
210,5.25,5.0969553288273271e-18,1.5441541048335415e-14,5.5687334084286721e-17,6.7228442589224896e-18,4.7736967595195584e-17,0.00059475705550227076,-0.00059475705550226989,8.6736173798840355e-19,0.0005947570555022584,0.00059475705550226425,-5.8546917314217239e-18,1.2359904766334751e-17,-5.6378512969246231e-18,4608,4608,1.03515625,2
211,5.2750000000000004,4.9606121589207455e-18,1.4513016965779737e-14,3.5859986854958059e-17,6.6895427849481944e-18,-3.5677857005122784e-17,0.000581053301932144,-0.00058105330193318743,-1.0434361708000495e-15,0.00058105330193318906,0.00058105330193319285,-3.7947076036992655e-18,-1.0450624740587777e-15,5.4210108624275222e-18,1024,1024,1.0078125,2
212,5.3000000000000007,5.1069520122121355e-18,1.4461472755993346e-14,4.0766001685454967e-17,6.8509915140121437e-18,5.8832448408741806e-17,0.00056590979540693809,-0.00056590979540444182,2.4962670819306254e-15,0.00056590979540444963,0.00056590979540445212,-2.4936649967166602e-18,2.4884608262887298e-15,1.0299920638612292e-17,2048,2048,1.015625,2
213,5.3250000000000002,4.6991231828382912e-18,1.2888431910308941e-14,3.67544536472586e-17,6.287548247080857e-18,-3.6798785977040967e-17,0.00054937551921518946,-0.00054937551921725291,-2.063453574674412e-15,0.00054937551921725226,0.00054937551921725367,-1.4094628242311558e-18,-2.0628030533709207e-15,7.589415207398531e-19,4608,4608,1.03515625,2
214,5.3500000000000005,4.5309522991181606e-18,1.2041235138962058e-14,3.9356538861223811e-17,5.926368779731125e-18,2.3452294966288378e-17,0.0005314804649554361,-0.00053148046495572667,-2.9056618222611519e-16,0.00053148046495573339,0.00053148046495573697,-3.5778671692021646e-18,-2.9728823569552532e-16,1.0299920638612292e-17,1536,1536,1.01171875,2
215,5.375,4.3676013366176519e-18,1.1274956659830295e-14,4.1714678586379783e-17,5.6973679501241849e-18,9.8622153677789057e-18,0.00051234658814003353,-0.00051234658813900484,1.0286910212542466e-15,0.00051234658813900495,0.00051234658813900788,-2.927345865710862e-18,1.0285826010369981e-15,3.0357660829594124e-18,1536,1536,1.01171875,2
216,5.4000000000000004,4.0899440395226141e-18,1.0264172954492852e-14,3.5561831257524545e-17,5.3795958581680299e-18,-2.7444516804427646e-17,0.00049199202971195177,-0.0004919920297109864,9.6537361438109315e-16,0.00049199202971099366,0.00049199202971099713,-3.4694469519536142e-18,9.5810945982544027e-16,1.0733601507606494e-17,3072,3072,1.0234375,2
217,5.4250000000000007,3.9576065279188802e-18,9.6581466133251678e-15,3.5670251474773096e-17,5.1376233792966637e-18,4.2634004238624177e-18,0.00047043895435194827,-0.00047043895435298824,-1.0399667238480959e-15,0.00047043895435300266,0.00047043895435300087,1.7889335846010823e-18,-1.0543866127421531e-15,1.2630955309456127e-17,3072,3072,1.0234375,2
218,5.4500000000000002,3.9047953045809392e-18,9.2857703015111737e-15,2.9056618222611519e-17,5.0944607815097427e-18,2.3174726086560388e-17,0.00044787699104276157,-0.00044787699104270953,5.2041704279304213e-17,0.00044787699104270899,0.00044787699104270764,1.3552527156068805e-18,5.2583805365546965e-17,-1.8973538018496328e-18,1536,1536,1.01171875,2
219,5.4750000000000005,3.7047525826417331e-18,8.5913444186983405e-15,2.938187887435717e-17,4.879411758494316e-18,-1.9974311222188929e-17,0.00042434605249219715,-0.00042434605249199592,2.0122792321330962e-16,0.00042434605249199987,0.00042434605249200481,-4.9331198848090452e-18,1.9727058528373753e-16,8.8904578143811364e-18,2048,2048,1.015625,2
220,5.5,3.6228297758608652e-18,8.1990932709494697e-15,2.927345865710862e-17,4.7878406933355879e-18,-2.0018513115136933e-17,0.00039979862297379043,-0.00039979862297426748,-4.7704895589362195e-16,0.000399798622974271,0.00039979862297427241,-1.4094628242311558e-18,-4.8057261295419984e-16,4.9331198848090452e-18,4096,4096,1.03125,2
221,5.5250000000000004,3.768346534056575e-18,8.3336753392490362e-15,2.8839777788114418e-17,5.0372806065790877e-18,-1.2991757480245746e-17,0.00037447848630733915,-0.00037447848630601816,1.3209919269563386e-15,0.00037447848630602093,0.00037447848630602125,-3.2526065174565133e-19,1.3182272114165006e-15,3.0899761915836876e-18,1536,1536,1.01171875,2
222,5.5500000000000007,3.4273461019247865e-18,7.413083176732619e-15,3.187554387107383e-17,4.4606521226889713e-18,7.2687672982542799e-18,0.0003484523173060694,-0.00034845231730617652,-1.0711917464156784e-16,0.00034845231730617105,0.00034845231730617262,-1.5720931501039814e-18,-1.0164395367051604e-16,-3.903127820947816e-18,2048,2048,1.015625,2
223,5.5750000000000002,3.8200165505233356e-18,8.0882693107496365e-15,2.574980159653073e-17,5.3015934340314441e-18,-2.224265975130781e-17,0.00032167237656821612,-0.000321672376568248,-3.187554387107383e-17,0.00032167237656824843,0.00032167237656824979,-1.3552527156068805e-18,-3.2309224740068032e-17,1.7889335846010823e-18,4608,4608,1.03515625,2
224,5.6000000000000005,3.0236005615401139e-18,6.2733733333356414e-15,2.6183482465524932e-17,3.9665918252669206e-18,-5.921936763505225e-18,0.00029433956181890153,-0.00029433956181866496,2.3657291403633707e-16,0.00029433956181866756,0.00029433956181866799,-4.3368086899420177e-19,2.3397082882237186e-16,3.0357660829594124e-18,1024,1024,1.0078125,2
225,5.625,3.0156569062738437e-18,6.1359796358554708e-15,2.325613659981407e-17,4.1047298889640252e-18,-2.4271235892702593e-17,0.00026656709365902032,-0.00026656709365997463,-9.54314752221741e-16,0.00026656709365997203,0.00026656709365997425,-2.2226144535952841e-18,-9.5171266700777579e-16,-3.7947076036992655e-19,2048,2048,1.015625,2
226,5.6500000000000004,2.6753763145156075e-18,5.3430770337009991e-15,2.5099280293039428e-17,3.519300540206262e-18,5.5626084983212451e-18,0.00023834040730541517,-0.00023834040730535098,6.4184768611141862e-17,0.00023834040730535101,0.00023834040730535435,-3.3339216803929261e-18,6.4157663556829725e-17,3.3610267347050637e-18,4096,4096,1.03125,2
227,5.6750000000000007,2.7137597418030786e-18,5.3253801053654411e-15,2.2659825404947043e-17,3.565349147724367e-18,6.6989610921516943e-18,0.0002098022416401335,-0.00020980224164066324,-5.2974118147641747e-16,0.00020980224164066547,0.00020980224164066509,3.7947076036992655e-19,-5.3196379593001275e-16,1.8431436932253575e-18,1536,1536,1.01171875,2
228,5.7000000000000002,2.5256502422251487e-18,4.8727850788380017e-15,2.0220370516854658e-17,3.2326628245339933e-18,-1.4024212199937474e-18,0.00018108717897291626,-0.00018108717897162509,1.2911763672129872e-15,0.0001810871789716307,0.00018108717897163113,-4.3368086899420177e-19,1.2855656209703747e-15,6.0444271116066872e-18,2048,2048,1.015625,2
229,5.7250000000000005,2.1215487714381301e-18,4.0274976809768619e-15,1.6317242695906842e-17,2.8326137039918683e-18,-1.7283413375311828e-19,0.00015221558432898519,-0.00015221558432993419,-9.4900216157656203e-16,0.00015221558432993633,0.00015221558432993723,-8.9446679230054116e-19,-9.511434608672209e-16,3.0357660829594124e-18,3072,3072,1.0234375,2
230,5.75,2.0757960158716586e-18,3.8816273000422794e-15,1.9081958235744878e-17,2.7805546656258402e-18,-6.9117350869208983e-18,0.00012330386490866374,-0.00012330386490875368,-8.9934570207672593e-17,0.00012330386490875606,0.00012330386490875595,1.0842021724855044e-19,-9.2319814987140703e-17,2.2768245622195593e-18,3072,3072,1.0234375,2
231,5.7750000000000004,1.8748403400851719e-18,3.455356842588653e-15,1.6805133673525319e-17,2.4506407158066203e-18,8.6467328670618872e-18,9.4473251882831732e-05,-9.4473251883773552e-05,-9.4181932218384556e-16,9.4473251883774419e-05,9.4473251883774175e-05,2.439454888092385e-19,-9.4268668392183397e-16,6.2341624917916505e-19,1536,1536,1.01171875,2
232,5.8000000000000007,1.668817683020803e-18,3.033486976419928e-15,1.4392783839745071e-17,2.1545603238907204e-18,5.8341839258976339e-18,6.5773243678179938e-05,-6.5773243677046472e-05,1.1334656086978145e-15,6.5773243677046459e-05,6.5773243677046743e-05,-2.8460307027744491e-19,1.1334791612249706e-15,2.7105054312137611e-19,2048,2048,1.015625,2
233,5.8250000000000002,1.3553416569902242e-18,2.4322863193906758e-15,1.1709383462843448e-17,1.7642167235020079e-18,6.6916643287786203e-18,3.7312987361204364e-05,-3.7312987361400726e-05,-1.9636256596428092e-16,3.7312987361401912e-05,3.7312987361402007e-05,-9.4867690092481638e-20,-1.9754841209043694e-16,1.2807138162485021e-18,4096,4096,1.03125,2
234,5.8500000000000005,1.216627294776242e-18,2.1569573366407478e-15,1.1600963245594897e-17,1.5826065252166513e-18,-6.0571403104349998e-18,9.1864891711423979e-06,-9.1864891719338062e-06,-7.9140829360811044e-16,9.186489171933608e-06,9.1864891719336656e-06,-5.7598240413292423e-20,-7.9121008789845293e-16,-1.4060746924421386e-19,1024,1024,1.0078125,2
235,5.875,1.0161239075932424e-18,1.7808605911694194e-15,9.4867690092481638e-18,1.2992620215503158e-18,1.3253389128886408e-18,-1.8532207642252274e-05,1.8532207642987726e-05,7.3545160304659685e-16,-1.8532207642988203e-05,-1.853220764298822e-05,1.6940658945086007e-20,7.3592932962884827e-16,-4.946672411965114e-19,2048,2048,1.015625,2
236,5.9000000000000004,7.6799470644070043e-19,1.33176099131498e-15,7.4809949901499806e-18,1.0320636730818833e-18,-2.1974824036911292e-18,-4.5739913881348571e-05,4.5739913881280489e-05,-6.8081120168511644e-17,-4.5739913881280733e-05,-4.5739913881280794e-05,6.0986372202309624e-20,-6.7837174679702406e-17,-3.0493186101154812e-19,4608,4608,1.03515625,2
237,5.9250000000000007,5.8196508878041233e-19,9.9915459722609333e-16,5.2041704279304213e-18,7.6138935496755123e-19,-1.7593404875689791e-18,-7.2372140065724011e-05,7.2372140065612094e-05,-1.119167692548162e-16,-7.2372140065612826e-05,-7.2372140065612542e-05,-2.8460307027744491e-19,-1.1118493278838848e-16,-4.4723339615027058e-19,1536,1536,1.01171875,2
238,5.9500000000000002,3.5176480981974952e-19,5.9835305125849494e-16,2.9815559743351372e-18,4.6692983800223341e-19,3.1433714782333507e-18,-9.8339076531672731e-05,9.8339076530964422e-05,-7.0830927928478005e-16,-9.8339076530964612e-05,-9.8339076530964571e-05,-4.0657581468206416e-20,-7.0811954390459508e-16,-1.4907779871675686e-19,1536,1536,1.01171875,2
239,5.9750000000000005,2.0542347688430134e-19,3.4646997547331816e-16,2.0599841277224584e-18,2.6754234089656931e-19,-5.603151125571395e-20,-0.00012353543568011105,0.00012353543567983965,-2.714029088274339e-16,-0.00012353543567984032,-0.00012353543567984079,4.6078592330633938e-19,-2.7072528246963046e-16,-1.1384122811097797e-18,4608,4608,1.03515625,2
240,6,2.6880164346002055e-19,4.4982504820310932e-16,2.1684043449710089e-18,3.7100293828861612e-19,1.8046218893084946e-18,-0.00014792914684313985,0.00014792914684325407,1.1422069887134789e-16,-0.00014792914684325515,-0.00014792914684325496,-1.8973538018496328e-19,1.153049010438334e-16,-8.9446679230054116e-19,1536,1536,1.01171875,2
241,6.0250000000000004,4.095255903797445e-19,6.804318834610477e-16,3.4694469519536142e-18,5.6690236096177987e-19,7.0747769471335086e-19,-0.00017143472442882057,0.00017143472443045794,1.6373621208876088e-15,-0.00017143472443046216,-0.00017143472443046189,-2.7105054312137611e-19,1.6415905093603023e-15,-3.9573379295720912e-18,1536,1536,1.01171875,2
242,6.0500000000000007,5.3380175227495324e-19,8.8125423522865133e-16,4.3368086899420177e-18,7.0452826172701426e-19,4.6921042654617058e-18,-0.00019393624002894683,0.00019393624002857158,-3.7524237189723308e-16,-0.00019393624002857028,-0.00019393624002857074,4.6078592330633938e-19,-3.7654341450421569e-16,8.4025668367626594e-19,3072,3072,1.0234375,2
243,6.0750000000000002,7.7121503077943669e-19,1.2659445097263402e-15,5.6378512969246231e-18,1.019428392289908e-18,2.4841907132339794e-18,-0.00021540581119516844,0.000215405811196171,1.002561748897346e-15,-0.00021540581119617344,-0.00021540581119617035,-3.0899761915836876e-18,1.0050012037854383e-15,6.5052130349130266e-19,3584,3584,1.02734375,2
244,6.1000000000000005,1.0145537239835894e-18,1.6569423425692407e-15,8.2399365108898337e-18,1.3368323597929085e-18,-3.7958610107133857e-18,-0.00023581660127014459,0.00023581660126907123,-1.0733601507606494e-15,-0.00023581660126906833,-0.00023581660126906841,8.1315162936412833e-20,-1.0762603915720481e-15,2.8189256484623115e-18,1024,1024,1.0078125,2
245,6.125,1.2135863713774251e-18,1.9733825438592496e-15,8.9988780316296868e-18,1.6452790792482561e-18,3.002462554342729e-18,-0.00025503101224977343,0.00025503101224983067,5.7245874707234634e-17,-0.00025503101224983512,-0.00025503101224983685,1.7347234759768071e-18,6.1691103614425202e-17,-6.1799523831673753e-18,2560,2560,1.01953125,2
246,6.1500000000000004,1.4581102680147259e-18,2.3623558553379507e-15,1.2034644114589099e-17,1.9500944233079143e-18,-6.093270583066187e-18,-0.00027299826894378043,0.00027299826894353388,-2.4654757402320371e-16,-0.00027299826894354088,-0.00027299826894354001,-8.6736173798840355e-19,-2.395544700106722e-16,-6.1257422745431001e-18,4096,4096,1.03125,2
247,6.1750000000000007,1.7436263097159478e-18,2.8165937706518673e-15,1.3715157481941631e-17,2.3800100186603562e-18,4.5459683029232137e-18,-0.0002897507626418161,0.00028975076264231678,5.0068456325380595e-16,-0.00028975076264231781,-0.00028975076264231976,1.951563910473908e-18,5.0171455531766718e-16,-2.9815559743351372e-18,1024,1024,1.0078125,2
248,6.2000000000000002,1.9907133111881785e-18,3.2081647151081205e-15,1.3227266504323154e-17,2.6877852936405098e-18,1.2874521194151358e-17,-0.0003051858315199496,0.00030518583151938712,-5.624840870854797e-16,-0.00030518583151938538,-0.00030518583151938365,-1.7347234759768071e-18,-5.6421881056145651e-16,3.4694469519536142e-18,1536,1536,1.01171875,2
249,6.2250000000000005,1.9830209282712509e-18,3.1907127455225928e-15,1.6913553890773869e-17,2.6136425297850136e-18,5.0793969446261538e-18,-0.00031920953208874892,0.0003192095320893912,6.4228136698041283e-16,-0.0003192095320893855,-0.00031920953208938377,-1.7347234759768071e-18,6.3658930557486393e-16,7.4267848815257054e-18,4096,4096,1.03125,2
250,6.25,2.2767184519171812e-18,3.6603494330797482e-15,1.7889335846010823e-17,2.9848878061437129e-18,1.2415618320227849e-17,-0.00033182945966458988,0.00033182945966545724,8.6736173798840355e-16,-0.00033182945966546353,-0.00033182945966546282,-7.0473141211557788e-19,8.7365011058881947e-16,-5.5836411883003478e-18,2560,2560,1.01953125,2
251,6.2750000000000004,2.6381238933746281e-18,4.2400583778395821e-15,2.0274580625478933e-17,3.4841614739998639e-18,-3.2287654488236999e-18,-0.00034309872672011466,0.00034309872671898275,-1.1319070680748666e-15,-0.00034309872671898481,-0.00034309872671898535,5.4210108624275222e-19,-1.1298470839471442e-15,-2.6020852139652106e-18,1024,1024,1.0078125,2
252,6.3000000000000007,3.0276080923236507e-18,4.8680361219795502e-15,2.2768245622195593e-17,4.068651960645476e-18,-1.6826067914493161e-19,-0.00035285887628688783,0.00035285887628641339,-4.7444687067965674e-16,-0.00035285887628641968,-0.00035285887628642217,2.4936649967166602e-18,-4.6815849807924081e-16,-8.7820375971325859e-18,4096,4096,1.03125,2
253,6.3250000000000002,2.9128681758830211e-18,4.6898294293592446e-15,2.2551405187698492e-17,3.9179354965365156e-18,-1.9709828241947537e-18,-0.00036103828083966505,0.0003610382808402232,5.5814727839553768e-16,-0.00036103828084022878,-0.00036103828084022347,-5.3125906451789717e-18,5.6373091958383803e-16,-2.7105054312137611e-19,3072,3072,1.0234375,2
254,6.3500000000000005,4.033209966165161e-18,6.5057624372972566e-15,3.0357660829594124e-17,5.6958049858944175e-18,1.1988387344656253e-17,-0.00036784259946642806,0.00036784259946454761,-1.8804402479588589e-15,-0.00036784259946455743,-0.0003678425994645545,-2.927345865710862e-18,-1.8706282182978651e-15,-6.8846837952829532e-18,1024,1024,1.0078125,2
255,6.375,3.5777662965769797e-18,5.7851364029937372e-15,2.9056618222611519e-17,4.7721602052796352e-18,8.8016913394033027e-18,-0.00037313514066106279,0.00037313514066290854,1.8457457784393227e-15,-0.0003731351406629093,-0.00037313514066291076,1.463672932855431e-18,1.8465047199600626e-15,-2.2226144535952841e-18,3072,3072,1.0234375,2
256,6.4000000000000004,3.4990859223945073e-18,5.6776397997450509e-15,3.0574501264091225e-17,4.6313925861140128e-18,-3.0418535407200683e-17,-0.00037675244614554515,0.00037675244614535867,-1.8648277366750676e-16,-0.00037675244614535975,-0.00037675244614535617,-3.5778671692021646e-18,-1.8539857149502126e-16,2.4936649967166602e-18,3072,3072,1.0234375,2
257,6.4250000000000007,3.7403706544116108e-18,6.0944539487523545e-15,3.0682921481339775e-17,4.9296691748679838e-18,-1.3434917647561404e-17,-0.00037889446975647445,0.0003788944697553304,-1.1440501324067043e-15,-0.00037889446975534786,-0.00037889446975534899,1.1384122811097797e-18,-1.1265944774296877e-15,-1.8594067258126401e-17,1536,1536,1.01171875,2
258,6.4500000000000002,3.8323770422883473e-18,6.2731747601752368e-15,3.4098158324669114e-17,5.055464193251827e-18,3.2042430674430288e-18,-0.00037963761583448274,0.00037963761583567537,1.1926223897340549e-15,-0.00037963761583568832,-0.00037963761583569103,2.7105054312137611e-18,1.2055786056952567e-15,-1.5666721392415539e-17,2560,2560,1.01953125,2
259,6.4750000000000005,4.2933514986544687e-18,7.0669025254626804e-15,3.0357660829594124e-17,5.7895368342212416e-18,-3.1946669814023122e-17,-0.00037868986583866615,0.0003786898658378491,-8.1705475718507614e-16,-0.00037868986583782839,-0.00037868986583782985,1.463672932855431e-18,-8.3776301867954928e-16,1.9244588561617704e-17,2560,2560,1.01953125,2
260,6.5,4.4848082491581194e-18,7.4296076757154291e-15,3.903127820947816e-17,5.9261405360431971e-18,-3.0485674423436658e-18,-0.00037617698120939735,0.00037617698121056916,1.1718057080223332e-15,-0.00037617698121056493,-0.00037617698121057198,7.0473141211557788e-18,1.1675773195496397e-15,-2.8189256484623115e-18,3072,3072,1.0234375,2
261,6.5250000000000004,5.5463988651226545e-18,9.2526050943350679e-15,3.664603343001005e-17,7.6171251827700378e-18,-1.9962881129147391e-17,-0.00037237791405608789,0.00037237791405618503,9.7144514654701197e-17,-0.00037237791405618623,-0.00037237791405618189,-4.3368086899420177e-18,9.8337137044435252e-17,3.1441863002079629e-18,2560,2560,1.01953125,2
262,6.5500000000000007,5.1055899185812942e-18,8.5838450305789404e-15,4.5970172113385388e-17,6.6943191374469902e-18,5.3119250039001818e-18,-0.00036699218595792615,0.00036699218595641868,-1.5074747006238454e-15,-0.00036699218595642546,-0.0003669921859564241,-1.3552527156068805e-18,-1.500698437045811e-15,-5.4210108624275222e-18,2048,2048,1.015625,2
263,6.5750000000000002,5.4447738031918691e-18,9.2344482344303765e-15,4.4885969940899884e-17,7.3599889032263576e-18,1.2661834028479341e-17,-0.00036003305160114962,0.00036003305160126758,1.1796119636642288e-16,-0.00036003305160127046,-0.00036003305160127469,4.2283884726934673e-18,1.2083433212350947e-16,-7.101524229780054e-18,2048,2048,1.015625,2
264,6.6000000000000005,5.6734176008347379e-18,9.7134577720198179e-15,4.5644911461639737e-17,7.4873585814791273e-18,2.0975806307823795e-17,-0.00035180200146633922,0.000351802001466478,1.3877787807814457e-16,-0.00035180200146648597,-0.00035180200146648613,1.6263032587282567e-19,1.4674676404591303e-16,-8.1315162936412833e-18,3584,3584,1.02734375,2
265,6.625,5.6465081882563894e-18,9.7671774019938656e-15,4.8619691172396839e-17,7.4224207800114522e-18,-1.2818490868761588e-17,-0.00034222421673923975,0.00034222421673938373,1.4398204850607499e-16,-0.00034222421673937772,-0.00034222421673938357,5.8546917314217239e-18,1.3796472644878044e-16,1.6263032587282567e-19,1536,1536,1.01171875,2
266,6.6500000000000004,6.6642793307956714e-18,1.1656350779297431e-14,5.5944832100252029e-17,9.0192276311260745e-18,4.8853656755608554e-17,-0.00033113206079526947,0.0003311320607969695,1.700029006457271e-15,-0.00033113206079697026,-0.00033113206079697681,6.5594231435373018e-18,1.7007879479780108e-15,-7.3183646642771549e-18,2048,2048,1.015625,2
267,6.6750000000000007,5.8448752759866788e-18,1.0345937063916222e-14,4.8680677544599149e-17,7.7385787937920976e-18,2.5492943145310025e-17,-0.00031879681011126593,0.00031879681011057551,-6.9041994343876922e-16,-0.00031879681011055952,-0.00031879681011055664,-2.8731357570865868e-18,-7.0641192548293041e-16,1.8865117801247777e-17,4096,4096,1.03125,2
268,6.7000000000000002,6.1852880527028505e-18,1.1092173538030318e-14,5.5988030780561998e-17,8.0948935311800486e-18,2.7492454344024692e-17,-0.00030532266942273623,0.00030532266942201632,-7.1991024253037494e-16,-0.00030532266942201838,-0.00030532266942201501,-3.3610267347050637e-18,-7.1785025840265249e-16,1.3010426069826053e-18,2048,2048,1.015625,2
269,6.7250000000000005,6.5228931669818183e-18,1.1857182881330704e-14,4.90059381963448e-17,8.6537202708009341e-18,2.201342752755727e-17,-0.00029054057259436661,0.00029054057259513683,7.7021722333370235e-16,-0.00029054057259513807,-0.00029054057259513715,-9.2157184661267877e-19,7.7146405583206068e-16,-3.2526065174565133e-19,2048,2048,1.015625,2
270,6.75,7.7484100676521805e-18,1.4292978359845306e-14,5.5727991665754928e-17,1.0524722156592636e-17,5.2624205250637022e-17,-0.00027460334938922415,0.00027460334938750504,-1.7191109646930158e-15,-0.00027460334938750292,-0.00027460334938750493,2.0057740190981832e-18,-1.7212251589293626e-15,1.0842021724855044e-19,3072,3072,1.0234375,2
271,6.7750000000000004,6.6946383515564253e-18,1.2546298258343348e-14,5.3451167103535369e-17,8.8008774595329194e-18,1.67397118947176e-18,-0.00025762959570840849,0.00025762959570945626,1.0477729794899915e-15,-0.00025762959570945659,-0.00025762959570945257,-4.0115480381963664e-18,1.0480982401417371e-15,3.6862873864507151e-18,3072,3072,1.0234375,2
272,6.8000000000000007,7.6315335609072984e-18,1.4538743840175104e-14,6.8087896432089678e-17,1.0332014923261923e-17,-2.8823887828072439e-18,-0.00023969859748973477,0.00023969859749026212,5.2735593669694936e-16,-0.00023969859749027367,-0.00023969859749027706,3.3881317890172014e-18,5.3890268983391998e-16,-1.4934884925987824e-17,1024,1024,1.0078125,2
273,6.8250000000000002,7.4701782430762518e-18,1.4483365177692748e-14,6.2666885569662156e-17,9.8204740635240334e-18,4.1714543010345507e-17,-0.00022073876492179068,0.00022073876492233711,5.4643789493269423e-16,-0.00022073876492234904,-0.0002207387649223479,-1.1384122811097797e-18,5.5836411883003478e-16,-1.0787811616230769e-17,2048,2048,1.015625,2
274,6.8500000000000005,7.6748224983215605e-18,1.5163464998838399e-14,5.7679555576228836e-17,1.0255309263063053e-17,1.6934377630898139e-17,-0.00020086619823445062,0.0002008661982333404,-1.1102230246251565e-15,-0.00020086619823334135,-0.00020086619823334422,2.8731357570865868e-18,-1.1092743477242317e-15,-3.8218126580114031e-18,4608,4608,1.03515625,2
275,6.875,7.6544257871699803e-18,1.5423209005691056e-14,7.5243630770494008e-17,9.936039479828514e-18,-4.9000680847326931e-18,-0.0001803580376016356,0.00018035803760175183,1.1622647289044608e-16,-0.00018035803760174546,-0.00018035803760174958,4.1199682554449168e-18,1.0985678512709374e-16,2.2497195079074217e-18,1024,1024,1.0078125,2
276,6.9000000000000004,7.7680488425133633e-18,1.5979879636242644e-14,6.4076348393893312e-17,1.0324544319107833e-17,-2.2264768706442168e-17,-0.00015902716167737196,0.00015902716167700247,-3.6949610038305991e-16,-0.00015902716167700147,-0.00015902716167699797,-3.4965520062657518e-18,-3.70498987392609e-16,4.4994390158148434e-18,2048,2048,1.015625,2
277,6.9250000000000007,7.5030039199245295e-18,1.5772021075207866e-14,6.1582683397176652e-17,9.8750509427394449e-18,1.2565297362214464e-17,-0.00013702762178091632,0.0001370276217805208,-3.9551695252271202e-16,-0.00013702762178052414,-0.00013702762178051798,-6.1528473288552377e-18,-3.9218303084231909e-16,2.8189256484623115e-18,3584,3584,1.02734375,2
278,6.9500000000000002,8.2981782024425232e-18,1.7860216796584663e-14,6.6082122412991495e-17,1.1065125428778729e-17,1.7875734698516893e-17,-0.00011451289714337065,0.00011451289714408536,7.1470607210244452e-16,-0.00011451289714407564,-0.00011451289714408027,4.6349642873755315e-18,7.0498891013154319e-16,5.082197683525802e-18,2048,2048,1.015625,2
279,6.9750000000000005,8.1015674176471398e-18,1.7860347704429207e-14,6.841315708383533e-17,1.0729862483216692e-17,-4.8339130234374818e-17,-9.1588461542002619e-05,9.158846154212405e-05,1.214306433183765e-16,-9.1588461542120797e-05,-9.1588461542118209e-05,-2.5885326868091418e-18,1.1817803680091998e-16,5.8411392042656551e-18,2560,2560,1.01953125,2
280,7,8.5175944226362974e-18,1.9254181457856041e-14,8.565197162635485e-17,1.1202681984505209e-17,-6.9363421155001782e-18,-6.8235001783989446e-05,6.8235001783521071e-05,-4.6837533851373792e-16,-6.8235001783521288e-05,-6.8235001783526831e-05,5.5429836068321414e-18,-4.6815849807924081e-16,-5.7598240413292423e-18,2048,2048,1.015625,2
281,7.0250000000000004,8.4177393490685398e-18,1.9555726188810365e-14,7.7412035115465017e-17,1.1113200483394747e-17,-2.7186063537800796e-17,-4.4461484307589672e-05,4.4461484308377236e-05,7.8756445809347042e-16,-4.4461484308371158e-05,-4.4461484308374268e-05,3.1103049823177908e-18,7.8148614966397356e-16,2.9680034471790684e-18,3072,3072,1.0234375,2
282,7.0500000000000007,8.8884067974081297e-18,2.1229317023583948e-14,6.7654215563095477e-17,1.1956863714129976e-17,7.8857564537905566e-17,-2.0711956308261392e-05,2.071195630780516e-05,-4.5623227418190027e-16,-2.0711956307799603e-05,-2.0711956307805245e-05,5.6412394287136403e-18,-4.6178881031588848e-16,-8.4703294725430034e-20,2048,2048,1.015625,2
283,7.0750000000000002,9.0607414543539416e-18,2.2276284319633471e-14,8.5895917115164089e-17,1.2031628570312694e-17,-5.5066964084978877e-18,3.2131190952355837e-06,-3.2131190958427369e-06,-6.0715321659188248e-16,3.2131190958452734e-06,3.2131190958489618e-06,-3.6884049688188508e-18,-6.0968965675243549e-16,6.2248451293718532e-18,2560,2560,1.01953125,2
284,7.1000000000000005,8.8275447259711747e-18,2.2394088837230901e-14,8.0447801198424429e-17,1.1712506173053412e-17,3.5407375292661322e-17,2.7363317020245859e-05,-2.7363317019642175e-05,6.0368376963992887e-16,2.7363317019648501e-05,2.7363317019640786e-05,7.7147760835921675e-18,5.9735812758983375e-16,-1.3891340334970526e-18,3072,3072,1.0234375,2
285,7.125,8.9205940704406735e-18,2.335144309908834e-14,9.7578195523695399e-17,1.1396554679776092e-17,-3.5683901699394954e-17,5.120304763472916e-05,-5.1203047632996171e-05,1.7329887525008303e-15,5.1203047632969154e-05,5.1203047632970211e-05,-1.0570971181733668e-18,1.7600057153864535e-15,-2.5959865767449797e-17,2048,2048,1.015625,2
286,7.1500000000000004,9.0502235649461802e-18,2.4496669351130114e-14,7.6327832942979512e-17,1.157481445296542e-17,-8.13747735054196e-17,7.4908253886007969e-05,-7.4908253887798204e-05,-1.7902346272080649e-15,7.4908253887792471e-05,7.490825388780086e-05,-8.3890143096065906e-18,-1.7845019082210478e-15,2.6562953225894859e-18,2560,2560,1.01953125,2
287,7.1750000000000007,8.9788036294375185e-18,2.5167785233717432e-14,7.6761513811973714e-17,1.1837982718015693e-17,-1.6187773897439728e-17,9.8497725259605318e-05,-9.8497725258947857e-05,6.5746019739520989e-16,9.8497725258949199e-05,9.8497725258951313e-05,-2.1141942363467336e-18,6.5611849720675908e-16,3.4558944247975454e-18,3072,3072,1.0234375,2
288,7.2000000000000002,1.0719495163776904e-17,3.1127260279740676e-14,8.1315162936412833e-17,1.5044500357829202e-17,2.8273109945857871e-17,0.00012169301335163141,-0.00012169301335150651,1.2490009027033011e-16,0.00012169301335150419,0.00012169301335150966,-5.4752209710517974e-18,1.2721757241401788e-16,3.1577388273640317e-18,2560,2560,1.01953125,2
289,7.2250000000000005,9.1002969244440572e-18,2.7452495796898452e-14,8.4242508802123695e-17,1.2095441024464837e-17,-1.3368722076436519e-17,0.00014432894453086931,-0.00014432894453178004,-9.1072982488782372e-16,0.00014432894453178191,0.00014432894453178166,2.439454888092385e-19,-9.1260007363536122e-16,1.6263032587282567e-18,2048,2048,1.015625,2
290,7.25,1.053525719318051e-17,3.2997893587773418e-14,8.3266726846886741e-17,1.4394013065678242e-17,-5.760790894158691e-18,0.00016654680408478839,-0.00016654680408506074,-2.7235158572835871e-16,0.00016654680408507169,0.00016654680408507031,1.3823577699190182e-18,-2.8330202767046231e-16,9.5680841721845766e-18,3072,3072,1.0234375,2
291,7.2750000000000004,9.2884724292172442e-18,3.0279639603168583e-14,7.6585330958944819e-17,1.2200301624235836e-17,1.097841241678787e-19,0.00018825183584958438,-0.00018825183584814977,1.4346163146328195e-15,0.00018825183584815944,0.0001882518358481576,1.8431436932253575e-18,1.4249398102433863e-15,7.8333606962077695e-18,1536,1536,1.01171875,2
292,7.3000000000000007,1.0247958718119101e-17,3.4789820302616134e-14,8.803721640582296e-17,1.371836353059831e-17,-7.1550336183810688e-17,0.00020903903987168349,-0.00020903903987193502,-2.5153490401663703e-16,0.00020903903987193318,0.00020903903987193226,9.2157184661267877e-19,-2.4969176032341167e-16,-2.7647155398380363e-18,3584,3584,1.02734375,2
293,7.3250000000000002,9.8740549997289594e-18,3.4867134557963526e-14,7.3183646642771549e-17,1.2919503462568778e-17,2.8929476921830177e-17,0.00022914101533721976,-0.000229141015337022,1.9775847626135601e-16,0.00022914101533702796,0.00022914101533702338,4.5807541787512562e-18,1.9179536431268573e-16,1.3823577699190182e-18,1536,1536,1.01171875,2
294,7.3500000000000005,1.1720219133233942e-17,4.3215372058847841e-14,9.0747721837036721e-17,1.6054371366381178e-17,-7.738405452591848e-17,0.00024846743290396489,-0.00024846743290412969,-1.6479873021779667e-16,0.00024846743290413305,0.0002484674329041331,-5.4210108624275222e-20,-1.6815975695250174e-16,3.415236843329339e-18,2048,2048,1.015625,2
295,7.375,1.3051360870783638e-17,5.0073756137755347e-14,8.3483567281383841e-17,1.8505994830916648e-17,-4.1353566903961825e-18,0.00026675524910579895,-0.00026675524910675999,-9.6103680569115113e-16,0.00026675524910676021,0.00026675524910675934,8.6736173798840355e-19,-9.6125364612564823e-16,-6.5052130349130266e-19,4096,4096,1.03125,2
296,7.4000000000000004,9.6769015699583034e-18,3.8618535478837789e-14,9.1344033031903749e-17,1.2683987139687498e-17,-1.8424174407329843e-17,0.00028399082204977333,-0.00028399082204942638,3.4694469519536142e-16,0.00028399082204943099,0.00028399082204943045,5.4210108624275222e-19,3.4233683596229803e-16,4.0657581468206416e-18,1024,1024,1.0078125,2
297,7.4250000000000007,1.0112057012879881e-17,4.1993466914668285e-14,9.1506663357776574e-17,1.3470440658520297e-17,8.6814177039399869e-17,0.00030018871571257932,-0.00030018871571172064,8.5868812060851951e-16,0.00030018871571171717,0.00030018871571172221,-5.0415401020575956e-18,8.6215756756047313e-16,1.5720931501039814e-18,2560,2560,1.01953125,2
298,7.4500000000000002,1.1517028106812683e-17,4.9522653647244011e-14,9.5735051830470042e-17,1.5939694510075642e-17,-5.4735703788304583e-17,0.00031528955305937245,-0.00031528955306141422,-2.041769531224702e-15,0.00031528955306140869,0.00031528955306141585,-7.1557343384043293e-18,-2.0362401001450259e-15,1.6263032587282567e-18,3072,3072,1.0234375,2
299,7.4750000000000005,1.3070364697229195e-17,5.8014171099181775e-14,9.3566647485499033e-17,1.8168184324164313e-17,-4.6209729295953332e-18,0.00032898452377772003,-0.0003289845237750659,2.6541269182445149e-15,0.00032898452377506335,0.00032898452377506823,-4.87890977618477e-18,2.6566747933498558e-15,2.3310346708438345e-18,2560,2560,1.01953125,2
300,7.5,1.0210204585847725e-17,4.6596291678871459e-14,7.9688859677684576e-17,1.3619545049801278e-17,6.038572952102635e-18,0.00034147766568004556,-0.00034147766568241866,-2.3731017151362721e-15,0.00034147766568241698,0.000341477665682423,-6.0173220572945496e-18,-2.3714212017689196e-15,4.3368086899420177e-18,2560,2560,1.01953125,2
301,7.5250000000000004,9.5189633548223609e-18,4.4422436105800811e-14,7.6327832942979512e-17,1.2617592510390714e-17,-5.7732718644437352e-17,0.00035268091735218832,-0.00035268091735105034,1.1379786002407855e-15,0.00035268091735105603,0.00035268091735105522,8.1315162936412833e-19,1.1322865388352366e-15,4.87890977618477e-18,2560,2560,1.01953125,2
302,7.5500000000000007,1.0665389618977689e-17,5.0381872388211483e-14,8.6953014233337456e-17,1.4243792598128497e-17,5.6945350577022803e-17,0.00036235348466995276,-0.00036235348467109942,-1.1466522176206695e-15,0.00036235348467109877,0.00036235348467109752,1.2468324983583301e-18,-1.1460016963171782e-15,-1.8973538018496328e-18,3072,3072,1.0234375,2
303,7.5750000000000002,1.2353862415009302e-17,5.87938879773565e-14,9.4867690092481638e-17,1.7535384951706653e-17,7.0407524365004931e-17,0.00037060208903838543,-0.00037060208903668106,1.704365815147213e-15,0.00037060208903668388,0.00037060208903668497,-1.0842021724855044e-18,1.7015468894987507e-15,3.903127820947816e-18,1536,1536,1.01171875,2
304,7.6000000000000005,1.0987226091894329e-17,5.2220507958227979e-14,8.8525107383441437e-17,1.4935926398077816e-17,-5.3061962364909885e-17,0.00037733810605899976,-0.00037733810605919318,-1.9342166757141399e-16,0.0003773381060591967,0.0003773381060591941,2.6020852139652106e-18,-1.9694532463199188e-16,9.2157184661267877e-19,2560,2560,1.01953125,2
305,7.625,1.0284672811580569e-17,4.8305812601707891e-14,8.8579317492065712e-17,1.3245241397527873e-17,8.6473702174921932e-18,0.00038259074657887027,-0.00038259074657898563,-1.1535911115245767e-16,0.00038259074657898828,0.0003825907465789866,1.6805133673525319e-18,-1.1801540647504716e-16,9.7578195523695399e-19,3584,3584,1.02734375,2
306,7.6500000000000004,9.6052356707233673e-18,4.4293226295114392e-14,7.9363599025938925e-17,1.2629871418510347e-17,6.7697829782373735e-18,0.00038611647075548206,-0.00038611647075618549,-7.0343036950859528e-16,0.00038611647075619091,0.00038611647075618825,2.6562953225894859e-18,-7.088513803710228e-16,2.7647155398380363e-18,1024,1024,1.0078125,2
307,7.6750000000000007,1.0749892143569224e-17,4.8347570905164719e-14,8.3700407715880942e-17,1.4534783867550518e-17,-1.1208457309773167e-16,0.00038807654977546235,-0.00038807654977590731,-4.4495657158805102e-16,0.00038807654977591387,0.00038807654977590769,6.1799523831673753e-18,-4.5151599473158832e-16,3.7947076036992655e-19,2560,2560,1.01953125,2
308,7.7000000000000002,1.2950155367358347e-17,5.6407696062367376e-14,9.7849246066816775e-17,1.8085256779418881e-17,2.9569669354083862e-17,0.00038848410805769618,-0.00038848410805699448,7.0169564603261847e-16,0.00038848410805699345,0.00038848410805699768,-4.2283884726934673e-18,7.027256380964797e-16,3.1983964088322381e-18,3584,3584,1.02734375,2
309,7.7250000000000005,9.772358992688343e-18,4.0947895432076661e-14,8.0447801198424429e-17,1.2878783079997503e-17,7.4389544667019086e-18,0.00038704423416824341,-0.00038704423416901536,-7.7195194680967916e-16,0.00038704423416901579,0.00038704423416901709,-1.3010426069826053e-18,-7.7238562767867336e-16,1.7347234759768071e-18,2048,2048,1.015625,2
310,7.75,1.0475223202990817e-17,4.2186339103069023e-14,8.7711955754077309e-17,1.3592469288507258e-17,-2.1994573392126773e-17,0.00038399804297206686,-0.00038399804297162537,4.4148712463609741e-16,0.00038399804297162667,0.0003839980429716271,-4.3368086899420177e-19,4.401860820291148e-16,1.7347234759768071e-18,1536,1536,1.01171875,2
311,7.7750000000000004,1.0675710361891497e-17,4.1144133763503933e-14,9.8662397696180903e-17,1.451305022525268e-17,3.9483364276758653e-17,0.00037926864340498412,-0.00037926864340566847,-6.843484112728504e-16,0.0003792686434056786,0.00037926864340567416,4.4452289071905682e-18,-6.9448570158558987e-16,5.6920614055488983e-18,3584,3584,1.02734375,2
312,7.8000000000000007,1.0967201621704987e-17,4.0336677249122419e-14,8.4784609888366447e-17,1.4965594523216738e-17,2.7593838623374292e-17,0.00037279002082790669,-0.00037279002082623962,1.6670692604137116e-15,0.00037279002082624401,0.0003727900208262465,-2.4936649967166602e-18,1.6626782416151453e-15,6.8846837952829532e-18,2560,2560,1.01953125,2
313,7.8250000000000002,1.0201577740281224e-17,3.5830258089930094e-14,7.2289179850471008e-17,1.3561264302987685e-17,-2.1689815738874081e-17,0.00036456644943072547,-0.00036456644943171773,-9.9226182825873366e-16,0.00036456644943172277,0.00036456644943172212,6.5052130349130266e-19,-9.9730336836079125e-16,4.391018798566293e-18,1536,1536,1.01171875,2
314,7.8500000000000005,9.4917634733964725e-18,3.1795356586637502e-14,8.3429357172759566e-17,1.2471325426158972e-17,8.1277782077485724e-18,0.00035468173614283671,-0.00035468173614210076,7.3595643468316041e-16,0.00035468173614210905,0.0003546817361421091,-5.4210108624275222e-20,7.276622880636463e-16,8.3483567281383841e-18,3584,3584,1.02734375,2
315,7.875,9.708850958893184e-18,3.1007793890695437e-14,8.0230960763927328e-17,1.2797292904141947e-17,3.3043899732282534e-17,0.00034310826275785189,-0.00034310826275834845,-4.9656459499836103e-16,0.00034310826275835285,0.00034310826275835057,2.2768245622195593e-18,-5.0095561379692732e-16,2.1141942363467336e-18,2560,2560,1.01953125,2
316,7.9000000000000004,1.0651379155336939e-17,3.2468798928968674e-14,8.792879618857441e-17,1.4558358282363732e-17,-9.3276728150530195e-17,0.00032975992236039531,-0.0003297599223599291,4.6620693416876691e-16,0.0003297599223599304,0.0003297599223599271,3.3068166260807885e-18,4.649058915617843e-16,-2.0057740190981832e-18,2048,2048,1.015625,2
317,7.9250000000000007,9.7372419791331796e-18,2.8362810546265172e-14,8.1315162936412833e-17,1.2690162160898068e-17,3.0886050780744689e-17,0.00031482231907098424,-0.00031482231907232388,-1.3396402043230893e-15,0.00031482231907232767,0.00031482231907232843,-7.589415207398531e-19,-1.3434349119267885e-15,4.5536491244391186e-18,2560,2560,1.01953125,2
318,7.9500000000000002,9.5626109816891882e-18,2.662106919556937e-14,9.8120296609938151e-17,1.248415603466661e-17,-1.7135612457366728e-17,0.00029821384239170357,-0.00029821384239098712,7.1644079557842133e-16,0.00029821384239098902,0.00029821384239098821,8.1315162936412833e-19,7.145434417765717e-16,1.0842021724855044e-18,2560,2560,1.01953125,2
319,7.9750000000000005,9.0729048869867648e-18,2.4176519762841054e-14,7.6504015796008407e-17,1.1754524537715102e-17,-5.0453535734178118e-17,0.00027997722666484037,-0.00027997722666491648,-7.6110992508482411e-17,0.00027997722666492391,0.0002799772266649219,2.0057740190981832e-18,-8.3537777390008117e-17,5.4210108624275222e-18,2560,2560,1.01953125,2
320,8,8.419999638445646e-18,2.1508992388488004e-14,9.1615083575025125e-17,1.1154225543889048e-17,4.939555498472367e-17,0.000260172251577373,-0.00026017225157773296,-3.5995512126518747e-16,0.00026017225157774082,0.0002601722515777419,-1.0842021724855044e-18,-3.6781558701570738e-16,8.9446679230054116e-18,2560,2560,1.01953125,2
321,8.0250000000000004,8.6574424380564415e-18,2.1213502470688481e-14,8.3700407715880942e-17,1.1308101885193884e-17,9.4816223796218191e-18,0.00023882986504375481,-0.00023882986504216125,1.5935603531191944e-15,0.00023882986504216409,0.00023882986504216342,6.7762635780344027e-19,1.59071432241642e-15,2.1684043449710089e-18,2560,2560,1.01953125,2
322,8.0500000000000007,8.1308972558467341e-18,1.9147157586346013e-14,7.3237856751395825e-17,1.0726306820696445e-17,2.8124607662233144e-17,0.00021598940545075607,-0.00021598940545219784,-1.4417720489712238e-15,0.00021598940545219955,0.00021598940545220112,-1.5720931501039814e-18,-1.4434796673928885e-15,3.2797115717686509e-18,2048,2048,1.015625,2
323,8.0750000000000011,8.5342160048248616e-18,1.9341198766180736e-14,7.0473141211557788e-17,1.1215890947363732e-17,-5.0514105015988103e-17,0.00019170120021350101,-0.0001917012002145116,-1.0105848449737387e-15,0.00019170120021451536,0.00019170120021451604,-6.7762635780344027e-19,-1.0143524475231258e-15,4.4452289071905682e-18,2048,2048,1.015625,2
324,8.0999999999999996,8.4580916929997401e-18,1.8459985080944052e-14,8.5868812060851951e-17,1.0839116847489517e-17,7.6643444359711291e-17,0.00016603310131912963,-0.00016603310131893935,1.9027748127120603e-16,0.00016603310131894464,0.00016603310131894363,1.0028870095490916e-18,1.8499199568033919e-16,4.2825985813177425e-18,3072,3072,1.0234375,2
325,8.125,8.0547012227053978e-18,1.6963920723125469e-14,5.9631119486702744e-17,1.0521625748141212e-17,1.1435384538779637e-18,0.00013900870296801315,-0.00013900870296633416,1.6789954843110522e-15,0.00013900870296633147,0.00013900870296633153,-5.4210108624275222e-20,1.6816788846879538e-15,-2.6291902682773483e-18,3072,3072,1.0234375,2
326,8.1500000000000004,8.6231900855344754e-18,1.7548824918650144e-14,6.1203212636806725e-17,1.1780915728696258e-17,-1.0107085508039849e-17,0.00011075803602089707,-0.00011075803602086812,2.8948198005362968e-17,0.00011075803602087244,0.00011075803602087259,-1.4907779871675686e-19,2.4624941842577019e-17,4.4723339615027058e-18,1536,1536,1.01171875,2
327,8.1750000000000007,8.285518858194072e-18,1.6304965799825194e-14,7.8387817070701971e-17,1.0875323237603431e-17,4.1680801767857039e-17,8.1265027475296847e-05,-8.1265027475526156e-05,-2.2930875948068419e-16,8.1265027475528907e-05,8.126502747552911e-05,-2.0328790734103208e-19,-2.3205992249336616e-16,2.9544509200229996e-18,3072,3072,1.0234375,2
328,8.2000000000000011,8.404042501927883e-18,1.6017902410039804e-14,6.8087896432089678e-17,1.0885427924101188e-17,-3.5618661549703438e-17,5.0665404987881857e-05,-5.0665404989333658e-05,-1.4518009190667147e-15,5.0665404989334274e-05,5.0665404989335067e-05,-7.9282283863002512e-19,-1.4524175590523158e-15,1.4094628242311558e-18,2560,2560,1.01953125,2
329,8.2249999999999996,7.6138514241860857e-18,1.4073001114297128e-14,6.3859507959396211e-17,9.9719798505961351e-18,8.9283213048395453e-18,1.9036218875001509e-05,-1.903621887414442e-05,8.5708892240410339e-16,1.9036218874144736e-05,1.9036218874144874e-05,-1.3891340334970526e-19,8.5677382614772479e-16,4.5400965972830498e-19,2048,2048,1.015625,2
330,8.25,7.9559541483369462e-18,1.4274719019910039e-14,6.602791230436722e-17,1.0615702637412221e-17,-1.1272062134724086e-16,-1.3622868342721972e-05,1.3622868342343775e-05,-3.7819682281725608e-16,-1.3622868342344062e-05,-1.3622868342343514e-05,-5.4718328392627802e-19,-3.7791052568108413e-16,2.608861477543245e-19,3072,3072,1.0234375,2
331,8.2750000000000004,8.2600977156646122e-18,1.440077119594079e-14,6.591949208711867e-17,1.0773484932031882e-17,2.9888157306255949e-17,-4.7119321555655347e-05,4.7119321555595499e-05,-5.9847959921199845e-17,-4.7119321555597152e-05,-4.7119321555596312e-05,-8.4025668367626594e-19,-5.819455160815945e-17,-8.1315162936412833e-19,1536,1536,1.01171875,2
332,8.3000000000000007,7.072451431099631e-18,1.2001983073458201e-14,6.0498481224691147e-17,9.1177207633704966e-18,-1.111489052152764e-17,-8.1417682636697464e-05,8.1417682636725436e-05,2.7972416050126014e-17,-8.1417682636726507e-05,-8.1417682636726575e-05,6.7762635780344027e-20,2.904306569545545e-17,-1.1384122811097797e-18,3584,3584,1.02734375,2
333,8.3250000000000011,7.1415366299552291e-18,1.1803488011307034e-14,5.876375774871434e-17,9.5994214831761447e-18,-5.5119682333127025e-17,-0.00011649778680933309,0.00011649778680890619,-4.2690460541616737e-16,-0.00011649778680890883,-0.00011649778680890864,-1.8973538018496328e-19,-4.2426186262073395e-16,-2.4530074152484538e-18,2560,2560,1.01953125,2
334,8.3499999999999996,6.6076955748803409e-18,1.0647471907958663e-14,5.7354294924483185e-17,8.6836855314943468e-18,5.4325630631830985e-17,-0.00015212440604450705,0.0001521244060451424,6.353424730765056e-16,-0.00015212440604514391,-0.00015212440604514299,-9.2157184661267877e-19,6.368603561179853e-16,-5.9631119486702744e-19,2048,2048,1.015625,2
335,8.375,6.3439283989832016e-18,9.9816387833681146e-15,4.8911070506252319e-17,8.5390969227412719e-18,3.2610222446142997e-17,-0.00018827620136363521,0.00018827620136412961,4.9439619065339002e-16,-0.00018827620136412511,-0.00018827620136412643,1.3281476612947429e-18,4.8989675163757518e-16,3.1712913545201005e-18,2048,2048,1.015625,2
336,8.4000000000000004,5.9552509949552841e-18,9.1526757831474274e-15,4.90059381963448e-17,7.931485148237063e-18,8.4698651099125446e-18,-0.00022498028399553505,0.00022498028399486024,-6.7480743215497796e-16,-0.0002249802839948665,-0.00022498028399486796,1.463672932855431e-18,-6.6854616460887417e-16,-7.7249404789592191e-18,3072,3072,1.0234375,2
337,8.4250000000000007,5.7929902585909576e-18,8.7081860644676001e-15,4.6295432765131039e-17,7.6151466055189022e-18,1.1877240224319157e-18,-0.00026187558030166258,0.00026187558030273301,1.0704328048949385e-15,-0.00026187558030272369,-0.00026187558030272743,3.7404974950749903e-18,1.0611086662115632e-15,5.5836411883003478e-18,2560,2560,1.01953125,2
338,8.4500000000000011,5.8934204119119323e-18,8.6728230198735951e-15,4.8030156241107846e-17,7.8413047320155757e-18,-5.0193511348823593e-18,-0.00029902266320824822,0.00029902266320669434,-1.553878553606225e-15,-0.0002990226632066977,-0.00029902266320669868,9.7578195523695399e-19,-1.5505175268715199e-15,-4.3368086899420177e-18,1536,1536,1.01171875,2
339,8.4749999999999996,6.8983484502868061e-18,9.9455497789594949e-15,4.640385298237959e-17,9.7186595684756637e-18,1.6864617464644667e-17,-0.00033645647554969571,0.0003364564755506368,9.4108748571741785e-16,-0.00033645647555063279,-0.00033645647555063539,2.6020852139652106e-18,9.3707593767922148e-16,1.4094628242311558e-18,4096,4096,1.03125,2
340,8.5,5.0836986661269662e-18,7.1889740057797983e-15,3.8597597340483958e-17,6.7775968671660417e-18,-3.5076724606268226e-18,-0.00037375197466715804,0.0003737519746677086,5.5055786318813915e-16,-0.00037375197466772079,-0.00037375197466771938,-1.4094628242311558e-18,5.6275513762860108e-16,-1.0787811616230769e-17,2048,2048,1.015625,2
341,8.5250000000000004,5.2750335284476068e-18,7.3224260204088044e-15,5.1174342541315809e-17,7.0544540275482583e-18,-1.6295691600250918e-18,-0.00041097714479043645,0.00041097714478975124,-6.852157730108388e-16,-0.00041097714478974533,-0.00041097714478974441,-9.2157184661267877e-19,-6.911246748508848e-16,6.8304736866586779e-18,1536,1536,1.01171875,2
342,8.5500000000000007,4.5911118725496212e-18,6.2598330739513231e-15,3.9898639947466563e-17,6.0244821843755969e-18,1.5398225737267338e-17,-0.00044819940483264986,0.00044819940483387935,1.229485263598562e-15,-0.00044819940483388748,-0.00044819940483389111,3.6320772778264399e-18,1.2376167798922033e-15,-1.1763593571467723e-17,4096,4096,1.03125,2
343,8.5750000000000011,4.3980074132145339e-18,5.8964871003624589e-15,3.5995512126518747e-17,5.9481110799604135e-18,2.3656394412932707e-17,-0.00048500694723863091,0.00048500694723773797,-8.9294890925906145e-16,-0.00048500694723772002,-0.00048500694723772062,5.9631119486702744e-19,-9.1089245521369655e-16,1.7347234759768071e-17,1536,1536,1.01171875,2
344,8.5999999999999996,4.1693999746024255e-18,5.5015774642417045e-15,3.2309224740068032e-17,5.4636975809462194e-18,9.4006976206954643e-18,-0.00052137571710275665,0.0005213757171020259,-7.3075226425522999e-16,-0.00052137571710204498,-0.00052137571710204281,-2.1684043449710089e-18,-7.1167030601948511e-16,-1.6913553890773869e-17,2048,2048,1.015625,2
345,8.625,3.9693597840836189e-18,5.1564419671470327e-15,3.2580275283189408e-17,5.3591149017441339e-18,-2.1562999837867808e-17,-0.00055745099792048336,0.00055745099792114776,6.6439909129911712e-16,-0.0005574509979211341,-0.00055745099792112889,-5.2041704279304213e-18,6.5073814392579976e-16,1.8865117801247777e-17,3584,3584,1.02734375,2
346,8.6500000000000004,4.0803943928794813e-18,5.2249157108793777e-15,3.3393426912553537e-17,5.6104411745251668e-18,3.9296323665774211e-18,-0.00059283892817596495,0.00059283892817475065,-1.214306433183765e-15,-0.00059283892817476051,-0.00059283892817475867,-1.8431436932253575e-18,-1.2044401934141469e-15,-8.0230960763927328e-18,2560,2560,1.01953125,2
347,8.6750000000000007,3.392450873691677e-18,4.2854163044607276e-15,2.7321894746634712e-17,4.5906147532642565e-18,-5.5666195111722439e-18,-0.0006274670705348484,0.00062746707053636455,1.5161483180037294e-15,-0.00062746707053636911,-0.00062746707053636661,-2.4936649967166602e-18,1.5207019671281685e-15,-2.0599841277224584e-18,1024,1024,1.0078125,2
348,8.7000000000000011,3.5070168982503131e-18,4.3720681400934418e-15,2.8514517136368767e-17,4.8524097269425325e-18,-2.2634186120773092e-17,-0.00066145959714525304,0.000661459597144037,-1.2160411566597418e-15,-0.00066145959714404893,-0.00066145959714405435,5.4210108624275222e-18,-1.2041149327624012e-15,-1.7347234759768071e-17,4096,4096,1.03125,2
349,8.7249999999999996,3.2099850017601165e-18,3.9528820494657093e-15,2.3201926491189795e-17,4.2958722710591985e-18,-1.6113146018911298e-17,-0.00069449793306652907,0.000694497933066523,-6.0715321659188248e-18,-0.00069449793306652896,-0.0006944979330665294,4.3368086899420177e-19,-1.0842021724855044e-19,-6.3967928176644762e-18,2048,2048,1.015625,2
350,8.75,2.4420091498243308e-18,2.973243726424519e-15,1.9081958235744878e-17,3.30319373655652e-18,-1.3535873150359119e-17,-0.00072651167812765038,0.00072651167812784381,1.9342166757141399e-16,-0.00072651167812784326,-0.00072651167812783524,-8.0230960763927328e-18,1.9287956648517124e-16,8.565197162635485e-18,1536,1536,1.01171875,2
351,8.7750000000000004,1.9669459547953926e-18,2.3689098556921908e-15,1.6696713456276768e-17,2.6034628057272357e-18,2.1021226776310074e-18,-0.00075757477743110258,0.00075757477743104359,-5.8980598183211441e-17,-0.00075757477743103611,-0.00075757477743102842,-7.6978354246470815e-18,-6.6461593173361422e-17,1.5178830414797062e-17,3584,3584,1.02734375,2
352,8.8000000000000007,1.7398442387592176e-18,2.0741063017436441e-15,1.214306433183765e-17,2.3637360091278515e-18,4.8326804214922553e-18,-0.00078734539394353931,0.00078734539394473974,1.2004286453759505e-15,-0.00078734539394476185,-0.00078734539394477042,8.565197162635485e-18,1.2225463696946548e-15,-3.0682921481339775e-17,2048,2048,1.015625,2
353,8.8250000000000011,1.6649571272785786e-18,1.9665830797332352e-15,1.2793585635328952e-17,2.2944532286391367e-18,-4.6930370676387175e-18,-0.00081591590049434615,0.00081591590049451788,1.717376241217039e-16,-0.00081591590049451528,-0.0008159159004945103,-4.9873299934333204e-18,1.6913553890773869e-16,7.589415207398531e-18,2560,2560,1.01953125,2
354,8.8499999999999996,1.1842048074665704e-18,1.3865522359513016e-15,8.2399365108898337e-18,1.5580946627378222e-18,7.3622530098957743e-18,-0.00084329207643030202,0.00084329207642997589,-3.2612801348363973e-16,-0.00084329207642998164,-0.00084329207642998023,-1.4094628242311558e-18,-3.2038174196946656e-16,-4.3368086899420177e-18,2560,2560,1.01953125,2
355,8.875,8.2482426816372576e-19,9.579989000867881e-16,6.2883726004159257e-18,1.0957372319769517e-18,-1.6846878579452037e-18,-0.00086895765634409372,0.00086895765634241277,-1.6809470482215261e-15,-0.00086895765634241158,-0.00086895765634241613,4.5536491244391186e-18,-1.6821396706112601e-15,-3.3610267347050637e-18,3072,3072,1.0234375,2
356,8.9000000000000004,6.1294861170227791e-19,7.0675640284634911e-16,4.7704895589362195e-18,7.9790933781429635e-19,-4.6306817169656334e-19,-0.00089329470349674978,0.00089329470349744367,6.9388939039072284e-16,-0.00089329470349749039,-0.0008932947034974918,1.4094628242311558e-18,7.4061850402484808e-16,-4.8138576458356397e-17,2048,2048,1.015625,2
357,8.9250000000000007,3.4275176724673889e-19,3.9257206907804441e-16,2.6020852139652106e-18,4.5659957191973353e-19,6.5469509745911074e-19,-0.00091626652114307205,0.00091626652114463678,1.56472057533108e-15,-0.00091626652114464014,-0.00091626652114464035,2.1684043449710089e-19,1.5680816020657851e-15,-3.5778671692021646e-18,2048,2048,1.015625,2
358,8.9500000000000011,4.076316601346255e-19,4.6409343532231682e-16,3.0357660829594124e-18,5.7111823316429286e-19,7.0227503387878895e-19,-0.00093719939573944089,0.00093719939573881812,-6.2276572787567375e-16,-0.00093719939573886214,-0.00093719939573885444,-7.6978354246470815e-18,-5.7874711967276227e-16,-3.6320772778264399e-17,3072,3072,1.0234375,2
359,8.9749999999999996,5.7805490276690373e-19,6.5464691145294074e-16,4.9873299934333204e-18,7.6433893239789978e-19,2.24492644569771e-18,-0.0009565057127876031,0.0009565057127875632,-3.9898639947466563e-17,-0.00095650571278758337,-0.00095650571278758998,6.613633252161577e-18,-1.9732479539236181e-17,-2.677979366039196e-17,3072,3072,1.0234375,2
360,9,7.9068829810675408e-19,8.9123995538865527e-16,7.8604657505199071e-18,9.966714322547021e-19,-2.6020977211994804e-18,-0.00097445453276279181,0.00097445453276178221,-1.0096090630185017e-15,-0.00097445453276179175,-0.00097445453276179532,3.5778671692021646e-18,-1.0000680839006293e-15,-1.3118846287074604e-17,1536,1536,1.01171875,2
361,9.0250000000000004,1.1515034579394473e-18,1.2927899008283103e-15,1.0625181290357943e-17,1.4974746346116457e-18,-4.0314352906461718e-19,-0.00099017117668154242,0.00099017117668220508,6.6266436782314031e-16,-0.000990171176682204,-0.00099017117668219966,-4.3368086899420177e-18,6.6158016565065481e-16,5.4210108624275222e-18,2560,2560,1.01953125,2
362,9.0500000000000007,1.3722416744011795e-18,1.5355218996028995e-15,1.1492543028346347e-17,1.7938224546658188e-18,5.8063449987927463e-18,-0.0010038078478533663,0.0010038078478518606,-1.5057399771478686e-15,-0.0010038078478518391,-0.0010038078478518525,1.3444106938820255e-17,-1.5272071801630815e-15,8.0230960763927328e-18,2048,2048,1.015625,2
363,9.0750000000000011,1.6951850771113113e-18,1.891684379090198e-15,1.4419888894057209e-17,2.2643116201477114e-18,5.2472100716510603e-18,-0.0010161682426925722,0.0010161682426931759,6.0368376963992887e-16,-0.0010161682426931622,-0.0010161682426931696,7.3725747729014302e-18,5.9002282226661151e-16,6.2883726004159257e-18,3072,3072,1.0234375,2
364,9.0999999999999996,1.9993590939581482e-18,2.2267018673607895e-15,1.6588293239028218e-17,2.6098814397061377e-18,5.5109031660211799e-18,-0.0010262508782510338,0.0010262508782521787,1.1449174941446927e-15,-0.0010262508782522245,-0.001026250878252213,-1.1492543028346347e-17,1.190670825823581e-15,-3.426078865054194e-17,2048,2048,1.015625,2
365,9.125,2.3724057690525398e-18,2.6383797722804022e-15,2.190088388420719e-17,3.1318910617335809e-18,-1.120596006930865e-17,-0.0010338641270042359,0.0010338641270034518,-7.8409501114151681e-16,-0.0010338641270035158,-0.0010338641270035171,1.3010426069826053e-18,-7.2012708296487205e-16,-6.5268970783627367e-17,2560,2560,1.01953125,2
366,9.1500000000000004,2.6289303260243063e-18,2.9216755342927489e-15,2.1792463666958639e-17,3.4402730284566023e-18,2.2339658776572989e-18,-0.0010400852646359482,0.0010400852646356255,-3.2265856653168612e-16,-0.0010400852646356112,-0.0010400852646356117,4.3368086899420177e-19,-3.3697003520849478e-16,1.3877787807814457e-17,3584,3584,1.02734375,2
367,9.1750000000000007,3.0116220728479048e-18,3.347020681710551e-15,2.7647155398380363e-17,4.0727009968192267e-18,1.5919914034520739e-17,-0.0010442439608748799,0.0010442439608741479,-7.3205330686221259e-16,-0.0010442439608741502,-0.0010442439608741457,-4.5536491244391186e-18,-7.2966806208274448e-16,2.1684043449710089e-18,2048,2048,1.015625,2
368,9.2000000000000011,3.6490710257926189e-18,4.0571982411671703e-15,2.8406096919120216e-17,4.9116852052947469e-18,-5.4217423854002903e-19,-0.0010456986203539742,0.0010456986203539499,-2.4286128663675299e-17,-0.0010456986203539818,-0.001045698620353979,-2.8189256484623115e-18,7.589415207398531e-18,-2.9056618222611519e-17,1536,1536,1.01171875,2
369,9.2249999999999996,3.9163901639839388e-18,4.3601999050214816e-15,3.4477629085039041e-17,5.3314304009505544e-18,1.4264711209874416e-17,-0.0010453605393667686,0.0010453605393690099,2.2412627309620348e-15,-0.0010453605393690201,-0.0010453605393690134,-6.7220534694101275e-18,2.2514542313833985e-15,-3.4694469519536142e-18,4096,4096,1.03125,2
370,9.25,3.9599719022202504e-18,4.4183940380436159e-15,3.5128150388530344e-17,5.327565069958625e-18,1.702592708956791e-18,-0.001043391445458397,0.0010433914454562529,-2.1441182163073336e-15,-0.001043391445456311,-0.001043391445456314,3.0357660829594124e-18,-2.0860049798621105e-15,-6.114900252818245e-17,1536,1536,1.01171875,2
371,9.2750000000000004,4.2245351570854815e-18,4.7243870173702714e-15,3.7079714299004252e-17,5.5409453304052342e-18,4.8680248221553378e-17,-0.0010386205124284231,0.0010386205124292419,8.1878948066105295e-16,-0.0010386205124292649,-0.0010386205124292666,1.7347234759768071e-18,8.4177456671774564e-16,-2.4719809532669501e-17,2048,2048,1.015625,2
372,9.3000000000000007,4.5298067394402299e-18,5.0816440585107863e-15,4.5102810375396984e-17,5.8906102713662499e-18,-4.7151902135647176e-17,-0.0010316838213189072,0.0010316838213195074,6.0021432268797525e-16,-0.0010316838213194717,-0.0010316838213194819,1.0191500421363742e-17,5.6443565099595361e-16,2.5587171270657905e-17,2560,2560,1.01953125,2
373,9.3250000000000011,4.7806187061641993e-18,5.3879276147906785e-15,3.9898639947466563e-17,6.4295633870883543e-18,3.7926681259010302e-17,-0.0010233624717645995,0.0010233624717646689,6.9388939039072284e-17,-0.0010233624717647368,-0.0010233624717647281,-8.6736173798840355e-18,1.3725999503666486e-16,-5.9197438617708542e-17,3584,3584,1.02734375,2
374,9.3499999999999996,5.4772071444027822e-18,6.198961571596147e-15,4.7704895589362195e-17,7.2122816587740701e-18,2.5284894377334031e-17,-0.0010124368896970992,0.0010124368896964504,-6.4878658001532585e-16,-0.0010124368896964157,-0.0010124368896964121,-3.6862873864507151e-18,-6.83481049534862e-16,3.8380756905986857e-17,2048,2048,1.015625,2
375,9.375,5.9867087576644915e-18,6.8092075343929492e-15,4.9439619065339002e-17,8.068133440263914e-18,5.0562130501927216e-17,-0.00099913741095214448,0.00099913741095272388,5.7939764097625357e-16,-0.00099913741095280671,-0.00099913741095280649,-2.1684043449710089e-19,6.6223068695414611e-16,-8.2616205543395438e-17,1536,1536,1.01171875,2
376,9.4000000000000004,6.4203853525256164e-18,7.3537464041307525e-15,5.5511151231257827e-17,8.5327324949418866e-18,-4.0040436749214527e-17,-0.00098434233161803775,0.00098434233161701079,-1.0269562977782698e-15,-0.00098434233161700971,-0.0009843423316170277,1.7997756063259374e-17,-1.0280404999507553e-15,-1.6913553890773869e-17,4096,4096,1.03125,2
377,9.4250000000000007,6.1279353118270055e-18,7.0641746099748146e-15,5.1987494170679938e-17,8.0929958302208356e-18,2.415292587802013e-17,-0.0009674381648885344,0.00096743816488887441,3.4000580129145419e-16,-0.00096743816488889761,-0.00096743816488890184,4.2283884726934673e-18,3.6320772778264399e-16,-2.7430314963883262e-17,1536,1536,1.01171875,2
378,9.4500000000000011,6.3843803349991629e-18,7.4104137380259069e-15,5.2366964931049864e-17,8.5247905093141534e-18,-1.0243469612794623e-18,-0.0009481110398947834,0.00094811103989522749,4.4408920985006262e-16,-0.00094811103989516277,-0.00094811103989516721,4.4452289071905682e-18,3.79362340152678e-16,6.0281640790194047e-17,1024,1024,1.0078125,2
379,9.4749999999999996,7.3114953711722964e-18,8.5630449085285893e-15,6.2233204700667955e-17,1.0150326989386032e-17,1.0353421731569005e-17,-0.00092702597194715963,0.00092702597194718739,2.7755575615628914e-17,-0.00092702597194717069,-0.00092702597194717015,-5.4210108624275222e-19,1.1058862159352145e-17,1.7238814542519521e-17,5120,5120,1.0390625,2
380,9.5,7.6909925616935912e-18,9.090685701729969e-15,6.0173220572945496e-17,1.0409649655922706e-17,1.3463516662374391e-17,-0.00090433760649055728,0.00090433760648986339,-6.9388939039072284e-16,-0.00090433760648992313,-0.00090433760648992725,4.1199682554449168e-18,-6.3414985068677154e-16,-6.3859507959396211e-17,2048,2048,1.015625,2
381,9.5250000000000004,7.362062718259534e-18,8.7795845400513412e-15,6.2450045135165055e-17,9.6502227352596492e-18,-7.5007881102115768e-17,-0.00087940107336237361,0.00087940107336258178,2.0816681711721685e-16,-0.00087940107336260086,-0.00087940107336260042,-4.3368086899420177e-19,2.2724877535296173e-16,-1.8648277366750676e-17,1024,1024,1.0078125,2
382,9.5500000000000007,7.8439519126231711e-18,9.4553344927335882e-15,6.2124784483419404e-17,1.0360833262493114e-17,2.8248915575418022e-17,-0.00085258784971209423,0.00085258784971235096,2.5673907444456745e-16,-0.00085258784971237308,-0.00085258784971237894,5.8546917314217239e-18,2.7885679876327174e-16,-2.7972416050126014e-17,4096,4096,1.03125,2
383,9.5750000000000011,8.2093904499200556e-18,1.0017263030104297e-14,6.9931040125315036e-17,1.0978719809277362e-17,1.5017509530614006e-17,-0.00082431544140959545,0.00082431544140981056,2.1510571102112408e-16,-0.00082431544140977933,-0.00082431544140977673,-2.6020852139652106e-18,1.8388068845354155e-16,3.3827107781547738e-17,2560,2560,1.01953125,2
384,9.6000000000000014,9.8078920240982347e-18,1.2102718973344076e-14,7.6761513811973714e-17,1.339536100760792e-17,-1.9564848454752246e-17,-0.0007943057324375502,0.00079430573243777919,2.2898349882893854e-16,-0.00079430573243774048,-0.00079430573243774027,-2.1684043449710089e-19,1.9027748127120603e-16,3.8922857992229609e-17,1024,1024,1.0078125,2
385,9.625,8.9463601454778192e-18,1.1177746443864153e-14,8.55435514091063e-17,1.1760273213558973e-17,-5.8624778420285841e-17,-0.00076244541672387811,0.00076244541672356586,-3.1225022567582528e-16,-0.00076244541672357692,-0.00076244541672357551,-1.4094628242311558e-18,-3.0119136351647313e-16,-9.6493993351209895e-18,3072,3072,1.0234375,2
386,9.6500000000000004,8.2977243728285452e-18,1.0528219453474152e-14,6.4835289914633165e-17,1.1044270654572619e-17,1.2643349330530184e-17,-0.00072898108371965975,0.00072898108372062426,9.6450625264310474e-16,-0.00072898108372068096,-0.00072898108372067847,-2.4936649967166602e-18,1.0212100262640966e-15,-5.4210108624275222e-17,3072,3072,1.0234375,2
387,9.6750000000000007,1.0306001961328573e-17,1.3259873216960463e-14,9.5247160852851565e-17,1.4235554790014715e-17,-3.8553149762156094e-17,-0.00069447404134770352,0.00069447404134597573,-1.7277845820728999e-15,-0.00069447404134605054,-0.00069447404134606984,1.9298798670241979e-17,-1.6529746321714001e-15,-9.4108748571741785e-17,1536,1536,1.01171875,2
388,9.7000000000000011,1.0238205072247512e-17,1.336306877126883e-14,7.8929918156944723e-17,1.4209162225784496e-17,5.6245133720498392e-17,-0.00065828434887826859,0.00065828434887783144,-4.3715031594615539e-16,-0.00065828434887774991,-0.00065828434887775348,3.5778671692021646e-18,-5.1868231931706532e-16,7.7954136201707769e-17,2560,2560,1.01953125,2
389,9.7250000000000014,9.0467497248187292e-18,1.2023074610767487e-14,9.0205620750793969e-17,1.1987418641509039e-17,2.5615993741626899e-17,-0.00062041737012741294,0.00062041737012839826,9.8532293435482643e-16,-0.000620417370128391,-0.00062041737012837777,-1.3227266504323154e-17,9.7805877979917355e-16,2.0491421059976034e-17,3584,3584,1.02734375,2
390,9.75,9.7084426579741987e-18,1.3127560950850296e-14,8.3917248150378043e-17,1.3121519179052401e-17,-8.0182016122513826e-17,-0.00058192729545680777,0.00058192729545636368,-4.4408920985006262e-16,-0.00058192729545634427,-0.0005819272954563459,1.6263032587282567e-18,-4.6349642873755315e-16,1.7780915628762273e-17,2048,2048,1.015625,2
391,9.7750000000000004,1.135045400534963e-17,1.5604950276714479e-14,9.722582981763761e-17,1.527941023938362e-17,-1.1305619028721698e-17,-0.00054215973828419806,0.00054215973828455194,3.5388358909926865e-16,-0.00054215973828451258,-0.00054215973828451681,4.2283884726934673e-18,3.1452705023804484e-16,3.5128150388530344e-17,1024,1024,1.0078125,2
392,9.8000000000000007,1.0394305974851575e-17,1.4588201774475458e-14,8.248068027183475e-17,1.3639089542452123e-17,8.9913220317602373e-18,-0.00050089701688271759,0.00050089701688203758,-6.8001160258290838e-16,-0.00050089701688200354,-0.00050089701688201872,1.5178830414797062e-17,-7.1405555079895322e-16,1.8865117801247777e-17,4608,4608,1.03515625,2
393,9.8250000000000011,1.1283662283409709e-17,1.617057423835631e-14,9.9312918999672206e-17,1.4963810501430614e-17,5.4690409736949414e-17,-0.00045901064054376661,0.00045901064054420376,4.3715031594615539e-16,-0.00045901064054423835,-0.00045901064054424068,2.3310346708438345e-18,4.7173636524844298e-16,-3.6917083973131426e-17,2560,2560,1.01953125,2
394,9.8500000000000014,1.1691124417562292e-17,1.7088502977975206e-14,1.1188966420050406e-16,1.5496004826755382e-17,-3.6615418708170302e-17,-0.00041648973191144023,0.00041648973191028144,-1.1587952819525071e-15,-0.00041648973191028019,-0.00041648973191029049,1.0299920638612292e-17,-1.1600421144508655e-15,-9.053088140253962e-18,512,512,1.00390625,2
395,9.875,1.133596236790737e-17,1.6946071724798247e-14,1.0343288725511712e-16,1.4880739751041634e-17,-3.7316293670882505e-17,-0.00037282226141499564,0.00037282226141548136,4.8572257327350599e-16,-0.0003728222614154735,-0.00037282226141546992,-3.5778671692021646e-18,4.7786210752298608e-16,1.1438332919722072e-17,3584,3584,1.02734375,2
396,9.9000000000000004,1.1306503326711527e-17,1.7329228412100521e-14,8.5977232278100502e-17,1.5411167580469507e-17,3.1581306898799033e-17,-0.00032829420601032666,0.00032829420601233894,2.0122792321330962e-15,-0.00032829420601232479,-0.00032829420601231802,-6.7762635780344027e-18,1.9981303937821604e-15,2.0925101928970236e-17,3584,3584,1.02734375,2
397,9.9250000000000007,1.2621945975865247e-17,1.9804863503858031e-14,1.0560129160008813e-16,1.6560448194109969e-17,-8.928380208477945e-17,-0.00028385793550000926,0.00028385793549885741,-1.1518563880485999e-15,-0.00028385793549882792,-0.00028385793549882678,-1.1384122811097797e-18,-1.1813466871402056e-15,3.06287113727155e-17,1024,1024,1.0078125,2
398,9.9500000000000011,1.253903960992148e-17,2.016536018100422e-14,1.0083080204115191e-16,1.6973703921984577e-17,6.6215997561173217e-17,-0.00023872714804795692,0.00023872714804729772,-6.591949208711867e-16,-0.00023872714804728013,-0.00023872714804728864,8.5109870540112098e-18,-6.7678610111976401e-16,9.0801931945660996e-18,2560,2560,1.01953125,2
399,9.9750000000000014,1.4444595489456051e-17,2.390385063118108e-14,1.0842021724855044e-16,2.0084554284513504e-17,2.1191749915058109e-17,-0.0001925912276252717,0.00019259122762558395,3.1225022567582528e-16,-0.00019259122762557465,-0.00019259122762557593,1.2739375526704677e-18,3.0295319204676208e-16,8.0230960763927328e-18,3584,3584,1.02734375,2
400,10,1.3704644083254043e-17,2.3320344394566506e-14,9.4325589006238886e-17,1.8664649326099935e-17,-1.8040754852254776e-17,-0.00014702676777034185,0.00014702676777138962,1.0477729794899915e-15,-0.00014702676777135523,-0.00014702676777135354,-1.6805133673525319e-18,1.0133766655678889e-15,3.607682728945516e-17,1536,1536,1.01171875,2
401,10.025,1.3466781072821648e-17,2.3538029935898653e-14,1.1188966420050406e-16,1.7923035122773922e-17,2.5987900845104235e-17,-0.00010128928828123662,0.00010128928828023048,-1.0061396160665481e-15,-0.00010128928828023271,-0.00010128928828021997,-1.2739375526704677e-17,-1.0039170016129528e-15,1.0516761073109393e-17,2560,2560,1.01953125,2
402,10.050000000000001,1.2126132277321209e-17,2.1902506290096246e-14,9.9068973510862968e-17,1.5865129128012964e-17,7.9997282086415661e-18,-5.4739719109520024e-05,5.473971911092862e-05,1.4085954624931674e-15,-5.4739719110915535e-05,-5.4739719110920414e-05,4.87890977618477e-18,1.3955104975239829e-15,8.2060551929996617e-18,3584,3584,1.02734375,2
403,10.075000000000001,1.4398619086266357e-17,2.6851573273102552e-14,1.4056681166274565e-16,1.9136862691407558e-17,-7.2527375323240067e-17,-8.8470126069495336e-06,8.8470126063180943e-06,-6.3143934525555778e-16,-8.847012606306473e-06,-8.8470126063137812e-06,7.3082002689101033e-18,-6.4306063729188678e-16,4.3130917674188973e-18,2048,2048,1.015625,2
404,10.100000000000001,1.2793803529098835e-17,2.4595962046885546e-14,1.1064283170214573e-16,1.6707417344655441e-17,3.7828814814891441e-17,3.6665656486079001e-05,-3.6665656486765952e-05,-6.8695049648681561e-16,3.6665656486784444e-05,3.666565648677575e-05,8.6939461706181387e-18,-7.0544291979127149e-16,9.7984771338377463e-18,512,512,1.00390625,2
405,10.125,1.3119908365804594e-17,2.6123419286468678e-14,1.0234868508263162e-16,1.7486716168011136e-17,-3.6973353859565587e-17,8.247586539944507e-05,-8.2475865399604664e-05,-1.5959455978986625e-16,8.2475865399605464e-05,8.2475865399615262e-05,-9.7984771338377463e-18,-1.6039415889207431e-16,1.0598076236045806e-17,4096,4096,1.03125,2
406,10.15,1.3515495152650041e-17,2.7916755687431016e-14,1.0546915446031646e-16,1.7888907715420342e-17,-5.7312770789946028e-17,0.00012787428747351726,-0.0001278742874731148,4.0245584642661925e-16,0.0001278742874731138,0.0001278742874731254,-1.1600963245594897e-17,4.0345873343616834e-16,1.0598076236045806e-17,3072,3072,1.0234375,2
407,10.175000000000001,1.4397764029067889e-17,3.0787107275988722e-14,1.1622647289044608e-16,1.9519395889278244e-17,-9.643324265779501e-18,0.00017228290421833492,-0.00017228290421860554,-2.7061686225238191e-16,0.00017228290421862985,0.00017228290421862863,1.2197274440461925e-18,-2.9493009597036934e-16,2.3093506273941244e-17,1024,1024,1.0078125,2
408,10.200000000000001,1.3992430066486387e-17,3.1033452479206164e-14,1.2424956896683881e-16,1.8587900710670349e-17,1.1478849653447087e-17,0.00021643207509569606,-0.00021643207509462054,1.0755285551056204e-15,0.0002164320750946166,0.00021643207509460603,1.0570971181733668e-17,1.0794587879808804e-15,-1.4501204056993622e-17,4096,4096,1.03125,2
409,10.225000000000001,1.4690637588797798e-17,3.3916200263982361e-14,1.2967057982926633e-16,1.9268975933414344e-17,-2.7685447456919708e-17,0.0002603429353875697,-0.00026034293538858277,-1.0130785099704553e-15,0.00026034293538858809,0.00026034293538858218,5.9089018400459992e-18,-1.0183911006156343e-15,-5.9631119486702744e-19,2560,2560,1.01953125,2
410,10.25,1.3655167073454129e-17,3.2760920477652642e-14,1.153049010438334e-16,1.8194154842105198e-17,-5.3001523783199866e-17,0.0003028312603294836,-0.00030283126032890073,5.8286708792820718e-16,0.00030283126032892231,0.00030283126032891271,9.5951892264967142e-18,5.6129146469574565e-16,1.1980434005964824e-17,1024,1024,1.0078125,2
411,10.275,1.4880707558751642e-17,3.7033626052607971e-14,1.3585053221243371e-16,1.9842823623493165e-17,-5.2324640497906714e-17,0.00034456469635735232,-0.00034456469635810172,-7.4940054162198066e-16,0.00034456469635809684,0.00034456469635810253,-5.6920614055488983e-18,-7.4452163184579589e-16,8.1315162936412833e-19,2560,2560,1.01953125,2
412,10.300000000000001,1.6025793638729636e-17,4.1598977202152084e-14,1.4972832002024816e-16,2.1577568089178015e-17,-5.3389938552775371e-17,0.00038592915931623395,-0.00038592915931574823,4.8572257327350599e-16,0.00038592915931577658,0.00038592915931577631,2.7105054312137611e-19,4.5737068646301005e-16,2.8080836267374565e-17,4608,4608,1.03515625,2
413,10.325000000000001,1.4731358211503581e-17,3.9762540360860505e-14,1.2891163830852648e-16,1.9496103215089723e-17,-5.6711626259951546e-17,0.00042573028587788997,-0.00042573028587700179,8.8817841970012523e-16,0.00042573028587700992,0.00042573028587701486,-4.9331198848090452e-18,8.8004690340648395e-16,1.3064636178450328e-17,1024,1024,1.0078125,2
414,10.350000000000001,1.5240464047104931e-17,4.262428798362777e-14,1.2544219135657286e-16,2.0397788735047832e-17,8.2677998914586205e-18,0.00046440375008849344,-0.00046440375008928447,-7.9103390504542404e-16,0.00046440375008927352,0.00046440375008928892,-1.5395670849294163e-17,-7.8008346310332044e-16,4.4452289071905682e-18,512,512,1.00390625,2
415,10.375,1.4186738354460117e-17,4.1221961141228601e-14,1.4539151133030614e-16,1.8500010889033424e-17,2.1632746909549745e-17,0.00050227879710185164,-0.00050227879710237205,-5.2041704279304213e-16,0.00050227879710237997,0.00050227879710237748,2.4936649967166602e-18,-5.2833171865218631e-16,5.4210108624275222e-18,5120,5120,1.0390625,2
416,10.4,1.434122314324893e-17,4.3140911184968943e-14,1.1015494072452725e-16,1.8584850501548606e-17,2.9965360247011273e-18,0.00053864317884944057,-0.00053864317884968343,-2.4286128663675299e-16,0.00053864317884968528,0.00053864317884969265,-7.3725747729014302e-18,-2.4470443032997835e-16,9.2157184661267877e-18,2560,2560,1.01953125,2
417,10.425000000000001,1.686440677120101e-17,5.2294278511137782e-14,1.5135462327897642e-16,2.323950075692471e-17,-3.109559818112237e-18,0.00057360770678194228,-0.0005736077067810888,8.5348395018058909e-16,0.00057360770678110799,0.00057360770678108934,1.8648277366750676e-17,8.3429357172759566e-16,5.4210108624275222e-19,512,512,1.00390625,2
418,10.450000000000001,1.4976086579347984e-17,4.7677676468974558e-14,1.3108004265349749e-16,1.974944449661176e-17,1.3442657210942589e-16,0.00060735981745629886,-0.00060735981745679846,-4.9960036108132044e-16,0.00060735981745682112,0.00060735981745681233,8.7820375971325859e-18,-5.2226018648626749e-16,1.3877787807814457e-17,4608,4608,1.03515625,2
419,10.475000000000001,1.5042909263006382e-17,4.8924153479990658e-14,1.1535911115245767e-16,2.0695453029202754e-17,-7.8063628034315107e-17,0.00063955619033961852,-0.00063955619033936179,2.5673907444456745e-16,0.00063955619033936612,0.00063955619033937631,-1.0191500421363742e-17,2.5240226575462543e-16,1.4528309111305759e-17,2560,2560,1.01953125,2
420,10.5,1.4547123909390986e-17,4.8116580105424815e-14,1.2587587222556706e-16,1.9589191720463959e-17,-2.5760802511586091e-17,0.00067020598131506404,-0.00067020598131468934,3.7470027081099033e-16,0.00067020598131471221,0.00067020598131471178,4.3368086899420177e-19,3.5182360497154619e-16,2.2442984970449942e-17,512,512,1.00390625,2
421,10.525,1.4953329244748661e-17,4.9879669604709235e-14,1.1329912702473521e-16,1.9510855209063956e-17,9.5616803044829592e-17,0.00069939966965471001,-0.00069939966965414796,5.620504062164855e-16,0.00069939966965415403,0.00069939966965414026,1.3769367590565906e-17,5.5597887405056667e-16,-7.6978354246470815e-18,3584,3584,1.02734375,2
422,10.550000000000001,1.3940649093721406e-17,4.6470548308816444e-14,1.1210650463500116e-16,1.8379161805877215e-17,-4.4775610053346447e-17,0.00072674845383424724,-0.00072674845383550318,-1.2559397966072083e-15,0.00072674845383550806,0.00072674845383550242,5.6378512969246231e-18,-1.2608187063833931e-15,-7.589415207398531e-19,3584,3584,1.02734375,2
423,10.575000000000001,1.5144857999763307e-17,5.0264809969904512e-14,1.347663300399482e-16,1.9955633688252534e-17,-8.370356029633848e-17,0.00075257330039946169,-0.00075257330039905229,4.0939474033052647e-16,0.00075257330039905685,0.00075257330039906118,-4.3368086899420177e-18,4.0484109120608736e-16,8.8904578143811364e-18,1024,1024,1.0078125,2
424,10.600000000000001,1.538403580748658e-17,5.0462490778117756e-14,1.1600963245594897e-16,2.0537570471422269e-17,-1.0440040002982101e-16,0.00077685867387877749,-0.00077685867387778523,9.9226182825873366e-16,0.00077685867387779586,0.00077685867387779673,-8.6736173798840355e-19,9.8163664696837571e-16,1.1492543028346347e-17,2560,2560,1.01953125,2
425,10.625,1.4331964588825704e-17,4.5953539735432293e-14,1.1503385050071202e-16,1.9257143043665939e-17,9.5829034121396612e-17,0.00079897139122664385,-0.00079897139122703242,-3.8857805861880479e-16,0.00079897139122707091,0.000798971391227063,7.9146758591441824e-18,-4.270672357420402e-16,3.0574501264091225e-17,4096,4096,1.03125,2
426,10.65,1.5202447553760969e-17,4.7467600301992434e-14,1.1731067506293158e-16,2.0415264195339502e-17,1.3525442461596429e-16,0.00081947074776778095,-0.00081947074776762135,1.5959455978986625e-16,0.00081947074776763697,0.00081947074776762981,7.1557343384043293e-18,1.4398204850607499e-16,8.4567769453869346e-18,1536,1536,1.01171875,2
427,10.675000000000001,1.4641174783448527e-17,4.446693799503823e-14,1.2403272853234171e-16,1.8857739143388651e-17,-9.3438453599418795e-17,0.00083854084928880468,-0.00083854084928942918,-6.2450045135165055e-16,0.00083854084928941433,0.00083854084928941931,-4.9873299934333204e-18,-6.0964688158859914e-16,-9.8662397696180903e-18,512,512,1.00390625,2
428,10.700000000000001,1.3579204919028503e-17,3.9742900476710208e-14,1.3097162243624894e-16,1.785680969391767e-17,-7.8111716120454803e-17,0.00085535957047255806,-0.00085535957047343236,-8.7430063189231078e-16,0.00085535957047344841,0.00085535957047344461,3.7947076036992655e-18,-8.9034682404509624e-16,1.22514845490862e-17,4608,4608,1.03515625,2
429,10.725000000000001,1.4887919864583553e-17,4.182018449687394e-14,1.1481701006621492e-16,1.9898672272270086e-17,3.4886118945391584e-17,0.00087009811140070781,-0.00087009811139998616,7.2164496600635175e-16,0.00087009811139998595,0.00087009811139998757,-1.6263032587282567e-18,7.2186180644084885e-16,1.4094628242311558e-18,2560,2560,1.01953125,2
430,10.75,1.5278292103882671e-17,4.1349039498964151e-14,1.2099696244938229e-16,2.065699163811027e-17,-9.7966321505799835e-17,0.00088375391932871139,-0.00088375391932885017,-1.3877787807814457e-16,0.00088375391932884399,0.00088375391932884963,-5.6378512969246231e-18,-1.3259792569497719e-16,-5.4210108624275222e-19,512,512,1.00390625,2
431,10.775,1.3656411808769397e-17,3.5429148967642587e-14,1.0603497246908233e-16,1.8001602349710169e-17,4.8217482425352818e-17,0.00089525614195018477,-0.00089525614194987252,3.1225022567582528e-16,0.00089525614194990526,0.00089525614194990201,3.2526065174565133e-18,2.7950732006676304e-16,2.9490299091605721e-17,4608,4608,1.03515625,2
432,10.800000000000001,1.4386192997489774e-17,3.566478146314612e-14,1.1221492485224971e-16,1.9497688779767906e-17,-1.2909848143530985e-19,0.00090416611510413247,-0.00090416611510318878,9.4368957093138306e-16,0.00090416611510319963,0.0009041661151032032,-3.5778671692021646e-18,9.3284754920652802e-16,1.4419888894057209e-17,2560,2560,1.01953125,2
433,10.825000000000001,1.4770281635122473e-17,3.5109461618468525e-14,1.2663481374630692e-16,1.9942641007274799e-17,-5.8172069821532239e-17,0.00091223290569075743,-0.00091223290569190235,-1.1449174941446927e-15,0.00091223290569190365,0.00091223290569190441,-7.589415207398531e-19,-1.1462185367516753e-15,2.0599841277224584e-18,1024,1024,1.0078125,2
434,10.850000000000001,1.7646825509489645e-17,4.0224728471878215e-14,1.227316859253591e-16,2.4918232417627481e-17,2.2994702320480319e-17,0.00091841807950743259,-0.0009184180795077275,-2.9490299091605721e-16,0.00091841807950774398,0.0009184180795077443,-3.2526065174565133e-19,-3.1138286393783687e-16,1.6805133673525319e-17,2560,2560,1.01953125,2
435,10.875,1.4678067716268367e-17,3.2004650637537585e-14,1.227316859253591e-16,1.9720430083263652e-17,-1.0647514496497356e-16,0.00092177103991097908,-0.00092177103991181869,-8.3960616237277463e-16,0.00092177103991184298,0.00092177103991183712,5.8546917314217239e-18,-8.6389229103644993e-16,1.8431436932253575e-17,3072,3072,1.0234375,2
436,10.9,1.3960509269229937e-17,2.9182773560022846e-14,1.0950441942103595e-16,1.873832565702518e-17,8.4008738118536466e-18,0.0009241351304343226,-0.00092413513043396872,3.5388358909926865e-16,0.00092413513043398347,0.00092413513043397826,5.2041704279304213e-18,3.3913843955346579e-16,9.540979117872439e-18,2560,2560,1.01953125,2
437,10.925000000000001,1.384258067534944e-17,2.7803916770887969e-14,1.1340754724198376e-16,1.8334310599649124e-17,-1.2411222911685991e-17,0.00092509123576967056,-0.00092509123576839727,1.2732870313669764e-15,0.00092509123576845962,0.00092509123576845875,8.6736173798840355e-19,1.2109454064490599e-15,6.1474263179928101e-17,2560,2560,1.01953125,2
438,10.950000000000001,1.3628349171557686e-17,2.6268929713799044e-14,1.0776969594505914e-16,1.8034535626529888e-17,-8.181679446852687e-17,0.00092327290891702773,-0.0009232729089175655,-5.377642775528102e-16,0.00092327290891758989,0.00092327290891758512,4.7704895589362195e-18,-5.6215882643373405e-16,1.962405932198763e-17,2048,2048,1.015625,2
439,10.975000000000001,1.33345751732187e-17,2.4729622185351015e-14,1.0375814790686277e-16,1.7412753836157927e-17,-8.8020500289420414e-17,0.00092007458374254725,-0.00092007458374204071,5.0653925498522767e-16,0.00092007458374204515,0.00092007458374205361,-8.4567769453869346e-18,5.020940260780371e-16,1.2902005852577503e-17,3072,3072,1.0234375,2
440,11,1.3821888679603507e-17,2.4679498242799624e-14,1.478851763270228e-16,1.8121130982199847e-17,-3.545811488071794e-17,0.00091596180761932544,-0.000915961807619773,-4.4755865680201623e-16,0.00091596180761979609,0.00091596180761979414,1.951563910473908e-18,-4.7065216307595747e-16,2.1141942363467336e-17,2560,2560,1.01953125,2
441,11.025,1.2748687250407619e-17,2.1926150441146196e-14,1.1470858984896637e-16,1.6929889156908143e-17,-7.5255897560659842e-17,0.00090935204787712109,-0.00090935204787664231,4.7878367936959876e-16,0.00090935204787671701,0.00090935204787671192,5.0957502106818708e-18,4.040821496853475e-16,6.9605779473569385e-17,1536,1536,1.01171875,2
442,11.050000000000001,1.2563526068522258e-17,2.0876552440134319e-14,1.0321604682062002e-16,1.6626168902236483e-17,-1.2244161829671714e-17,0.00090103468374103102,-0.0009010346837414647,-4.3368086899420177e-16,0.0009010346837414621,0.00090103468374145136,1.0733601507606494e-17,-4.3107878378023656e-16,-1.3335686721571705e-17,2560,2560,1.01953125,2
443,11.075000000000001,1.2591218366554523e-17,2.0209341456317069e-14,9.2374025095764978e-17,1.6826321323304496e-17,4.2633311659209728e-17,0.00089209666560030598,-0.00089209666560062517,-3.1918911957973251e-16,0.00089209666560065314,0.00089209666560064566,7.4809949901499806e-18,-3.4716153562985852e-16,2.0491421059976034e-17,3584,3584,1.02734375,2
444,11.100000000000001,1.1938470467721536e-17,1.851969841901235e-14,9.540979117872439e-17,1.6055260301196337e-17,2.6345112039042508e-17,0.00088107336181941776,-0.00088107336182039614,-9.783840404509192e-16,0.00088107336182037294,0.00088107336182038584,-1.2902005852577503e-17,-9.5518211395972941e-16,-1.0299920638612292e-17,2048,2048,1.015625,2
445,11.125,1.1534448475195861e-17,1.7352830028809577e-14,1.1080546202801855e-16,1.5264795315053e-17,6.6995434614217398e-17,0.00086825661596279247,-0.00086825661596183143,9.6103680569115113e-16,0.00086825661596187848,0.0008682566159618774,1.0842021724855044e-18,9.1398243140528024e-16,4.5970172113385388e-17,2048,2048,1.015625,2
446,11.15,1.2617145673336669e-17,1.8411621779195689e-14,1.0603497246908233e-16,1.7065241864375886e-17,-1.0079178975162482e-16,0.0008549167291320714,-0.00085491672913264385,-5.7245874707234634e-16,0.00085491672913265795,0.000854916729132656,1.951563910473908e-18,-5.865533753146579e-16,1.214306433183765e-17,3072,3072,1.0234375,2
447,11.175000000000001,1.1203881335098404e-17,1.5847267625617576e-14,8.9229838795557015e-17,1.5061252298425591e-17,-1.2481570442808057e-17,0.00083988669055834464,-0.00083988669055695339,1.3912482277333993e-15,0.00083988669055698277,0.0008398866905569805,2.2768245622195593e-18,1.3618663488590421e-15,2.7105054312137611e-17,3072,3072,1.0234375,2
448,11.200000000000001,1.0936277355121604e-17,1.5050871176582611e-14,8.2616205543395438e-17,1.475248690602367e-17,1.1228063596903111e-17,0.00082323645767701237,-0.0008232364576774634,-4.5102810375396984e-16,0.00082323645767743878,0.00082323645767743922,-4.3368086899420177e-19,-4.2641671443854889e-16,-2.4177708446426749e-17,1024,1024,1.0078125,2
449,11.225000000000001,1.1202019389849207e-17,1.5007889872680821e-14,8.5001450322863548e-17,1.5145537361262909e-17,-1.3664021576179432e-17,0.00080605054264104581,-0.00080605054264109438,-4.8572257327350599e-17,0.0008060505426411049,0.00080605054264110186,3.0357660829594124e-18,-5.9089018400459992e-17,7.4809949901499806e-18,2560,2560,1.01953125,2
450,11.25,1.4669694481326641e-17,1.9124650591605643e-14,1.0711917464156784e-16,2.0639073752513158e-17,-9.2952214785276186e-17,0.00078754249578061319,-0.00078754249578050911,1.0408340855860843e-16,0.00078754249578053318,0.00078754249578053882,-5.6378512969246231e-18,8.0014120329430227e-17,2.9707139526102821e-17,4608,4608,1.03515625,2
451,11.275,1.0643451433518307e-17,1.3530071663503317e-14,8.1857264022655585e-17,1.4040757471608885e-17,-3.0965639875173883e-17,0.00076772373995481757,-0.00076772373995454869,2.688821387764051e-16,0.00076772373995457818,0.00076772373995458013,-1.951563910473908e-18,2.3939183968479938e-16,3.1441863002079629e-17,0,0,1,1
452,11.300000000000001,1.4563703758890917e-17,1.8086462647165411e-14,9.8987658347926555e-17,2.0520845011737887e-17,-3.8214789564341528e-17,0.0007473296657796169,-0.00074732966578045477,-8.3787143889679783e-16,0.00074732966578043721,0.00074732966578043678,4.3368086899420177e-19,-8.2030736370253265e-16,-1.7997756063259374e-17,3072,3072,1.0234375,2
453,11.325000000000001,9.1590285845537013e-18,1.1109822714222397e-14,8.0447801198424429e-17,1.2289433631036178e-17,-2.0970388454016611e-17,0.00072597658322415271,-0.00072597658322370515,4.4755865680201623e-16,0.00072597658322371339,0.00072597658322370948,3.903127820947816e-18,4.393187202911264e-16,4.3368086899420177e-18,4096,4096,1.03125,2
454,11.350000000000001,1.0520203560907001e-17,1.2469858634096308e-14,8.9771939881799767e-17,1.4373730225473401e-17,-6.9106834506122407e-17,0.00070363925026661889,-0.00070363925026720002,-5.8113236445223038e-16,0.00070363925026724014,0.00070363925026723916,9.7578195523695399e-19,-6.2124784483419404e-16,3.913969842672671e-17,1024,1024,1.0078125,2
455,11.375,9.4905933028289764e-18,1.1023106859698504e-14,7.9448302320664355e-17,1.2699966005684448e-17,-3.858438247142057e-17,0.00068078442225250058,-0.00068078442225291864,-4.1806835771041051e-16,0.00068078442225290422,0.00068078442225290672,-2.4936649967166602e-18,-4.036484688163533e-16,-1.1926223897340549e-17,2560,2560,1.01953125,2
456,11.4,8.6090931683415616e-18,9.7965703997223262e-15,7.4945475173060494e-17,1.1299192077246831e-17,3.6137011599292025e-17,0.00065724634302455343,-0.00065724634302513976,-5.863365348801608e-16,0.00065724634302518541,0.00065724634302518638,-9.7578195523695399e-19,-6.3198144634180053e-16,4.6620693416876691e-17,3072,3072,1.0234375,2
457,11.425000000000001,8.6036870011752873e-18,9.594595587472235e-15,6.8358946975211055e-17,1.1756900361993068e-17,-6.9206949780701341e-17,0.00063306024705589437,-0.00063306024705492292,9.7144514654701197e-16,0.00063306024705494623,0.00063306024705494959,-3.3610267347050637e-18,9.4813479983857363e-16,2.6671373443143409e-17,2560,2560,1.01953125,2
458,11.450000000000001,7.8422701735930125e-18,8.5888063626155077e-15,6.7437375128598376e-17,1.0608541592677682e-17,-2.9887549367833508e-17,0.0006085357447442874,-0.00060853574474456669,-2.7929047963226594e-16,0.00060853574474458501,0.00060853574474457612,8.8904578143811364e-18,-2.9761349634727097e-16,9.4325589006238886e-18,1536,1536,1.01171875,2
459,11.475000000000001,7.9456881352394468e-18,8.548703633608673e-15,6.6570013390609972e-17,1.0328749937986599e-17,-8.611376145367383e-18,0.0005834553547199306,-0.00058345535471979529,1.3530843112619095e-16,0.00058345535471984961,0.00058345535471984538,4.2283884726934673e-18,8.0989902284667181e-17,5.0090140368830305e-17,3072,3072,1.0234375,2
460,11.5,7.0931363160736945e-18,7.5010344433269068e-15,5.5077470362263625e-17,9.2754406866332661e-18,-4.7452964659472661e-17,0.00055811080690304493,-0.00055811080690374403,-6.9909356081865326e-16,0.00055811080690374337,0.00055811080690374847,-5.0957502106818708e-18,-6.9844303951516196e-16,4.4452289071905682e-18,2560,2560,1.01953125,2
461,11.525,6.7152459390433768e-18,6.9899916670683975e-15,5.6378512969246231e-17,8.8922201743749689e-18,2.0832486229265297e-17,0.00053268109762782956,-0.00053268109762787466,-4.5102810375396984e-17,0.00053268109762790697,0.0005326810976279048,2.1684043449710089e-18,-7.7412035115465017e-17,3.0140820395097023e-17,2560,2560,1.01953125,2
462,11.550000000000001,6.5344276532885985e-18,6.6978598933551599e-15,5.8330076879720139e-17,8.644362754578511e-18,6.3349204569718165e-17,0.00050676336849697634,-0.00050676336849557295,1.4033912920652369e-15,0.00050676336849559973,0.00050676336849560081,-1.0842021724855044e-18,1.376611498404845e-15,2.7863995832877464e-17,2560,2560,1.01953125,2
463,11.575000000000001,5.9413549819824572e-18,6.0013989158105469e-15,5.3017486234541167e-17,7.7588061208074309e-18,1.7012829126595282e-17,0.00048093672820037625,-0.00048093672820069631,-3.2005648131772091e-16,0.00048093672820071994,0.00048093672820071187,8.077306185017008e-18,-3.4369208867790491e-16,1.5558301175166989e-17,2048,2048,1.015625,2
464,11.600000000000001,6.786787233294803e-18,6.7631830555543458e-15,5.3559587320783919e-17,9.2062171077194856e-18,-1.4137729758034016e-17,0.00045526345601665241,-0.00045526345601724395,-5.9154070530809122e-16,0.00045526345601723029,0.000455263456017222,8.2941466195141089e-18,-5.7787975793477386e-16,-2.1955093992831465e-17,2560,2560,1.01953125,2
465,11.625,7.1065376243429499e-18,6.9895178013969548e-15,5.128276275856436e-17,9.9089210613796048e-18,-9.7222641406030319e-18,0.00042927548757454304,-0.00042927548757461589,-7.2858385991025898e-17,0.00042927548757458087,0.00042927548757458315,-2.2768245622195593e-18,-3.7838655819744105e-17,-3.2742905609062234e-17,3584,3584,1.02734375,2
466,11.65,6.0629383549490608e-18,5.8894814425825667e-15,4.640385298237959e-17,8.2751821339534412e-18,1.2194407783911458e-18,0.00040355375162981488,-0.00040355375163018178,-3.668940151690947e-16,0.0004035537516301988,0.00040355375163020015,-1.3552527156068805e-18,-3.8391598927711712e-16,1.83772268236293e-17,1024,1024,1.0078125,2
467,11.675000000000001,5.190595489751196e-18,4.9854180403025629e-15,4.9656459499836103e-17,6.9418371417736628e-18,-8.2125793872639631e-19,0.00037829564798386173,-0.00037829564798272201,1.1397133237167623e-15,0.00037829564798273031,0.00037829564798273508,-4.7704895589362195e-18,1.1314191770972482e-15,1.3064636178450328e-17,3072,3072,1.0234375,2
468,11.700000000000001,4.4786652642652556e-18,4.2555130026314332e-15,4.1199682554449168e-17,5.8840633446227886e-18,2.0196986973969131e-17,0.00035288999696803103,-0.0003528899969673779,6.5312338870526787e-16,0.00035288999696737107,0.00035288999696736809,2.9815559743351372e-18,6.5995386239192655e-16,-9.8120296609938151e-18,3072,3072,1.0234375,2
469,11.725000000000001,3.9686343532697145e-18,3.7321833211284711e-15,3.67544536472586e-17,5.3286636433602787e-18,-1.3014519219171551e-18,0.00032788624878321571,-0.00032788624878319749,1.8214596497756474e-17,0.00032788624878321538,0.00032788624878321782,-2.439454888092385e-18,3.2526065174565133e-19,2.0328790734103208e-17,2048,2048,1.015625,2
470,11.75,3.6951173266336463e-18,3.4429254508612047e-15,3.2526065174565133e-17,4.8319363960899092e-18,1.729815450762994e-17,0.00030361346338381168,-0.00030361346338353759,2.7408630920433552e-16,0.00030361346338355803,0.00030361346338356161,-3.5778671692021646e-18,2.5364909825298376e-16,2.4015078120553923e-17,2048,2048,1.015625,2
471,11.775,3.5606492341861981e-18,3.2890107046162401e-15,3.1658703436576729e-17,4.7740688599196167e-18,-2.2265255996355128e-17,0.00027930703545031577,-0.00027930703545050572,-1.8995222061946038e-16,0.00027930703545048891,0.00027930703545049303,-4.1199682554449168e-18,-1.7314708694593506e-16,-1.2685165418080402e-17,2560,2560,1.01953125,2
472,11.800000000000001,3.6545905604429022e-18,3.3486657845177879e-15,3.0574501264091225e-17,5.0443473204120541e-18,8.8510650441840014e-18,0.00025567591938546741,-0.0002556759193872481,-1.7806936480901925e-15,0.00025567591938724756,0.00025567591938724518,2.3852447794681098e-18,-1.7801515470039497e-15,-2.927345865710862e-18,3072,3072,1.0234375,2
473,11.825000000000001,3.244601097287117e-18,2.9511196639025302e-15,2.8622937353617317e-17,4.4996550327393427e-18,-2.2078474554773715e-17,0.00023282124942092253,-0.00023282124942025466,6.6786853825107073e-16,0.00023282124942026322,0.0002328212494202581,5.1228552649940085e-18,6.5930334108843525e-16,3.4423418976414766e-18,1024,1024,1.0078125,2
474,11.850000000000001,2.1146744493593335e-18,1.910783511210756e-15,2.0816681711721685e-17,2.7640180068618054e-18,-2.7582256657139215e-18,0.00021011651225855132,-0.00021011651225884102,-2.8969882048812678e-16,0.00021011651225884723,0.00021011651225884541,1.8160386389132199e-18,-2.959058779256063e-16,4.391018798566293e-18,4096,4096,1.03125,2
475,11.875,1.7381615049379804e-18,1.5611867805553601e-15,1.5612511283791264e-17,2.2211297419439361e-18,-8.5579891256768877e-18,0.00018827080881678171,-0.00018827080881602017,7.6154360595381831e-16,0.00018827080881602331,0.00018827080881601862,4.6891743959998067e-18,7.5839941965361035e-16,-1.5449880957918438e-18,1536,1536,1.01171875,2
476,11.9,1.4645592685216118e-18,1.3083675429063313e-15,1.3986208025063007e-17,1.8607180112937527e-18,4.7797360649612236e-18,0.00016730242563411934,-0.00016730242563451877,-3.9942008034365983e-16,0.00016730242563451481,0.00016730242563451576,-9.4867690092481638e-19,-3.9546274241408774e-16,-3.0086610286472748e-18,2560,2560,1.01953125,2
477,11.925000000000001,1.0169163071633213e-18,9.0427011913372657e-16,1.0733601507606494e-17,1.3226134352558537e-18,-1.0093281514272752e-17,0.00014655667077612122,-0.00014655667077699466,-8.7343327015432237e-16,0.00014655667077698693,0.00014655667077698788,-9.4867690092481638e-19,-8.6570832967536315e-16,-6.7762635780344027e-18,2560,2560,1.01953125,2
478,11.950000000000001,7.0991586115684796e-19,6.2873698830877056e-16,7.8062556418956319e-18,8.8812327342984674e-19,-1.742529166721061e-18,0.00012686461790956116,-0.00012686461790904074,5.2041704279304213e-16,0.00012686461790902985,0.00012686461790903297,-3.1170812458958252e-18,5.3131327462652145e-16,-7.7791505875834943e-18,2048,2048,1.015625,2
479,11.975000000000001,5.3452546950198596e-19,4.718199927510713e-16,5.2041704279304213e-18,7.0348279590563001e-19,2.5817212456469021e-18,0.00010803306400930524,-0.00010803306400933559,-3.0357660829594124e-17,0.00010803306400931613,0.0001080330640093153,8.2670415652019713e-19,-1.089623183347932e-17,-2.0288133152635002e-17,3584,3584,1.02734375,2
480,12,5.2223456939565839e-19,4.5974098697335219e-16,4.7704895589362195e-18,6.6619556184327235e-19,-7.0101489788012875e-19,8.9592853070641354e-05,-8.9592853069239697e-05,1.4016565685892601e-15,8.9592853069234846e-05,8.959285306923284e-05,2.0057740190981832e-18,1.4065083733111328e-15,-6.8575787409708155e-18,2048,2048,1.015625,2
481,12.025,8.1653484474804245e-19,7.1731264336034465e-16,6.0715321659188248e-18,1.0774147936679923e-18,5.2415391919693048e-19,7.2249055170559018e-05,-7.2249055172956839e-05,-2.3978215246689416e-15,7.2249055172963236e-05,7.2249055172963643e-05,-4.0657581468206416e-19,-2.4042183174866061e-15,6.8033686323465403e-18,2048,2048,1.015625,2
482,12.050000000000001,1.300415308609831e-18,1.1407734294474329e-15,1.0408340855860843e-17,1.7512111436765975e-18,1.0602039461424886e-18,5.5742824836002569e-05,-5.574282483534294e-05,6.596286017401809e-16,5.5742824835345394e-05,5.5742824835343022e-05,2.3716922523120409e-18,6.5717559432493244e-16,8.1315162936412833e-20,2560,2560,1.01953125,2
483,12.075000000000001,1.7923254907371779e-18,1.5712947443383757e-15,1.3010426069826053e-17,2.468508489122015e-18,2.6603811073145511e-18,3.9765186162554755e-05,-3.9765186161881249e-05,6.7350638954799535e-16,3.9765186161883085e-05,3.9765186161881642e-05,1.4433441421213278e-18,6.7167002211834803e-16,3.9302328752599536e-19,3584,3584,1.02734375,2
484,12.100000000000001,2.1137183172032975e-18,1.8527524767958619e-15,1.8214596497756474e-17,2.8056965747751466e-18,-1.7078849957085364e-18,2.489810345451815e-05,-2.4898103455319592e-05,-8.0144224590128488e-16,2.4898103455334619e-05,2.4898103455330356e-05,4.2622697905836393e-18,-8.1646861038557617e-16,1.0764094693707649e-17,1024,1024,1.0078125,2
485,12.125,2.379903039980399e-18,2.0870699615271852e-15,1.9298798670241979e-17,3.1329616919401671e-18,-9.1483812289915896e-18,1.0886678554200557e-05,-1.088667855345159e-05,7.4896686075298646e-16,1.0886678553451092e-05,1.0886678553449219e-05,1.8736368793265124e-18,7.4946491612597199e-16,-2.3716922523120409e-18,3072,3072,1.0234375,2
486,12.15,3.7593791288235616e-18,3.3012911504794506e-15,2.6020852139652106e-17,5.2924936847362343e-18,3.4621412280842124e-18,-2.8389252477722948e-06,2.8389252474444321e-06,-3.2786273695961654e-16,-2.8389252474538799e-06,-2.838925247453317e-06,-5.6285339345048258e-19,-3.1841493146594207e-16,-8.8849521002239834e-18,3072,3072,1.0234375,2
487,12.175000000000001,3.2984136298011544e-18,2.9020366921519434e-15,2.5587171270657905e-17,4.4007735456596763e-18,6.1917304559923803e-18,-1.5031859799563563e-05,1.503185979986844e-05,3.0487765090292385e-16,-1.503185979987142e-05,-1.503185979987316e-05,1.7398056736603329e-18,3.0785751281136448e-16,-4.7196675821009615e-18,1536,1536,1.01171875,2
488,12.200000000000001,3.5423226971114378e-18,3.123873412141315e-15,2.6020852139652106e-17,4.8490396121812332e-18,-9.8007786380382809e-20,-2.6657482125713727e-05,2.6657482126422796e-05,7.090682208055199e-16,-2.665748212643151e-05,-2.6657482126431866e-05,3.5575383784680614e-19,7.1778249576687214e-16,-9.070028799199048e-18,2048,2048,1.015625,2
489,12.225000000000001,3.9486834593607335e-18,3.4942581453803174e-15,3.187554387107383e-17,5.1965411375768666e-18,-7.6262685285774677e-18,-3.8182467601899361e-05,3.8182467600639085e-05,-1.2602766052971504e-15,-3.8182467600657116e-05,-3.818246760065671e-05,-4.0657581468206416e-19,-1.2422449679160008e-15,-1.7625061566467481e-17,4608,4608,1.03515625,2
490,12.25,4.723449976042628e-18,4.1961268702020064e-15,3.4694469519536142e-17,6.3190554176725091e-18,3.104699787050308e-17,-4.8004194457718086e-05,4.800419445905469e-05,1.3366044382401299e-15,-4.8004194459064143e-05,-4.800419445906295e-05,-1.1926223897340549e-18,1.3460573259314879e-15,-8.2602653016239369e-18,1536,1536,1.01171875,2
491,12.275,5.2422826359499837e-18,4.6776428492868905e-15,4.2500725161431774e-17,7.0512799610544819e-18,-1.8074662166458493e-17,-5.7240135646452472e-05,5.724013564526809e-05,-1.184382453223165e-15,-5.7240135645271858e-05,-5.7240135645271566e-05,-2.9137933385547932e-19,-1.1806148506737779e-15,-3.4762232155316486e-18,1024,1024,1.0078125,2
492,12.300000000000001,5.5293522879346421e-18,4.9602268162152027e-15,4.2067044292437572e-17,7.3956128644849801e-18,-9.0960634623299818e-18,-6.6709445810886336e-05,6.6709445810862484e-05,-2.3852447794681098e-17,-6.670944581086266e-05,-6.6709445810862199e-05,-4.6078592330633938e-19,-2.3676264941652203e-17,2.8460307027744491e-19,4096,4096,1.03125,2
493,12.325000000000001,6.1363238278740565e-18,5.5388401528082887e-15,5.2909066017292616e-17,8.3654553398063766e-18,4.2958509357023632e-17,-7.4687302317855142e-05,7.4687302318680003e-05,8.2486101282697177e-16,-7.4687302318681182e-05,-7.468730231868373e-05,2.5478751053409354e-18,8.2604008268954976e-16,-3.7269449679189215e-18,2048,2048,1.015625,2
494,12.350000000000001,5.9480449988975097e-18,5.4035164761780191e-15,4.5536491244391186e-17,7.9524602804534741e-18,-1.8582982094522062e-17,-8.1667419392417173e-05,8.166741939112784e-05,-1.2893332235197619e-15,-8.1667419391128667e-05,-8.1667419391134006e-05,5.3396956994911093e-18,-1.2885065193632417e-15,-6.1663998560113065e-18,1536,1536,1.01171875,2
495,12.375,7.7675384870350912e-18,7.1085453196079527e-15,5.2041704279304213e-17,1.0876007060707245e-17,3.36480358400685e-18,-8.9349862935961255e-05,8.9349862937329085e-05,1.3678294608077124e-15,-8.9349862937328488e-05,-8.9349862937332581e-05,4.0928632011327792e-18,1.3672331496128454e-15,-3.4965520062657518e-18,4096,4096,1.03125,2
496,12.4,7.7847751689480569e-18,7.1844891412556996e-15,5.4643789493269423e-17,1.0799830854261546e-17,-1.1192148946642476e-17,-9.58389080096822e-05,9.5838908009658781e-05,-2.3418766925686896e-17,-9.5838908009671019e-05,-9.5838908009673269e-05,2.2497195079074217e-18,-1.1180834903756764e-17,-1.4487651529837553e-17,2048,2048,1.015625,2
497,12.425000000000001,7.1477033574242212e-18,6.6538300239964667e-15,6.0281640790194047e-17,9.5875455864982356e-18,4.1587093092658269e-18,-0.00010123982107757001,0.00010123982107637045,-1.1995612836379621e-15,-0.00010123982107638277,-0.00010123982107638182,-9.4867690092481638e-19,-1.1872420364530956e-15,-1.1370570283941728e-17,2048,2048,1.015625,2
498,12.450000000000001,7.7186950205635312e-18,7.2530564403328372e-15,6.0715321659188248e-17,1.0352136330769171e-17,-3.435250659544495e-17,-0.00010726416858375387,0.000107264168584116,3.6212352561015848e-16,-0.00010726416858412659,-0.00010726416858412952,2.927345865710862e-18,3.7272160184620429e-16,-1.3525422101756668e-17,3072,3072,1.0234375,2
499,12.475000000000001,7.8392892786774164e-18,7.4467143720922885e-15,6.6786853825107073e-17,1.0463006766852029e-17,1.7280858226068711e-17,-0.00011270009130015524,0.0001127000913007342,5.7896396010725937e-16,-0.00011270009130074354,-0.00011270009130074553,1.9922214919421144e-18,5.8830165131779077e-16,-1.1329912702473521e-17,1536,1536,1.01171875,2
500,12.5,7.9759998993396319e-18,7.6618700861377859e-15,6.852157730108388e-17,1.0448255642063673e-17,4.9944217283680809e-17,-0.00011724031594262385,0.00011724031594168537,-9.3848540050345264e-16,-0.00011724031594169361,-0.00011724031594169221,-1.395910297075087e-18,-9.302454639925628e-16,-6.8440262138147467e-18,3072,3072,1.0234375,2
501,12.525,8.1186960528840196e-18,7.8871702725302113e-15,8.4567769453869346e-17,1.0536648945073056e-17,4.19993363195905e-18,-0.00012212549829015984,0.00012212549829100378,8.4394297106271665e-16,-0.00012212549829100825,-0.00012212549829100695,-1.3010426069826053e-18,8.4841530502421936e-16,-3.1712913545201005e-18,2560,2560,1.01953125,2
502,12.550000000000001,8.6905361236540635e-18,8.55770038817174e-15,7.7303614898216466e-17,1.1540387671964297e-17,2.0189078076072915e-17,-0.00012680241240659029,0.00012680241240700229,4.1199682554449168e-16,-0.00012680241240701519,-0.00012680241240701389,-1.3010426069826053e-18,4.2489883139706919e-16,-1.1600963245594897e-17,2048,2048,1.015625,2
503,12.575000000000001,9.3442297757414331e-18,9.3265345250831346e-15,8.8470897274817162e-17,1.2242274707221338e-17,8.7943446450646781e-18,-0.0001312183001118683,0.00013121830011197412,1.0581813203458523e-16,-0.00013121830011198518,-0.0001312183001119855,3.2526065174565133e-19,1.1687699419393738e-16,-1.1384122811097797e-17,2560,2560,1.01953125,2
504,12.600000000000001,9.5506265150178771e-18,9.666842554090943e-15,7.4267848815257054e-17,1.258444938657376e-17,-4.5440819978321755e-18,-0.00013571445265192494,0.00013571445265176882,-1.5612511283791264e-16,-0.00013571445265177915,-0.00013571445265177977,6.2341624917916505e-19,-1.4579808714498821e-16,-1.0950441942103595e-17,2560,2560,1.01953125,2
505,12.625,1.1731859855070636e-17,1.2061790855534267e-14,8.5435131191857749e-17,1.5680580829428259e-17,-3.7678044093929153e-17,-0.00014007571744656389,0.00014007571744546927,-1.0946105133413653e-15,-0.00014007571744547811,-0.00014007571744547993,1.8160386389132199e-18,-1.0857742656356084e-15,-1.0652286344670081e-17,2560,2560,1.01953125,2
506,12.65,1.0877502585196803e-17,1.1366669102589278e-14,8.7169854667834556e-17,1.4455775698417819e-17,-3.9887176376091684e-17,-0.00014484900224331909,0.00014484900224343185,1.1275702593849246e-16,-0.00014484900224343892,-0.00014484900224343838,-5.4210108624275222e-19,1.1983144511396038e-16,-6.5323180892251642e-18,3072,3072,1.0234375,2
507,12.675000000000001,1.1076183078449575e-17,1.1775056804874706e-14,8.1098322501915732e-17,1.4524931201336538e-17,2.3455742744625082e-17,-0.00014986238137915109,0.00014986238137975217,6.0108168442596366e-16,-0.00014986238137975737,-0.00014986238137975691,-4.6078592330633938e-19,6.0628585485389408e-16,-4.7433845046240819e-18,2560,2560,1.01953125,2
508,12.700000000000001,1.0709105073500939e-17,1.158861009689949e-14,9.1289822923279473e-17,1.4181745204827978e-17,2.7911230421936492e-17,-0.00015466549717757516,0.00015466549717738694,-1.8821749714348357e-16,-0.00015466549717739827,-0.00015466549717740158,3.3068166260807885e-18,-1.7688758444101005e-16,-1.463672932855431e-17,1536,1536,1.01171875,2
509,12.725000000000001,1.2240920180088936e-17,1.3504307690565082e-14,8.8904578143811364e-17,1.6592345005544224e-17,6.4579765292350516e-18,-0.0001601316178216905,0.00016013161782233408,6.4358240958739543e-16,-0.00016013161782233706,-0.00016013161782233392,-3.1441863002079629e-18,6.4656396556173057e-16,1.6263032587282567e-19,3584,3584,1.02734375,2
510,12.75,1.3672640681700453e-17,1.5391911439195716e-14,9.4325589006238886e-17,1.9192504785381481e-17,5.4894477840495371e-17,-0.00016647550096848818,0.00016647550096804929,-4.3888503942213219e-16,-0.00016647550096805108,-0.00016647550096805124,1.6263032587282567e-19,-4.3709610583753111e-16,-1.951563910473908e-18,2048,2048,1.015625,2
511,12.775,1.2752832805741737e-17,1.4658788186128447e-14,1.0148132334464322e-16,1.7044829148736938e-17,8.2349599970013679e-18,-0.00017256593045900104,0.00017256593045915283,1.5178830414797062e-16,-0.00017256593045915711,-0.00017256593045915269,-4.4181238528784306e-18,1.5607090272928836e-16,1.3552527156068805e-19,1536,1536,1.01171875,2
512,12.800000000000001,1.2265973025103703e-17,1.4413624560917208e-14,1.0408340855860843e-16,1.6204273530549907e-17,-5.5110961893835554e-17,-0.00017945765036309069,0.00017945765036286778,-2.2291196666301971e-16,-0.00017945765036285629,-0.00017945765036285813,1.8431436932253575e-18,-2.3440450969136606e-16,9.6493993351209895e-18,3072,3072,1.0234375,2
513,12.825000000000001,1.3073082049736913e-17,1.5725559959145907e-14,1.0039712117215771e-16,1.7895536818397524e-17,8.8812991742211918e-17,-0.00018739356340269353,0.00018739356340280369,1.1015494072452725e-16,-0.00018739356340280903,-0.00018739356340280659,-2.439454888092385e-18,1.1549463642401836e-16,-2.9002408113987244e-18,3072,3072,1.0234375,2
514,12.850000000000001,1.3715464207989975e-17,1.6910162662183548e-14,1.0382591054264312e-16,1.8499914122836195e-17,-1.2111135527946459e-16,-0.00019586650184777454,0.00019586650184790031,1.2576745200831851e-16,-0.0001958665018478995,-0.00019586650184789367,-5.8275866771095863e-18,1.2495430037895439e-16,6.6407383064737147e-18,1536,1536,1.01171875,2
515,12.875,1.3313856945256531e-17,1.6826336820859848e-14,1.1319070680748666e-16,1.7741567810245862e-17,-4.9226034486587364e-17,-0.00020494843126961371,0.00020494843126912798,-4.8572257327350599e-16,-0.00020494843126912541,-0.00020494843126912896,3.550762114890027e-18,-4.8829755343315906e-16,-9.7578195523695399e-19,3584,3584,1.02734375,2
516,12.9,1.3818863130633684e-17,1.7947063056598227e-14,9.6927674220204096e-17,1.8402035469464626e-17,-7.6594496909666475e-17,-0.00021491210728896704,0.00021491210728853075,-4.3628295420816698e-16,-0.00021491210728853032,-0.00021491210728853045,1.3552527156068805e-19,-4.3671663507716119e-16,2.9815559743351372e-19,2048,2048,1.015625,2
517,12.925000000000001,1.5060589154482014e-17,2.0113673158139592e-14,1.2151873474489094e-16,2.0424934156420097e-17,6.017222997837093e-17,-0.00022636465308778497,0.0002263646530878587,7.3725747729014302e-17,-0.00022636465308785385,-0.0002263646530878542,3.5236570605778894e-19,6.8873943007141669e-17,4.4994390158148434e-18,2560,2560,1.01953125,2
518,12.950000000000001,1.347807976978762e-17,1.8522121050186469e-14,1.2785454119035311e-16,1.7520841212568533e-17,-5.0750939252364056e-17,-0.00023863999208550979,0.00023863999208616898,6.591949208711867e-16,-0.00023863999208615565,-0.00023863999208615337,-2.2768245622195593e-18,6.4585923414961499e-16,1.5612511283791264e-17,2048,2048,1.015625,2
519,12.975000000000001,1.351299510966262e-17,1.9158789522238286e-14,1.2110538266663085e-16,1.7830812636726937e-17,3.1333042932834072e-17,-0.00025135432247402889,0.00025135432247331679,-7.1210398688847931e-16,-0.00025135432247330687,-0.00025135432247330367,-3.1983964088322381e-18,-7.2202443676672168e-16,1.3118846287074604e-17,3072,3072,1.0234375,2
520,13,1.5002202012364788e-17,2.1947083195843333e-14,1.2956215961201778e-16,1.932107104057093e-17,-4.4257055766436716e-18,-0.00026587066512462343,0.00026587066512488277,2.5934115965853266e-16,-0.00026587066512487014,-0.00026587066512487469,4.5536491244391186e-18,2.4671020434907653e-16,8.077306185017008e-18,2560,2560,1.01953125,2
521,13.025,1.4011366529719337e-17,2.1186914317744842e-14,1.2739375526704677e-16,1.8575868444544925e-17,1.6066586061406315e-17,-0.00028225716594043604,0.0002822571659408888,4.5276282722994665e-16,-0.00028225716594088062,-0.00028225716594088284,2.2226144535952841e-18,4.4457710082768109e-16,5.9631119486702744e-18,1536,1536,1.01171875,2
522,13.050000000000001,1.7215023706078121e-17,2.6942330625930464e-14,1.3357370765021415e-16,2.3868821363155142e-17,-2.5042445272723821e-17,-0.00029860907710776985,0.00029860907710693024,-8.3960616237277463e-16,-0.00029860907710693187,-0.00029860907710692732,-4.5536491244391186e-18,-8.3797985911404638e-16,2.927345865710862e-18,3584,3584,1.02734375,2
523,13.075000000000001,1.7624943822957663e-17,2.8604623375389376e-14,1.2988742026376343e-16,2.435158373050291e-17,-5.8954990749838091e-17,-0.00031653252417562783,0.00031653252417629396,6.6613381477509392e-16,-0.00031653252417629716,-0.00031653252417629065,-6.5052130349130266e-18,6.6933221118392616e-16,3.3068166260807885e-18,3072,3072,1.0234375,2
524,13.100000000000001,1.6834946092192342e-17,2.832649373704738e-14,1.3270634591222574e-16,2.312614543797e-17,-3.3144520992643313e-17,-0.00033721164953171012,0.0003372116495320536,3.434752482434078e-16,-0.00033721164953204145,-0.00033721164953205045,8.9988780316296868e-18,3.3133218391157016e-16,3.1441863002079629e-18,1024,1024,1.0078125,2
525,13.125,1.6100184824272873e-17,2.8146678873042913e-14,1.5092094240998222e-16,2.1187546032634212e-17,-4.8447445306452205e-17,-0.00035827266662202817,0.00035827266662093703,-1.0911410663894117e-15,-0.00035827266662093676,-0.00035827266662093676,0,-1.091412116932533e-15,2.7105054312137611e-19,2048,2048,1.015625,2
526,13.15,1.5790193842704526e-17,2.8768375655858044e-14,1.1855750756128991e-16,2.1049926785664589e-17,-4.0758042095231436e-17,-0.00038008027964231417,0.00038008027964270621,3.920475055707584e-16,-0.00038008027964269261,-0.00038008027964269602,3.415236843329339e-18,3.7844076830606532e-16,1.0191500421363742e-17,4608,4608,1.03515625,2
527,13.175000000000001,1.5396885952365314e-17,2.9162753040533019e-14,1.2663481374630692e-16,2.015737786331304e-17,-2.1096602824144797e-17,-0.00040509961009682627,0.00040509961009667014,-1.5612511283791264e-16,-0.00040509961009666109,-0.00040509961009666754,6.4510029262887514e-18,-1.651782009781666e-16,2.6020852139652106e-18,512,512,1.00390625,2
528,13.200000000000001,1.5682711245454631e-17,3.0950833386046456e-14,1.3422422895370545e-16,2.0827042766048197e-17,5.7446476243284262e-18,-0.00043132083055041903,0.00043132083055075557,3.3653635433950058e-16,-0.00043132083055076023,-0.00043132083055075817,-2.0599841277224584e-18,3.4119842368118825e-16,-2.6020852139652106e-18,2048,2048,1.015625,2
529,13.225000000000001,1.7933801446290264e-17,3.6996901433992328e-14,1.2468324983583301e-16,2.505177812158212e-17,1.4278442915450525e-17,-0.0004578688716279089,0.00045786887162693919,-9.6971042307103517e-16,-0.00045786887162694353,-0.00045786887162694228,-1.2468324983583301e-18,-9.6537361438109315e-16,-3.0899761915836876e-18,4608,4608,1.03515625,2
530,13.25,1.5915914224940525e-17,3.4233590270750215e-14,1.3335686721571705e-16,2.0625138114717681e-17,-2.5861517086946486e-17,-0.00048745735869104578,0.00048745735869293316,1.8873791418627661e-15,-0.00048745735869293723,-0.00048745735869292991,-7.3183646642771549e-18,1.8914449000095868e-15,3.2526065174565133e-18,1536,1536,1.01171875,2
531,13.275,1.6629108179141369e-17,3.7251900044970023e-14,1.3715157481941631e-16,2.2059030059334552e-17,2.8092132100224339e-17,-0.00051866889128504567,0.00051866889128475077,-2.9490299091605721e-16,-0.00051866889128474969,-0.00051866889128474741,-2.2768245622195593e-18,-2.9598719308854271e-16,3.3610267347050637e-18,1024,1024,1.0078125,2
532,13.300000000000001,1.9286416324516898e-17,4.5099972495450639e-14,1.4951147958575106e-16,2.6811021954794907e-17,-1.0762623707605447e-16,-0.00055059155326198095,0.00055059155326199309,1.214306433183765e-17,-0.00055059155326198127,-0.00055059155326198735,6.0715321659188248e-18,3.2526065174565133e-19,5.7462715141731735e-18,4096,4096,1.03125,2
533,13.325000000000001,1.60342091727874e-17,3.9108756373125383e-14,1.4203048459560108e-16,2.1230376702086998e-17,-3.985734954132814e-17,-0.00058508264780599006,0.000585082647805742,-2.4806545706468341e-16,-0.00058508264780574016,-0.00058508264780574091,7.589415207398531e-19,-2.4990860075790877e-16,1.0842021724855044e-18,3072,3072,1.0234375,2
534,13.350000000000001,1.5734608991839918e-17,3.9783794749488605e-14,1.3173056395698879e-16,2.0654856072641747e-17,-5.3226164702420439e-17,-0.00062131828821243573,0.00062131828821235073,-8.5001450322863548e-17,-0.00062131828821233761,-0.00062131828821234282,5.2041704279304213e-18,-9.8120296609938151e-17,7.9146758591441824e-18,512,512,1.00390625,2
535,13.375,1.608625379196503e-17,4.2124060455202797e-14,1.468009741545373e-16,2.0989497939657489e-17,1.1803582530794796e-17,-0.00065849553933006177,0.00065849553932953962,-5.2215176626901894e-16,-0.00065849553932952954,-0.00065849553932953453,4.9873299934333204e-18,-5.3223484647313413e-16,5.0957502106818708e-18,3584,3584,1.02734375,2
536,13.4,1.6525353894455968e-17,4.4668910153862935e-14,1.3574211199518516e-16,2.153173256387038e-17,2.6325478642699643e-17,-0.0006983312140000919,0.00069833121399974669,-3.4520997171938461e-16,-0.00069833121399974756,-0.00069833121399974322,-4.3368086899420177e-18,-3.4434260998139621e-16,3.4694469519536142e-18,3072,3072,1.0234375,2
537,13.425000000000001,1.7093283894453492e-17,4.7356771319363579e-14,1.5265566588595902e-16,2.2630900599735418e-17,-4.3749498378287201e-17,-0.00073977616859011164,0.00073977616859042389,3.1225022567582528e-16,-0.000739776168590424,-0.00073977616859042139,-2.6020852139652106e-18,3.1235864589307383e-16,2.4936649967166602e-18,2048,2048,1.015625,2
538,13.450000000000001,1.7063566001014916e-17,4.8131545861838111e-14,1.4333152720258369e-16,2.2722595128466815e-17,-1.1309224968352147e-16,-0.00078179060419181212,0.00078179060419248173,6.6960326172704754e-16,-0.00078179060419249311,-0.00078179060419248053,-1.2576745200831851e-17,6.8098738453814534e-16,1.1926223897340549e-18,2560,2560,1.01953125,2
539,13.475000000000001,1.5915385935770472e-17,4.5338381819726029e-14,1.4441572937506919e-16,2.0879530584470734e-17,2.9764111239734499e-17,-0.00082685589627828904,0.00082685589627715453,-1.1345091532888318e-15,-0.00082685589627715583,-0.0008268558962771529,-2.927345865710862e-18,-1.1332081106818492e-15,1.6263032587282567e-18,2560,2560,1.01953125,2
540,13.5,1.6443376500099141e-17,4.6998476198730589e-14,1.4213890481284963e-16,2.1614644443882962e-17,-1.2244182966626075e-16,-0.00087375166214087585,0.0008737516621419826,1.1067535776732029e-15,-0.00087375166214198759,-0.00087375166214198456,-3.0357660829594124e-18,1.1117409076666362e-15,-1.951563910473908e-18,2048,2048,1.015625,2
541,13.525,1.6405866716750958e-17,4.6649326292202186e-14,1.3747683547116196e-16,2.1760622770995088e-17,-8.2472304823040519e-17,-0.00092061844463486864,0.00092061844463525028,3.8163916471489756e-16,-0.00092061844463524637,-0.00092061844463524681,4.3368086899420177e-19,3.7773603689394974e-16,3.4694469519536142e-18,3072,3072,1.0234375,2
542,13.550000000000001,1.5670094884469264e-17,4.3833406555628253e-14,1.3877787807814457e-16,2.0596636598585795e-17,-6.1076933434173123e-17,-0.00097023772369553285,0.00097023772369501937,-5.134781488891349e-16,-0.00097023772369502187,-0.0009702377236950159,-5.9631119486702744e-18,-5.1098448389241824e-16,3.4694469519536142e-18,1536,1536,1.01171875,2
543,13.575000000000001,1.6021478276807614e-17,4.3862412395770074e-14,1.1947907940790259e-16,2.1252674240335243e-17,-4.714771022564894e-17,-0.0010222036243749955,0.0010222036243746693,-3.2612801348363973e-16,-0.0010222036243746672,-0.0010222036243746724,5.2041704279304213e-18,-3.2829641782861074e-16,-3.0357660829594124e-18,3072,3072,1.0234375,2
544,13.600000000000001,1.6919775741369799e-17,4.5085244642855403e-14,1.5308934675495323e-16,2.2098916196128789e-17,-3.0852986022861434e-17,-0.0010742587114176416,0.0010742587114166875,-9.540979117872439e-16,-0.0010742587114166899,-0.001074258711416691,1.0842021724855044e-18,-9.5171266700777579e-16,-3.4694469519536142e-18,3072,3072,1.0234375,2
545,13.625,1.6244717970940803e-17,4.1764982209649721e-14,1.4289784633358948e-16,2.1692811900245275e-17,6.0506034658040971e-17,-0.0011277744143658452,0.0011277744143675487,1.7034984534092246e-15,-0.001127774414367536,-0.0011277744143675422,6.2883726004159257e-18,1.6907048677738956e-15,6.5052130349130266e-18,1536,1536,1.01171875,2
546,13.65,1.6158033005178099e-17,4.0018252276260662e-14,1.4398204850607499e-16,2.1139561036499593e-17,3.3860523332467591e-17,-0.0011841418623177447,0.0011841418623164852,-1.259409243559162e-15,-0.0011841418623164967,-0.0011841418623164978,1.0842021724855044e-18,-1.2479167005308156e-15,-1.2576745200831851e-17,2560,2560,1.01953125,2
547,13.675000000000001,1.7713216483727976e-17,4.205951116944173e-14,1.7531549129090607e-16,2.3293490299131118e-17,-4.8074300386911148e-18,-0.001241072954712763,0.0012410729547125653,-1.9775847626135601e-16,-0.0012410729547125689,-0.0012410729547125655,-3.4694469519536142e-18,-1.9407218887490529e-16,-2.1684043449710089e-19,2560,2560,1.01953125,2
548,13.700000000000001,1.6819718923289229e-17,3.8202776958889267e-14,1.4625887306829455e-16,2.174466239862406e-17,-7.8995286846423378e-17,-0.0012984892297680517,0.0012984892297691411,1.0894063429134349e-15,-0.001298489229769163,-0.0012984892297691504,-1.2576745200831851e-17,1.111307226797642e-15,-9.3241386833753381e-18,3584,3584,1.02734375,2
549,13.725000000000001,1.5719720873921032e-17,3.4161777273953979e-14,1.3021268091550908e-16,2.0678898133691151e-17,4.4780719077827214e-17,-0.0013582929871418514,0.0013582929871415496,-3.0184188481996443e-16,-0.00135829298714157,-0.0013582929871415565,-1.3444106938820255e-17,-2.8145888397723695e-16,-6.9388939039072284e-18,512,512,1.00390625,2
550,13.75,1.5072475554163183e-17,3.126681426970218e-14,1.3791051634015616e-16,1.9944388219523664e-17,-3.1970467507011883e-17,-0.001419105826954592,0.0014191058269538565,-7.3552275381416621e-16,-0.0014191058269538617,-0.0014191058269538619,2.1684043449710089e-19,-7.3031858338623579e-16,-5.4210108624275222e-18,3072,3072,1.0234375,2
551,13.775,1.4865165818193706e-17,2.9423357422316696e-14,1.2614692276868844e-16,1.9728987731989607e-17,2.4950777368269848e-17,-0.0014803998022294707,0.0014803998022288566,-6.1409211049578971e-16,-0.001480399802228883,-0.0014803998022288759,-7.1557343384043293e-18,-5.876375774871434e-16,-1.9298798670241979e-17,3072,3072,1.0234375,2
552,13.800000000000001,1.7593467902011921e-17,3.3297614399623525e-14,1.3704315460216776e-16,2.338242424302678e-17,-4.6213482754342461e-17,-0.0015430437630268301,0.0015430437630271285,2.9837243786801082e-16,-0.0015430437630271285,-0.0015430437630271272,-1.3010426069826053e-18,2.9837243786801082e-16,1.3010426069826053e-18,2048,2048,1.015625,2
553,13.825000000000001,1.5150077239160697e-17,2.7426421295129324e-14,1.1943503369464537e-16,1.9890252324509971e-17,-2.4406815962304562e-17,-0.0016065612079394498,0.0016065612079404629,1.0130785099704553e-15,-0.0016065612079404791,-0.0016065612079404694,-9.7578195523695399e-18,1.0293415425577379e-15,-6.5052130349130266e-18,2560,2560,1.01953125,2
554,13.850000000000001,1.5170190168371811e-17,2.6254930975163441e-14,1.1991276027689679e-16,2.0365084653496862e-17,-8.0244816173097839e-17,-0.001670944154868792,0.0016709441548675499,-1.2420620087993939e-15,-0.0016709441548675506,-0.0016709441548675534,2.8189256484623115e-18,-1.2414114874959026e-15,-3.4694469519536142e-18,2048,2048,1.015625,2
555,13.875,1.6825621591576421e-17,2.7899066810089528e-14,1.6024508109335756e-16,2.2602369455754981e-17,5.2681736700302261e-17,-0.0017360737210410093,0.001736073721040482,-5.2735593669694936e-16,-0.0017360737210404761,-0.001736073721040483,6.9388939039072284e-18,-5.3321062842837108e-16,-1.0842021724855044e-18,2560,2560,1.01953125,2
556,13.9,1.4652190074358767e-17,2.3313401201560702e-14,1.5352302762394743e-16,1.9193998343987977e-17,-5.3126150252926059e-17,-0.0018015270357256696,0.0018015270357258015,1.3183898417423734e-16,-0.0018015270357258052,-0.0018015270357258095,4.3368086899420177e-18,1.3552527156068805e-16,-8.0230960763927328e-18,3072,3072,1.0234375,2
557,13.925000000000001,1.8540561853142568e-17,2.8312532241382513e-14,1.6024508109335756e-16,2.5260672032267229e-17,-1.0208143688402589e-16,-0.0018674379209340231,0.001867437920934259,2.3592239273284576e-16,-0.0018674379209342746,-0.001867437920934265,-9.540979117872439e-18,2.5153490401663703e-16,-6.0715321659188248e-18,2048,2048,1.015625,2
558,13.950000000000001,1.455635647488136e-17,2.1372194386060485e-14,1.4463256980956629e-16,1.9124752579831674e-17,1.0642789381370802e-16,-0.001934500282327889,0.0019345002823277779,-1.1102230246251565e-16,-0.0019345002823277779,-0.0019345002823277764,-1.5178830414797062e-18,-1.1102230246251565e-16,1.5178830414797062e-18,2560,2560,1.01953125,2
559,13.975000000000001,1.5089059173796354e-17,2.1338698889886057e-14,1.1579279202145187e-16,2.0218163547281578e-17,-3.9586054978000908e-17,-0.0020013297554370979,0.0020013297554369383,-1.5959455978986625e-16,-0.0020013297554369348,-0.0020013297554369448,9.9746599868666408e-18,-1.6306400674181987e-16,-6.5052130349130266e-18,3072,3072,1.0234375,2
560,14,1.3427942095405248e-17,1.8302396258834057e-14,1.3219134988029513e-16,1.7659257988472248e-17,-2.4518239868418912e-17,-0.0020674896608063875,0.0020674896608077961,1.4085954624931674e-15,-0.0020674896608077831,-0.0020674896608077992,1.6046192152785466e-17,1.3955850364233413e-15,-3.0357660829594124e-18,2560,2560,1.01953125,2
561,14.025,1.312560700366201e-17,1.7280602424921869e-14,1.0278236595162582e-16,1.7306675473852265e-17,2.972227405555627e-17,-0.0021352913611671909,0.0021352913611666288,-5.620504062164855e-16,-0.002135291361166677,-0.0021352913611666757,-1.3010426069826053e-18,-5.139118297581291e-16,-4.6837533851373792e-17,1536,1536,1.01171875,2
562,14.050000000000001,1.378722331633904e-17,1.7535709689634121e-14,1.043544591017298e-16,1.7869527752547625e-17,1.6049112811824282e-17,-0.0022025843294493086,0.0022025843294496625,3.5388358909926865e-16,-0.0022025843294497523,-0.002202584329449751,-1.3010426069826053e-18,4.4365552898106841e-16,-8.8470897274817162e-17,2048,2048,1.015625,2
563,14.075000000000001,1.3763094191791515e-17,1.6947991714500717e-14,1.1188966420050406e-16,1.7980438778641635e-17,5.5793192403487066e-17,-0.0022685870032805866,0.0022685870032795735,-1.0130785099704553e-15,-0.0022685870032796386,-0.0022685870032796373,-1.3010426069826053e-18,-9.4802637962132508e-16,-6.3751087742147661e-17,3584,3584,1.02734375,2
564,14.100000000000001,1.2608175410733362e-17,1.5040633887462704e-14,1.1080546202801855e-16,1.6498987356278178e-17,-4.8947699447273052e-17,-0.0023355170052745677,0.0023355170052743457,-2.2204460492503131e-16,-0.0023355170052744363,-0.0023355170052744216,-1.474514954580286e-17,-1.3140530330524314e-16,-7.589415207398531e-17,2560,2560,1.01953125,2
565,14.125,1.2708210595260077e-17,1.4715626867479728e-14,9.4108748571741785e-17,1.6841782065660845e-17,3.978316645500662e-17,-0.0024019559732337825,0.0024019559732333592,-4.2327252813834093e-16,-0.0024019559732333935,-0.0024019559732334069,1.3444106938820255e-17,-3.8901173948779899e-16,-4.7704895589362195e-17,1536,1536,1.01171875,2
566,14.15,1.2975711604513594e-17,1.459740291328768e-14,1.0321604682062002e-16,1.7221332309484637e-17,-8.9996826382277651e-17,-0.0024672618869914231,0.0024672618869932272,1.8041124150158794e-15,-0.0024672618869932142,-0.0024672618869932164,2.1684043449710089e-18,1.7911019889460533e-15,1.0842021724855044e-17,3584,3584,1.02734375,2
567,14.175000000000001,1.210832771789989e-17,1.3238287403026382e-14,1.1222847737940578e-16,1.5902252625550478e-17,-3.8536015933369801e-18,-0.0025324837881424145,0.0025324837881403675,-2.0469737016526324e-15,-0.0025324837881403957,-0.0025324837881404109,1.5178830414797062e-17,-2.0187844451680093e-15,-4.3368086899420177e-17,2560,2560,1.01953125,2
568,14.200000000000001,1.6000269168351374e-17,1.7038119753049826e-14,1.0603497246908233e-16,2.2133755373012426e-17,-1.4481641650720239e-16,-0.0025960921126042535,0.0025960921126061826,1.9290125052862095e-15,-0.0025960921126062125,-0.0025960921126062068,-5.6378512969246231e-18,1.9589364852468094e-15,-2.4286128663675299e-17,1024,1024,1.0078125,2
569,14.225000000000001,1.143828552069649e-17,1.1880753965835774e-14,8.7169854667834556e-17,1.5186801941435539e-17,1.5285506427022855e-17,-0.0026601009909086315,0.002660100990908007,-6.2450045135165055e-16,-0.0026601009909080911,-0.0026601009909080963,5.2041704279304213e-18,-5.4036636276677541e-16,-8.9338259012805565e-17,2560,2560,1.01953125,2
570,14.25,1.2543665119584407e-17,1.2700264181696474e-14,8.7603535536828758e-17,1.7294709967018387e-17,7.6537140145615432e-17,-0.0027227312031978812,0.0027227312031982698,3.8857805861880479e-16,-0.0027227312031982975,-0.0027227312031983062,8.6736173798840355e-18,4.163336342344337e-16,-3.6429192995512949e-17,3584,3584,1.02734375,2
571,14.275,1.0751170646940677e-17,1.0630465544741102e-14,8.9826149990424042e-17,1.4430861564436173e-17,-1.1757122701845426e-17,-0.0027823562958353421,0.002782356295834551,-7.9103390504542404e-16,-0.00278235629583461,-0.002782356295834607,-3.0357660829594124e-18,-7.3205330686221259e-16,-5.5944832100252029e-17,2048,2048,1.015625,2
572,14.300000000000001,1.0169288380840837e-17,9.8405007325761992e-15,8.2182524674401236e-17,1.3548759422695635e-17,1.5284185893090533e-17,-0.0028433772755018794,0.0028433772755026704,7.9103390504542404e-16,-0.0028433772755027484,-0.0028433772755027467,-1.7347234759768071e-18,8.6909646146438035e-16,-7.6327832942979512e-17,1536,1536,1.01171875,2
573,14.325000000000001,1.0563347352046303e-17,9.9981208355473794e-15,9.1940344226770776e-17,1.4228768328850692e-17,-8.8512902946632882e-18,-0.0029028710240179834,0.0029028710240170397,-9.4368957093138306e-16,-0.0029028710240171069,-0.0029028710240171238,1.6913553890773869e-17,-8.7646903623728178e-16,-8.4134088584875144e-17,4096,4096,1.03125,2
574,14.350000000000001,1.0364244595306948e-17,9.6064124289306661e-15,8.1694633696782759e-17,1.3993479563032808e-17,-5.5844013144881159e-17,-0.0029578132778649291,0.0029578132778654564,5.2735593669694936e-16,-0.0029578132778654651,-0.0029578132778654625,-2.6020852139652106e-18,5.3602955407683339e-16,-6.0715321659188248e-18,2048,2048,1.015625,2
575,14.375,9.2160545326370304e-18,8.3771212218417383e-15,7.7412035115465017e-17,1.2327397266195058e-17,2.9436718317806933e-17,-0.0030142139890418918,0.0030142139890416003,-2.9143354396410359e-16,-0.0030142139890415899,-0.0030142139890415769,-1.3010426069826053e-17,-3.0184188481996443e-16,2.3418766925686896e-17,2048,2048,1.015625,2
576,14.4,8.6369857235534828e-18,7.7083427321662622e-15,7.2858385991025898e-17,1.1548086185379778e-17,-3.2734918491196825e-17,-0.0030693882314327681,0.0030693882314324072,-3.6082248300317588e-16,-0.0030693882314324489,-0.0030693882314324589,9.9746599868666408e-18,-3.1918911957973251e-16,-5.1608023410310011e-17,2560,2560,1.01953125,2
577,14.425000000000001,8.0972209890178537e-18,7.0926948751248944e-15,7.3075226425522999e-17,1.0692740232912448e-17,-7.9287627444621793e-18,-0.003119598556599712,0.0031195985565993928,-3.1918911957973251e-16,-0.00311959855659946,-0.0031195985565994669,6.9388939039072284e-18,-2.5196858488563123e-16,-7.4159428598008503e-17,2048,2048,1.015625,2
578,14.450000000000001,8.083571156372943e-18,6.960438906086077e-15,6.6353172956112871e-17,1.089637820567365e-17,4.5566728761485985e-17,-0.0031694901725405344,0.0031694901725412838,7.4940054162198066e-16,-0.0031694901725413845,-0.0031694901725414009,1.6479873021779667e-17,8.5001450322863548e-16,-1.1709383462843448e-16,3584,3584,1.02734375,2
579,14.475000000000001,7.3697854458294709e-18,6.2454449465797214e-15,6.3317406873153459e-17,9.5325925210498729e-18,-1.4100182156948066e-17,-0.003219449711261646,0.0032194497112601611,-1.4849232954361469e-15,-0.0032194497112602179,-0.003219449711260191,-2.688821387764051e-17,-1.4281111015979064e-15,-2.9923979960599922e-17,1536,1536,1.01171875,2
580,14.5,8.0450850712126325e-18,6.7132714407819221e-15,6.4184768611141862e-17,1.0964480231074387e-17,-5.5022715771025354e-17,-0.0032643256133368936,0.0032643256133376569,7.6327832942979512e-16,-0.0032643256133377202,-0.0032643256133377259,5.6378512969246231e-18,8.2659573630294858e-16,-6.8955258170078082e-17,2560,2560,1.01953125,2
581,14.525,7.3039296841827037e-18,6.003444632193178e-15,6.0715321659188248e-17,9.8988472035155381e-18,1.9650305706577225e-17,-0.0033068176743391575,0.0033068176743389077,-2.4980018054066022e-16,-0.0033068176743390053,-0.0033068176743389975,-7.8062556418956319e-18,-1.5222198501696482e-16,-8.9771939881799767e-17,3584,3584,1.02734375,2
582,14.550000000000001,6.326320996425909e-18,5.1287275045797151e-15,5.4210108624275222e-17,8.3852869303688516e-18,5.7824356215644393e-17,-0.0033502902293101045,0.0033502902293101738,6.9388939039072284e-17,-0.0033502902293102679,-0.0033502902293102606,-7.3725747729014302e-18,1.6349768761081407e-16,-8.6736173798840355e-17,2048,2048,1.015625,2
583,14.575000000000001,5.9368727784598522e-18,4.7507406604557836e-15,4.401860820291148e-17,7.8770785163626484e-18,-2.9507592352293665e-17,-0.0033891292574086407,0.0033891292574091125,4.7184478546569153e-16,-0.0033891292574090739,-0.003389129257409083,9.1072982488782372e-18,4.3324718812520757e-16,2.9490299091605721e-17,1536,1536,1.01171875,2
584,14.600000000000001,5.6182629275514558e-18,4.4401914451081534e-15,4.7054374285870892e-17,7.3715680423971664e-18,1.854088448109204e-19,-0.0034240001573007106,0.0034240001573001277,-5.8286708792820718e-16,-0.0034240001573001412,-0.0034240001573001395,-1.7347234759768071e-18,-5.6942298098938693e-16,-1.1709383462843448e-17,3584,3584,1.02734375,2
585,14.625,5.3212839896077926e-18,4.1556567312709282e-15,3.9898639947466563e-17,7.0896460195813707e-18,7.1149224298947106e-18,-0.003459465307331655,0.0034594653073317938,1.3877787807814457e-16,-0.0034594653073319391,-0.0034594653073319486,9.540979117872439e-18,2.8406096919120216e-16,-1.5482407023093003e-16,2048,2048,1.015625,2
586,14.65,5.0561867037889596e-18,3.9060024751461541e-15,3.7730235602495554e-17,6.8987734857739972e-18,-3.7967119190447456e-17,-0.0034917908551914678,0.0034917908551912458,-2.2204460492503131e-16,-0.0034917908551913008,-0.0034917908551913113,1.0408340855860843e-17,-1.6696713456276768e-16,-6.5485811218124468e-17,2560,2560,1.01953125,2
587,14.675000000000001,3.8276840264687233e-18,2.9270507447195394e-15,2.9923979960599922e-17,5.1371175906638317e-18,-1.0676926100871518e-17,-0.0035185902591390317,0.0035185902591400309,9.9920072216264089e-16,-0.0035185902591398774,-0.0035185902591398717,-5.6378512969246231e-18,8.4567769453869346e-16,1.5916087892087205e-16,2048,2048,1.015625,2
588,14.700000000000001,3.5708072350129935e-18,2.7044187796821767e-15,2.7755575615628914e-17,4.8068417428642722e-18,-6.2239190921118486e-18,-0.0035454409329904735,0.0035454409329898073,-6.6613381477509392e-16,-0.0035454409329900532,-0.0035454409329900433,-9.9746599868666408e-18,-4.2023676205538152e-16,-2.3592239273284576e-16,2560,2560,1.01953125,2
589,14.725000000000001,3.1127661106740655e-18,2.3363924350787611e-15,2.5587171270657905e-17,4.168622243593464e-18,2.2196796720985058e-17,-0.0035701312652438588,0.0035701312652424988,-1.3600232051658168e-15,-0.0035701312652427412,-0.0035701312652427529,1.1709383462843448e-17,-1.117595599398058e-15,-2.5413698923060224e-16,2048,2048,1.015625,2
590,14.75,2.9054370553289132e-18,2.1632707126201388e-15,2.211772431870429e-17,3.9041811336759151e-18,-4.878386330251096e-18,-0.0035889827598420965,0.0035889827598425683,4.7184478546569153e-16,-0.0035889827598426008,-0.0035889827598425618,-3.903127820947816e-17,5.0437085064025666e-16,6.5052130349130266e-18,2560,2560,1.01953125,2
591,14.775,2.2979105285423509e-18,1.6981381852357003e-15,1.8106176280507924e-17,3.1480917946960438e-18,8.9939087277161303e-18,-0.0036067094889222773,0.0036067094889219997,-2.7755575615628914e-16,-0.0036067094889220361,-0.0036067094889220509,1.474514954580286e-17,-2.4112656316077619e-16,-5.1174342541315809e-17,2560,2560,1.01953125,2
592,14.800000000000001,1.6945738850154058e-18,1.2435999194065146e-15,1.474514954580286e-17,2.1985913708479475e-18,1.3048086354943696e-18,-0.0036228020712218978,0.0036228020712231468,1.2490009027033011e-15,-0.0036228020712231906,-0.0036228020712231876,-3.0357660829594124e-18,1.2928026704717155e-15,-4.0766001685454967e-17,3072,3072,1.0234375,2
593,14.825000000000001,1.2966920301644383e-18,9.4576600804405401e-16,1.1709383462843448e-17,1.6926144817236719e-18,9.8293598702898714e-18,-0.0036333472028768909,0.0036333472028758362,-1.0547118733938987e-15,-0.0036333472028759165,-0.0036333472028759139,-2.6020852139652106e-18,-9.7448091262997139e-16,-7.7628875549962117e-17,2048,2048,1.015625,2
594,14.850000000000001,8.7471535354479362e-19,6.3445918633876165e-16,7.8062556418956319e-18,1.1204989870113093e-18,-4.4673251091306827e-19,-0.0036423510733349929,0.0036423510733351594,1.6653345369377348e-16,-0.003642351073335074,-0.0036423510733350874,1.3444106938820255e-17,8.1098322501915732e-17,7.1991024253037494e-17,2560,2560,1.01953125,2
595,14.875,7.7992955932758152e-19,5.6295528988643858e-16,6.0715321659188248e-18,1.0296432585990283e-18,2.8893171787130872e-18,-0.0036491637359805651,0.0036491637359803986,-1.6653345369377348e-16,-0.0036491637359803404,-0.0036491637359803322,-8.2399365108898337e-18,-2.2464669013899652e-16,6.6353172956112871e-17,3072,3072,1.0234375,2
596,14.9,8.6634095267206156e-19,6.2267147213618213e-16,8.565197162635485e-18,1.055028649654108e-18,-2.8233883656353286e-18,-0.0036510136764853485,0.0036510136764864587,1.1102230246251565e-15,-0.0036510136764867176,-0.0036510136764866963,-2.1250362580715887e-17,1.369130503414695e-15,-2.3765711620882257e-16,1024,1024,1.0078125,2
597,14.925000000000001,1.1799843242815769e-18,8.4503553417850948e-16,1.1844908734404136e-17,1.4429027055552161e-18,7.3216090093699233e-18,-0.0036515939170200795,0.0036515939170177758,-2.3037127760971998e-15,-0.0036515939170180794,-0.0036515939170180438,-3.5561831257524545e-17,-2.0001361678012586e-15,-2.680147770384167e-16,3584,3584,1.02734375,2
598,14.950000000000001,1.7655847301249278e-18,1.2606797372794385e-15,1.9081958235744878e-17,2.3241496847140412e-18,1.2855978193558834e-17,-0.0036490250044938222,0.0036490250044957928,1.9706458687096529e-15,-0.00364902500449589,-0.0036490250044958639,-2.6020852139652106e-17,2.0677903833643541e-15,-7.1123662515049091e-17,2048,2048,1.015625,2
599,14.975000000000001,1.9256125220925797e-18,1.3717082165972125e-15,2.3635607360183997e-17,2.4098315599535163e-18,-7.8988534326200499e-19,-0.0036417404634523365,0.0036417404634519479,-3.8857805861880479e-16,-0.0036417404634522584,-0.0036417404634522289,-2.9490299091605721e-17,-7.8062556418956319e-17,-2.8102520310824275e-16,2048,2048,1.015625,2
600,15,2.4630027599545007e-18,1.7516104592303755e-15,2.7972416050126014e-17,3.1958363543066367e-18,-7.1181255495509228e-19,-0.0036344548000126764,0.0036344548000123711,-3.0531133177191805e-16,-0.0036344548000124492,-0.0036344548000124361,-1.3010426069826053e-17,-2.2724877535296173e-16,-6.5052130349130266e-17,3072,3072,1.0234375,2
601,15.025,3.0927896928950052e-18,2.1972294002189339e-15,3.2309224740068032e-17,3.9048406018036867e-18,1.1461391770014392e-17,-0.0036220332672805,0.0036220332672803057,-1.9428902930940239e-16,-0.0036220332672803001,-0.0036220332672803062,6.0715321659188248e-18,-1.9992688060632702e-16,-4.3368086899420177e-19,2560,2560,1.01953125,2
602,15.050000000000001,3.4977957563140528e-18,2.483497803932716e-15,3.9464959078472361e-17,4.4094764421313182e-18,-1.1079722881666392e-17,-0.0036066488276400577,0.0036066488276401132,5.5511151231257827e-17,-0.0036066488276400989,-0.0036066488276401032,4.3368086899420177e-18,4.1199682554449168e-17,9.9746599868666408e-18,2048,2048,1.015625,2
603,15.075000000000001,4.1701966577374077e-18,2.9620979150245688e-15,4.0982842119952068e-17,5.2051182735148328e-18,1.0341766045661709e-18,-0.0035908630577861089,0.0035908630577861922,8.3266726846886741e-17,-0.0035908630577861189,-0.0035908630577861267,7.8062556418956319e-18,9.9746599868666408e-18,6.5485811218124468e-17,2560,2560,1.01953125,2
604,15.100000000000001,5.066575102128889e-18,3.6019847800726945e-15,4.640385298237959e-17,6.76949861064161e-18,2.7329783996621404e-17,-0.0035692537375595634,0.0035692537375598687,3.0531133177191805e-16,-0.003569253737559916,-0.0035692537375599078,-8.2399365108898337e-18,3.5258254649228604e-16,-3.903127820947816e-17,2560,2560,1.01953125,2
605,15.125,5.677009991358778e-18,4.0410553365791586e-15,5.0523821237824507e-17,7.5821407225977998e-18,1.2348159933499765e-17,-0.0035464224717607351,0.0035464224717601522,-5.8286708792820718e-16,-0.0035464224717602902,-0.0035464224717603006,1.0408340855860843e-17,-4.4495657158805102e-16,-1.4831885719601701e-16,2560,2560,1.01953125,2
606,15.15,5.7421152998633435e-18,4.0966788881071396e-15,4.6837533851373792e-17,7.7579683976810372e-18,1.5444152158788649e-17,-0.0035220533926967335,0.0035220533926964559,-2.7755575615628914e-16,-0.0035220533926966029,-0.0035220533926966337,3.0791341698588326e-17,-1.3053794156725473e-16,-1.7780915628762273e-16,3072,3072,1.0234375,2
607,15.175000000000001,6.5231654251695358e-18,4.6670167516121071e-15,6.4835289914633165e-17,8.8004902323774953e-18,4.2495952719215437e-18,-0.0034921278424864255,0.0034921278424857871,-6.3837823915946501e-16,-0.0034921278424858942,-0.0034921278424858916,-2.6020852139652106e-18,-5.3125906451789717e-16,-1.0451708942760263e-16,1536,1536,1.01171875,2
608,15.200000000000001,6.426908608698774e-18,4.6134834204942801e-15,5.8980598183211441e-17,8.4519572547632737e-18,2.4949212877080949e-17,-0.0034620611342965901,0.0034620611342965069,-8.3266726846886741e-17,-0.0034620611342968738,-0.0034620611342968568,-1.6913553890773869e-17,2.8362728832220796e-16,-3.4998046127832083e-16,2560,2560,1.01953125,2
609,15.225000000000001,6.9469631112420183e-18,5.0073014378741852e-15,6.1365842962679551e-17,9.2059105597543538e-18,1.7860695942647875e-17,-0.0034301862882468726,0.0034301862882466505,-2.2204460492503131e-16,-0.0034301862882466609,-0.0034301862882466735,1.2576745200831851e-17,-2.1163626406917047e-16,-2.2985086056692694e-17,2560,2560,1.01953125,2
610,15.25,8.1487712065980146e-18,5.9015568136012819e-15,8.6085652495349052e-17,1.0810816995406032e-17,1.7362983935692232e-17,-0.0033927060807563691,0.0033927060807572018,8.3266726846886741e-16,-0.0033927060807573341,-0.0033927060807573319,-2.1684043449710089e-18,9.6493993351209895e-16,-1.3010426069826053e-16,1536,1536,1.01171875,2
611,15.275,7.6887669511777585e-18,5.5983737869339387e-15,7.5568891422239659e-17,1.0021252964046132e-17,2.7776288732310146e-18,-0.0033554156143544844,0.0033554156143537905,-6.9388939039072284e-16,-0.0033554156143534774,-0.003355415614353477,-4.3368086899420177e-19,-1.0070069778045365e-15,3.1355126828280788e-16,2560,2560,1.01953125,2
612,15.300000000000001,8.2087463917721616e-18,6.0139513079927896e-15,6.852157730108388e-17,1.1098273153787842e-17,-3.1301722412895633e-17,-0.00331706792321107,0.0033170679232120415,9.7144514654701197e-16,-0.0033170679232121109,-0.0033170679232121057,-5.2041704279304213e-18,1.0408340855860843e-15,-6.4184768611141862e-17,3584,3584,1.02734375,2
613,15.325000000000001,8.7043286297618041e-18,6.4189356503171908e-15,9.0639301619788171e-17,1.1352967712485539e-17,7.2032626586281363e-17,-0.0032736052712287744,0.0032736052712284691,-3.0531133177191805e-16,-0.0032736052712287163,-0.0032736052712287172,8.6736173798840355e-19,-5.8113236445223038e-17,-2.4806545706468341e-16,1536,1536,1.01171875,2
614,15.350000000000001,1.0078012996698107e-17,7.4881067995762349e-15,8.7820375971325859e-17,1.3331444758444774e-17,-1.8445393530236199e-17,-0.0032292932217146131,0.0032292932217141967,-4.163336342344337e-16,-0.0032292932217142306,-0.0032292932217142141,-1.6479873021779667e-17,-3.8250652645288596e-16,-1.7347234759768071e-17,2560,2560,1.01953125,2
615,15.375,1.0778363694577707e-17,8.0741767538086374e-15,8.304988641238964e-17,1.4722979047128431e-17,4.5768687909530549e-17,-0.0031851378091047877,0.00318513780910476,-2.7755575615628914e-17,-0.0031851378091046554,-0.0031851378091046663,1.0842021724855044e-17,-1.3227266504323154e-16,9.3675067702747583e-17,3072,3072,1.0234375,2
616,15.4,1.0445205932609379e-17,7.8928746315997168e-15,9.7405400802455522e-17,1.369842777990214e-17,-3.0699709964694858e-17,-0.003137675414082608,0.0031376754140834684,8.6042284408449632e-16,-0.0031376754140834888,-0.00313767541408351,2.1250362580715887e-17,8.808058449272238e-16,-4.163336342344337e-17,1024,1024,1.0078125,2
617,15.425000000000001,1.106456945794575e-17,8.4416229511420319e-15,9.9922782721695302e-17,1.4660269880661197e-17,-4.3939424096349101e-17,-0.0030869650579674612,0.0030869650579663233,-1.1379786002407855e-15,-0.0030869650579662062,-0.0030869650579662122,6.0715321659188248e-18,-1.2550724348692199e-15,1.1102230246251565e-16,4096,4096,1.03125,2
618,15.450000000000001,1.2469193597215986e-17,9.6117157061877191e-15,9.9312918999672206e-17,1.6335222293701294e-17,2.7477035366000534e-17,-0.0030375442921890539,0.0030375442921902196,1.1657341758564144e-15,-0.0030375442921901034,-0.0030375442921901225,1.9081958235744878e-17,1.0495077029659683e-15,9.7144514654701197e-17,1536,1536,1.01171875,2
619,15.475000000000001,1.2191648735671709e-17,9.5011618143220518e-15,1.1709383462843448e-16,1.5905705490684776e-17,-4.5293590347833954e-17,-0.0029879350002541827,0.0029879350002534055,-7.7715611723760958e-16,-0.0029879350002533392,-0.0029879350002533301,-9.1072982488782372e-18,-8.4350929019372245e-16,7.5460471204991109e-17,2048,2048,1.015625,2
620,15.5,1.1964523385346668e-17,9.434588686106818e-15,1.161722627818218e-16,1.5826432625371646e-17,-6.9369271806972976e-17,-0.0029321622225175759,0.0029321622225166599,-9.1593399531575415e-16,-0.0029321622225167115,-0.0029321622225167033,-8.2399365108898337e-18,-8.6432597190544413e-16,-4.3368086899420177e-17,3584,3584,1.02734375,2
621,15.525,1.3504959410347951e-17,1.0783585294968909e-14,1.227316859253591e-16,1.7380960309209142e-17,1.3735132597780231e-17,-0.0028782313187782904,0.0028782313187787623,4.7184478546569153e-16,-0.0028782313187787332,-0.0028782313187787666,3.3393426912553537e-17,4.4278816724308001e-16,-4.3368086899420177e-18,1536,1536,1.01171875,2
622,15.550000000000001,1.4713668528906544e-17,1.1902812293526516e-14,1.2424956896683881e-16,1.986691169161738e-17,3.8642864675127812e-18,-0.0028274989756482682,0.0028274989756485458,2.7755575615628914e-16,-0.0028274989756486082,-0.0028274989756486065,-1.7347234759768071e-18,3.4000580129145419e-16,-6.0715321659188248e-17,2048,2048,1.015625,2
623,15.575000000000001,1.6326193206495473e-17,1.3399493670006057e-14,1.3465790982269965e-16,2.2888697829304168e-17,-4.4689329822069923e-19,-0.0027690773469313257,0.0027690773469310204,-3.0531133177191805e-16,-0.0027690773469309544,-0.0027690773469309362,-1.8214596497756474e-17,-3.7123082385903672e-16,8.4134088584875144e-17,3072,3072,1.0234375,2
624,15.600000000000001,1.5047382362989016e-17,1.253335961662929e-14,1.7650811368064012e-16,2.028062928031065e-17,2.2885570477299502e-17,-0.0027109587900717713,0.002710958790072715,9.4368957093138306e-16,-0.0027109587900726456,-0.0027109587900726382,-7.3725747729014302e-18,8.7430063189231078e-16,7.6761513811973714e-17,2048,2048,1.015625,2
625,15.625,1.4921738242276979e-17,1.2623899173323275e-14,1.5005358067199381e-16,1.9722520232962254e-17,-1.3601112331706678e-16,-0.0026605715941858676,0.0026605715941848129,-1.0547118733938987e-15,-0.0026605715941846516,-0.0026605715941846299,-2.1684043449710089e-17,-1.2160411566597418e-15,1.8301332671555315e-16,2560,2560,1.01953125,2
626,15.65,1.4823350315983031e-17,1.2751480516073367e-14,1.1882855810441129e-16,1.9511463458232821e-17,-8.3317272070753814e-17,-0.0026007613229168669,0.0026007613229165893,-2.7755575615628914e-16,-0.0026007613229166015,-0.0026007613229166171,1.5612511283791264e-17,-2.6541269182445149e-16,-2.7755575615628914e-17,2048,2048,1.015625,2
627,15.675000000000001,1.6886045819792162e-17,1.4780417571272348e-14,1.3725999503666486e-16,2.3256497211787052e-17,1.8995963037435608e-17,-0.0025410654958228918,0.0025410654958230028,1.1102230246251565e-16,-0.0025410654958228393,-0.0025410654958228601,2.0816681711721685e-17,-5.2475385148298415e-17,1.4268100589909238e-16,3072,3072,1.0234375,2
628,15.700000000000001,1.4860328183177613e-17,1.3246117410749573e-14,1.345494896054511e-16,1.957600162766316e-17,5.6568392681754952e-17,-0.0024907995691343388,0.0024907995691358931,1.5543122344752192e-15,-0.0024907995691358688,-0.0024907995691358844,1.5612511283791264e-17,1.5300261058115439e-15,8.6736173798840355e-18,2560,2560,1.01953125,2
629,15.725000000000001,1.4411845478670031e-17,1.3097682188134855e-14,1.2625534298593699e-16,1.8943331166134087e-17,1.437864349972917e-18,-0.0024317778010303215,0.0024317778010304325,1.1102230246251565e-16,-0.0024317778010304793,-0.0024317778010304481,-3.1225022567582528e-17,1.5785983631388945e-16,-1.5612511283791264e-17,1024,1024,1.0078125,2
630,15.75,1.4872780907782159e-17,1.3783749983448727e-14,1.5222198501696482e-16,1.9681970362688264e-17,-7.5602067022346986e-17,-0.0023732365557673774,0.0023732365557667667,-6.106226635438361e-16,-0.0023732365557666206,-0.0023732365557666661,4.5536491244391186e-17,-7.5677311639488209e-16,1.0061396160665481e-16,2560,2560,1.01953125,2
631,15.775,1.7287842075627712e-17,1.6374519704225752e-14,1.474514954580286e-16,2.3116908014801588e-17,-8.3833781602348836e-17,-0.002322451630339728,0.0023224516303402276,4.9960036108132044e-16,-0.00232245163034015,-0.00232245163034016,9.9746599868666408e-18,4.2197148553135833e-16,6.7654215563095477e-17,4096,4096,1.03125,2
632,15.800000000000001,1.6141112006405309e-17,1.5626503393455613e-14,1.4137996329210978e-16,2.0495937698765121e-17,3.5928690040621462e-17,-0.0022666086938745167,0.0022666086938743502,-1.6653345369377348e-16,-0.0022666086938744651,-0.002266608693874446,-1.9081958235744878e-17,-5.1608023410310011e-17,-9.5843472047718592e-17,1536,1536,1.01171875,2
633,15.825000000000001,1.7039107524147105e-17,1.6861320425618011e-14,1.5634195327240974e-16,2.2775956057028535e-17,2.8415088055989744e-17,-0.002211423956019587,0.0022114239560185323,-1.0547118733938987e-15,-0.0022114239560187291,-0.0022114239560187304,1.3010426069826053e-18,-8.5782075887053111e-16,-1.9819215713035021e-16,2560,2560,1.01953125,2
634,15.850000000000001,1.6475290290763735e-17,1.6719486274378519e-14,1.4354836763708079e-16,2.158316840565538e-17,-1.342391896427362e-16,-0.002160783301532021,0.0021607833015326317,6.106226635438361e-16,-0.0021607833015326685,-0.0021607833015326607,-7.8062556418956319e-18,6.4748553740834325e-16,-2.9056618222611519e-17,3072,3072,1.0234375,2
635,15.875,1.7616485720601712e-17,1.8327285954198785e-14,1.476683358925257e-16,2.3705263360687686e-17,6.8687131032910791e-17,-0.0021092898172465624,0.0021092898172459518,-6.106226635438361e-16,-0.0021092898172460303,-0.002109289817246009,-2.1250362580715887e-17,-5.3212642625588558e-16,-5.7245874707234634e-17,1024,1024,1.0078125,2
636,15.9,1.6738227744973116e-17,1.7861383272457426e-14,1.6675029412827058e-16,2.1722977316028705e-17,4.9605893832113487e-17,-0.0020598838869023695,0.0020598838869029801,6.106226635438361e-16,-0.0020598838869030291,-0.0020598838869029922,-3.6862873864507151e-17,6.596286017401809e-16,-1.214306433183765e-17,2560,2560,1.01953125,2
637,15.925000000000001,2.5621547030939574e-17,2.8085973602477521e-14,1.7423128911842056e-16,3.6741177088234395e-17,-2.0775080774958415e-17,-0.0020107107167053329,0.0020107107167052218,-1.1102230246251565e-16,-0.0020107107167052578,-0.0020107107167052461,-1.1709383462843448e-17,-7.5026790335996907e-17,-2.4286128663675299e-17,2560,2560,1.01953125,2
638,15.950000000000001,2.12938110050783e-17,2.4030980300144232e-14,1.8474805019152996e-16,2.9303584355297951e-17,8.4738867510098447e-17,-0.00196473482473003,0.001964734824729808,-2.2204460492503131e-16,-0.0019647348247296866,-0.0019647348247296796,-6.9388939039072284e-18,-3.434752482434078e-16,1.2836953722228372e-16,2560,2560,1.01953125,2
639,15.975000000000001,1.914300211308794e-17,2.2222270758909394e-14,1.6783449630075609e-16,2.5654189392188163e-17,1.7968540540252451e-17,-0.0019216785796078995,0.0019216785796086766,7.7715611723760958e-16,-0.0019216785796086935,-0.0019216785796086751,-1.8431436932253575e-17,7.9406967112838345e-16,1.5178830414797062e-18,2560,2560,1.01953125,2
640,16,1.949598100017648e-17,2.3341831979910817e-14,1.9797531669585311e-16,2.5722771201731224e-17,-2.8571556574646158e-17,-0.0018773168696633036,0.0018773168696632481,-5.5511151231257827e-17,-0.0018773168696631422,-0.0018773168696631418,-4.3368086899420177e-19,-1.6132928326584306e-16,1.0625181290357943e-16,2048,2048,1.015625,2
641,16.025000000000002,1.9832783766355131e-17,2.4459979502721044e-14,1.6089560239684886e-16,2.6077664894525597e-17,2.9579207528072299e-17,-0.001837723920040446,0.001837723920040002,-4.4408920985006262e-16,-0.0018377239200398699,-0.0018377239200398853,1.5395670849294163e-17,-5.7614503445879706e-16,1.1666015375944028e-16,3072,3072,1.0234375,2
642,16.050000000000001,2.0468395713235385e-17,2.6120423685324432e-14,1.8062808193608504e-16,2.7422714492373001e-17,1.1456681674412318e-17,-0.001801183852741417,0.0018011838527415835,1.6653345369377348e-16,-0.0018011838527415603,-0.0018011838527415603,0,1.4333152720258369e-16,2.3201926491189795e-17,2048,2048,1.015625,2
643,16.074999999999999,2.0742333776996513e-17,2.7343182519924933e-14,2.0903417885520525e-16,2.7140724427186552e-17,8.341055882829545e-17,-0.0017643262174047436,0.0017643262174052432,4.9960036108132044e-16,-0.0017643262174051667,-0.0017643262174051621,-4.5536491244391186e-18,4.2305568770384383e-16,8.1098322501915732e-17,2560,2560,1.01953125,2
644,16.100000000000001,2.0293406912982986e-17,2.7655757154924989e-14,1.8626593323300966e-16,2.6781157713533802e-17,1.0816809057914087e-16,-0.0017325431824808391,0.0017325431824808391,0,-0.0017325431824806879,-0.0017325431824807261,3.8163916471489756e-17,-1.5113778284447932e-16,1.1297386637298956e-16,1024,1024,1.0078125,2
645,16.125,2.1564856637422856e-17,3.0432435648168408e-14,1.8648277366750676e-16,2.8536148070945742e-17,-2.0351363468168534e-17,-0.0017030836896623214,0.0017030836896619328,-3.8857805861880479e-16,-0.00170308368966193,-0.0017030836896619237,-6.2883726004159257e-18,-3.913969842672671e-16,9.1072982488782372e-18,4096,4096,1.03125,2
646,16.150000000000002,2.0342945931695707e-17,2.9765071384196516e-14,1.7889335846010823e-16,2.7915335246728791e-17,1.584165610166757e-16,-0.0016757175896007226,0.0016757175896001675,-5.5511151231257827e-16,-0.0016757175896000547,-0.0016757175896000714,1.6696713456276768e-17,-6.6786853825107073e-16,9.6060312482215693e-17,1536,1536,1.01171875,2
647,16.175000000000001,1.9815430858308754e-17,3.0047118673965444e-14,1.6653345369377348e-16,2.6278861560031125e-17,-1.0941365323764478e-16,-0.001652064159619826,0.0016520641596203256,4.9960036108132044e-16,-0.0016520641596202588,-0.0016520641596202816,2.2768245622195593e-17,4.3281350725621337e-16,4.401860820291148e-17,2048,2048,1.015625,2
648,16.199999999999999,2.4251037815893166e-17,3.8080617903333271e-14,1.958069123508821e-16,3.3579834635607079e-17,-3.0851225064692627e-17,-0.0016319658759194056,0.0016319658759205713,1.1657341758564144e-15,-0.0016319658759205362,-0.0016319658759205013,-3.4911309954033243e-17,1.130606025467884e-15,7.0039460342563586e-17,3072,3072,1.0234375,2
649,16.225000000000001,2.3209916419398775e-17,3.7806291330642659e-14,1.8930169931596907e-16,3.1471899477853903e-17,1.1989902563486812e-18,-0.0016159644294866382,0.0016159644294866382,0,-0.001615964429486646,-0.0016159644294866358,-1.0191500421363742e-17,7.8062556418956319e-18,2.3852447794681098e-18,2048,2048,1.015625,2
650,16.25,2.1480215076626819e-17,3.6264818954157726e-14,1.9862583799934441e-16,2.7855056659715743e-17,1.0045260137918323e-16,-0.0015993787241832536,0.0015993787241834756,2.2204460492503131e-16,-0.001599378724183499,-0.0015993787241834721,-2.688821387764051e-17,2.454633718507182e-16,3.4694469519536142e-18,1536,1536,1.01171875,2
651,16.275000000000002,2.603755275129733e-17,4.550303058515079e-14,2.2724877535296173e-16,3.5866329675895116e-17,-3.5501283467318789e-17,-0.0015915549132472506,0.0015915549132456963,-1.5543122344752192e-15,-0.0015915549132456566,-0.0015915549132456477,-8.8904578143811364e-18,-1.5939940339881886e-15,4.8572257327350599e-17,3072,3072,1.0234375,2
652,16.300000000000001,2.1991813957637624e-17,3.9717499142097183e-14,1.7412286890117201e-16,2.8926491874898433e-17,9.9523153729219739e-17,-0.0015871750665699125,0.0015871750665710782,1.1657341758564144e-15,-0.0015871750665710524,-0.0015871750665710231,-2.927345865710862e-17,1.1399301641512594e-15,5.5077470362263625e-17,2048,2048,1.015625,2
653,16.324999999999999,2.3596611113595082e-17,4.3996471890225903e-14,1.9125326322644298e-16,3.2556856342788437e-17,-6.4382556143548502e-17,-0.0015798191823446217,0.001579819182343789,-8.3266726846886741e-16,-0.0015798191823437743,-0.001579819182343776,1.7347234759768071e-18,-8.4741241801467027e-16,1.3010426069826053e-17,2560,2560,1.01953125,2
654,16.350000000000001,2.8022175903917507e-17,5.3697984853885205e-14,2.1749095580059219e-16,3.9126476726579223e-17,-1.1941479039196881e-16,-0.0015844959854334206,0.0015844959854331986,-2.2204460492503131e-16,-0.0015844959854331242,-0.0015844959854330967,-2.7538735181131813e-17,-2.9642087395753691e-16,1.0191500421363742e-16,3072,3072,1.0234375,2
655,16.375,2.3717531073404757e-17,4.668799054078498e-14,1.9754163582685891e-16,3.1807153873728827e-17,-4.3165458027934849e-17,-0.0015921055639012138,0.0015921055639016579,4.4408920985006262e-16,-0.001592105563901595,-0.0015921055639016065,1.1492543028346347e-17,3.8120548384590336e-16,5.139118297581291e-17,2048,2048,1.015625,2
656,16.400000000000002,2.2969429006272662e-17,4.614361305633426e-14,2.0361316799277773e-16,3.0340487526101758e-17,-3.9274979937475302e-17,-0.0015967424312890444,0.0015967424312886003,-4.4408920985006262e-16,-0.001596742431288566,-0.0015967424312885597,-6.2883726004159257e-18,-4.7834999850060456e-16,4.0549161250957866e-17,2560,2560,1.01953125,2
657,16.425000000000001,2.2834230333275914e-17,4.6521888996415852e-14,2.1087732254843061e-16,3.0362976254244092e-17,1.2560887920880001e-16,-0.0016137127861490796,0.0016137127861502454,1.1657341758564144e-15,-0.0016137127861501634,-0.0016137127861501452,-1.8214596497756474e-17,1.0837684916165102e-15,1.0018028073766061e-16,2048,2048,1.015625,2
658,16.449999999999999,2.7065689836077555e-17,5.5879638858065009e-14,2.211772431870429e-16,3.7653981944802656e-17,5.0387622817361263e-17,-0.001634267918786847,0.001634267918786958,1.1102230246251565e-16,-0.0016342679187868489,-0.001634267918786816,-3.2959746043559335e-17,1.951563910473908e-18,1.4203048459560108e-16,2048,2048,1.015625,2
659,16.475000000000001,2.4811424798563248e-17,5.148159523625136e-14,2.0816681711721685e-16,3.3879517324773639e-17,-3.5281951371645584e-17,-0.0016522328274728437,0.0016522328274719555,-8.8817841970012523e-16,-0.001652232827471884,-0.0016522328274719148,3.0791341698588326e-17,-9.5973576308416852e-16,4.0766001685454967e-17,3072,3072,1.0234375,2
660,16.5,2.2230568277939393e-17,4.5874724376176709e-14,1.7433970933566911e-16,2.9206759130976752e-17,-9.1214387598782339e-17,-0.0016808327242952004,0.0016808327242952559,5.5511151231257827e-17,-0.0016808327242952192,-0.001680832724295252,3.2742905609062234e-17,1.8865117801247777e-17,3.903127820947816e-18,2048,2048,1.015625,2
661,16.525000000000002,2.1391142415467023e-17,4.3921621388532666e-14,2.2657114899515829e-16,2.8189415174053755e-17,-4.2529827808866825e-17,-0.0017163683214640457,0.0017163683214653225,1.27675647831893e-15,-0.0017163683214653155,-0.0017163683214653086,-6.9388939039072284e-18,1.2698175844150228e-15,1.3877787807814457e-17,1024,1024,1.0078125,2
662,16.550000000000001,2.2634150050779105e-17,4.5948752698983451e-14,2.0708261494473135e-16,3.0058261928001155e-17,6.3375976926008563e-17,-0.0017498722320983262,0.0017498722320971605,-1.1657341758564144e-15,-0.0017498722320971273,-0.0017498722320971217,-5.6378512969246231e-18,-1.1989107623344708e-15,3.8814437774981059e-17,4096,4096,1.03125,2
663,16.574999999999999,2.2464483817892188e-17,4.4580232051606183e-14,2.0914259907245381e-16,2.9309791712485005e-17,-1.6312087539296758e-16,-0.0017874810587823475,0.0017874810587826251,2.7755575615628914e-16,-0.0017874810587826212,-0.0017874810587826054,-1.5829351718288365e-17,2.7365262833534132e-16,1.9732479539236181e-17,2048,2048,1.015625,2
664,16.600000000000001,2.0766598460311074e-17,4.0237253950152898e-14,2.0448052973076614e-16,2.7375432402657421e-17,1.4803944576294373e-16,-0.0018398870417719593,0.001839887041773236,1.27675647831893e-15,-0.0018398870417730899,-0.0018398870417731263,3.6429192995512949e-17,1.130606025467884e-15,1.0972125985553305e-16,1536,1536,1.01171875,2
665,16.625,2.1900243879590241e-17,4.1433429100707208e-14,2.1857515797307769e-16,2.8777219591802499e-17,-3.3220046357357965e-17,-0.0018897826693855535,0.0018897826693843878,-1.1657341758564144e-15,-0.0018897826693841321,-0.0018897826693841286,-3.4694469519536142e-18,-1.4213890481284963e-15,2.5912431922403556e-16,3072,3072,1.0234375,2
666,16.650000000000002,2.1021658699442892e-17,3.8421111816525188e-14,1.949395506128937e-16,2.7915745828912798e-17,-8.3680658834455698e-17,-0.0019383931178094116,0.0019383931178098002,3.8857805861880479e-16,-0.0019383931178097392,-0.0019383931178097204,-1.8865117801247777e-17,3.2764589652511944e-16,7.9797279894933126e-17,2048,2048,1.015625,2
667,16.675000000000001,2.1559537995055691e-17,3.80774297646283e-14,1.8214596497756474e-16,2.8230615541100161e-17,9.0271649570966604e-17,-0.0020066913635208294,0.0020066913635219397,1.1102230246251565e-15,-0.002006691363521715,-0.0020066913635216968,-1.8214596497756474e-17,8.8557633448616002e-16,2.4286128663675299e-16,2560,2560,1.01953125,2
668,16.699999999999999,2.2454023650641887e-17,3.8343055556201316e-14,1.9488534050426942e-16,2.9913357875860188e-17,-5.985823702599643e-17,-0.002070475159042573,0.0020704751590411852,-1.3877787807814457e-15,-0.0020704751590410356,-0.0020704751590410828,4.7271214720367993e-17,-1.5373986805844453e-15,1.0234868508263162e-16,2560,2560,1.01953125,2
669,16.725000000000001,2.1413924599978399e-17,3.5182782617292556e-14,2.0296264668928643e-16,2.860904923993297e-17,-2.5024170066851677e-17,-0.0021356312506455311,0.0021356312506472519,1.7208456881689926e-15,-0.0021356312506471456,-0.0021356312506471678,2.211772431870429e-17,1.6145938752654132e-15,8.4134088584875144e-17,2560,2560,1.01953125,2
670,16.75,2.0679367786886944e-17,3.2667647345140008e-14,1.8453120975703285e-16,2.7435794660625211e-17,1.54762201901396e-17,-0.0022184167096295226,0.0022184167096279128,-1.609823385706477e-15,-0.0022184167096279471,-0.0022184167096279519,4.7704895589362195e-18,-1.575562597055935e-15,-3.903127820947816e-17,2048,2048,1.015625,2
671,16.775000000000002,2.053572796407255e-17,3.1302119905962113e-14,1.8214596497756474e-16,2.6907942561764903e-17,1.675121754344498e-16,-0.002294999541110343,0.0022949995411123414,1.9984014443252818e-15,-0.0022949995411123696,-0.0022949995411123548,-1.474514954580286e-17,2.0265907008099049e-15,-1.3444106938820255e-17,1536,1536,1.01171875,2
672,16.800000000000001,2.2381270277211061e-17,3.2800478934585311e-14,2.1423834928313568e-16,2.9314445760191003e-17,1.1296810554106861e-16,-0.0023785749816269686,0.0023785749816269686,0,-0.0023785749816266242,-0.0023785749816266559,3.1658703436576729e-17,-3.4434260998139621e-16,3.1268390654481948e-16,2048,2048,1.015625,2
673,16.824999999999999,2.6791324752153683e-17,3.7687516390515614e-14,2.2178033064548797e-16,3.7420318191454004e-17,-1.6441982597527226e-16,-0.00247315263144543,0.0024731526314441532,-1.27675647831893e-15,-0.0024731526314439251,-0.0024731526314439524,2.7321894746634712e-17,-1.5048726154098802e-15,2.0079424234431542e-16,4096,4096,1.03125,2
674,16.850000000000001,2.1455368758900718e-17,2.9113049015277013e-14,2.0166160408230382e-16,2.8428457149116476e-17,4.4217269242043847e-17,-0.0025656916567395882,0.0025656916567399768,3.8857805861880479e-16,-0.0025656916567396468,-0.0025656916567396411,-5.6378512969246231e-18,5.8546917314217239e-17,3.3566899260151217e-16,1024,1024,1.0078125,2
675,16.875,2.0646589937052968e-17,2.7017603511921655e-14,2.0729945537922845e-16,2.7613296259270365e-17,9.4680285313037069e-17,-0.0026686018849861881,0.0026686018849866322,4.4408920985006262e-16,-0.0026686018849863529,-0.0026686018849863321,-2.0816681711721685e-17,1.6479873021779667e-16,3.0010716134398763e-16,1536,1536,1.01171875,2
676,16.900000000000002,1.9951179660851308e-17,2.5171397589796585e-14,1.9038590148845458e-16,2.6116309040834667e-17,-6.5402528472940009e-17,-0.0027716031014541898,0.0027716031014545228,3.3306690738754696e-16,-0.0027716031014544899,-0.0027716031014544543,-3.5561831257524545e-17,3.0010716134398763e-16,6.852157730108388e-17,3584,3584,1.02734375,2
677,16.925000000000001,2.0387176707443938e-17,2.4767839863396373e-14,1.8019440106709084e-16,2.7142192440432209e-17,2.1303910006532586e-17,-0.0028820163179545943,0.0028820163179546499,5.5511151231257827e-17,-0.0028820163179543628,-0.0028820163179543853,2.2551405187698492e-17,-2.3158558404290375e-16,2.6454533008646308e-16,2560,2560,1.01953125,2
678,16.949999999999999,1.8259404448985723e-17,2.1452934198400662e-14,1.5395670849294163e-16,2.4218534023107486e-17,-1.0756506208948773e-18,-0.0030019269880892097,0.0030019269880901533,9.4368957093138306e-16,-0.0030019269880898563,-0.003001926988089842,-1.4311468676808659e-17,6.4661817567035484e-16,3.1138286393783687e-16,2048,2048,1.015625,2
679,16.975000000000001,2.0168278075120471e-17,2.2934761047770786e-14,2.1380466841414147e-16,2.6461475929730726e-17,-7.6370630891831998e-17,-0.0031174657964445629,0.0031174657964447849,2.2204460492503131e-16,-0.0031174657964446635,-0.0031174657964446501,-1.3444106938820255e-17,1.0061396160665481e-16,1.3487475025719675e-16,1024,1024,1.0078125,2
680,17,2.4544398086396229e-17,2.699749447825512e-14,2.1857515797307769e-16,3.4832347150587263e-17,-8.0165461460615725e-17,-0.0032448295494393875,0.0032448295494386659,-7.2164496600635175e-16,-0.0032448295494383857,-0.0032448295494383952,9.540979117872439e-18,-1.0018028073766061e-15,2.7061686225238191e-16,3072,3072,1.0234375,2
681,17.025000000000002,1.7135355428684486e-17,1.824911815718433e-14,1.6826817716975029e-16,2.2130463291109693e-17,-4.9420217573479572e-17,-0.0033774603094816058,0.0033774603094814948,-1.1102230246251565e-16,-0.0033774603094815889,-0.003377460309481588,-8.6736173798840355e-19,-1.6913553890773869e-17,-9.3241386833753381e-17,3584,3584,1.02734375,2
682,17.050000000000001,1.7721789122044244e-17,1.8320814405027754e-14,1.6089560239684886e-16,2.326352980441975e-17,9.5619647189482488e-18,-0.0035096235710074808,0.0035096235710085355,1.0547118733938987e-15,-0.0035096235710085559,-0.003509623571008513,-4.2934406030425976e-17,1.0750948742366262e-15,2.2551405187698492e-17,1536,1536,1.01171875,2
683,17.074999999999999,1.6426011778097516e-17,1.6484663235090871e-14,1.597029800071148e-16,2.1586349671205425e-17,-1.0201524773258874e-16,-0.0036494379409592881,0.0036494379409591216,-1.6653345369377348e-16,-0.0036494379409589563,-0.0036494379409589888,3.2526065174565133e-17,-3.3176586478056436e-16,1.3270634591222574e-16,1536,1536,1.01171875,2
684,17.100000000000001,1.8224243673704125e-17,1.7758887170144704e-14,1.7683337433238577e-16,2.4917513284251268e-17,1.614116758775626e-17,-0.0037990530913063481,0.0037990530913054044,-9.4368957093138306e-16,-0.0037990530913054252,-0.0037990530913054126,-1.2576745200831851e-17,-9.2287288921966137e-16,-8.2399365108898337e-18,2560,2560,1.01953125,2
685,17.125,1.8053109375908931e-17,1.7141056734598814e-14,1.7227972520794665e-16,2.4236239751417763e-17,1.4216091747293005e-16,-0.0039484189881449083,0.0039484189881462406,1.3322676295501878e-15,-0.0039484189881461001,-0.0039484189881461131,1.3010426069826053e-17,1.1917550279960665e-15,1.2750217548429532e-16,1536,1536,1.01171875,2
686,17.150000000000002,1.7127981202994155e-17,1.5829764736045978e-14,1.826880660638075e-16,2.2524318699713697e-17,-1.4568991103141978e-16,-0.0040941433966228402,0.0040941433966223406,-4.9960036108132044e-16,-0.0040941433966221888,-0.0040941433966221689,-1.9949319973733282e-17,-6.5138866522929106e-16,1.717376241217039e-16,4608,4608,1.03515625,2
687,17.175000000000001,1.5185201894830618e-17,1.3668728497625409e-14,1.8106176280507924e-16,1.9268698627576334e-17,-6.7481516719823873e-17,-0.0042622737767619157,0.0042622737767618046,-1.1102230246251565e-16,-0.0042622737767616095,-0.0042622737767616711,6.1582683397176652e-17,-3.0617869350990645e-16,1.3357370765021415e-16,1024,1024,1.0078125,2
688,17.199999999999999,1.6343130053614618e-17,1.4363286874261516e-14,1.463672932855431e-16,2.1542835240546008e-17,-1.2423708166801668e-16,-0.0044294254225238916,0.0044294254225254459,1.5543122344752192e-15,-0.0044294254225251484,-0.0044294254225251796,3.1225022567582528e-17,1.2568071583451967e-15,2.6628005356243989e-16,1536,1536,1.01171875,2
689,17.225000000000001,1.5105647167015626e-17,1.2973693420253008e-14,1.5536617131717279e-16,1.9538970380150992e-17,-3.5678126321808547e-17,-0.0045844070679574855,0.0045844070679568194,-6.6613381477509392e-16,-0.0045844070679567578,-0.0045844070679567405,-1.7347234759768071e-17,-7.2771649817227058e-16,7.8929918156944723e-17,3072,3072,1.0234375,2
690,17.25,1.5174638365263784e-17,1.2736006235642032e-14,1.5111067779016718e-16,1.9713042189092881e-17,-5.0150284438795031e-17,-0.004766545712991288,0.0047665457129915101,2.2204460492503131e-16,-0.0047665457129911328,-0.0047665457129911363,3.4694469519536142e-18,-1.5525775109992423e-16,3.7383290907300193e-16,2048,2048,1.015625,2
691,17.275000000000002,1.4446453231438836e-17,1.186204284583923e-14,1.5135462327897642e-16,1.9066381028943221e-17,-8.0519740195736319e-17,-0.0049480423181673672,0.004948042318166368,-9.9920072216264089e-16,-0.0049480423181662899,-0.0049480423181663437,5.377642775528102e-17,-1.0772632785815972e-15,2.4286128663675299e-17,2560,2560,1.01953125,2
692,17.300000000000001,1.470409429009389e-17,1.1825559787712385e-14,1.5092094240998222e-16,1.9710764523042409e-17,1.8438226699928906e-17,-0.0051184870678149252,0.0051184870678165906,1.6653345369377348e-15,-0.0051184870678164856,-0.0051184870678165238,3.8163916471489756e-17,1.560383766641138e-15,6.6786853825107073e-17,2560,2560,1.01953125,2
693,17.324999999999999,1.3781503307864276e-17,1.0861387475889636e-14,1.218643241873707e-16,1.8324092715423243e-17,1.9200977383380657e-18,-0.0053080829907017346,0.0053080829907014571,-2.7755575615628914e-16,-0.0053080829907012853,-0.0053080829907013157,3.0357660829594124e-17,-4.4929338027799304e-16,1.4137996329210978e-16,1536,1536,1.01171875,2
694,17.350000000000001,1.3335884857399199e-17,1.0317112246735493e-14,1.3063280925734722e-16,1.7850401772897053e-17,2.1356504636023853e-17,-0.0055064686477397373,0.0055064686477391822,-5.5511151231257827e-16,-0.0055064686477390243,-0.00550646864773904,1.5612511283791264e-17,-7.1297134862646772e-16,1.4224732503009818e-16,2560,2560,1.01953125,2
695,17.375,1.2763793511336648e-17,9.6947803144876846e-15,1.3324844699846849e-16,1.6758731348552326e-17,-6.6454974683693565e-17,-0.0056937770546987565,0.0056937770546994781,7.2164496600635175e-16,-0.0056937770546995605,-0.0056937770546995363,-2.4286128663675299e-17,8.0404433111525009e-16,-5.8113236445223038e-17,2048,2048,1.015625,2
696,17.400000000000002,1.2666431497514578e-17,9.4486832070709e-15,1.5578629965901092e-16,1.700136618906802e-17,-2.4030321031261376e-18,-0.0058862115864890541,0.0058862115864878328,-1.2212453270876722e-15,-0.0058862115864879369,-0.0058862115864879612,2.4286128663675299e-17,-1.1171619185290638e-15,-1.2836953722228372e-16,2560,2560,1.01953125,2
697,17.425000000000001,1.3529043642845315e-17,9.9284724484397378e-15,1.3791051634015616e-16,1.8074167298858963e-17,2.2197562262232486e-18,-0.0061011054871809023,0.006101105487181957,1.0547118733938987e-15,-0.0061011054871818425,-0.0061011054871818503,7.8062556418956319e-18,9.4022012397942945e-16,1.0668549377257364e-16,2560,2560,1.01953125,2
698,17.449999999999999,1.2055511852391349e-17,8.709927085952221e-15,1.4224732503009818e-16,1.6013196499762094e-17,-6.5569485930539959e-17,-0.006301390689266384,0.006301390689266162,-2.2204460492503131e-16,-0.0063013906892662765,-0.0063013906892662652,-1.1275702593849246e-17,-1.0755285551056204e-16,-1.0321604682062002e-16,2048,2048,1.015625,2
699,17.475000000000001,1.168870493474569e-17,8.3143336517853599e-15,1.3704315460216776e-16,1.5028240400673588e-17,4.7959803030330281e-17,-0.0065070123468515817,0.0065070123468512486,-3.3306690738754696e-16,-0.0065070123468507048,-0.0065070123468507022,-2.6020852139652106e-18,-8.7690271710627599e-16,5.4643789493269423e-16,2048,2048,1.015625,2
700,17.5,1.0799139425259363e-17,7.5715473857020825e-15,1.0652286344670081e-16,1.4181430714636494e-17,-2.0478991330239315e-17,-0.0067299342070192836,0.0067299342070191726,-1.1102230246251565e-16,-0.0067299342070192099,-0.006729934207019189,-2.0816681711721685e-17,-7.3725747729014302e-17,-1.6479873021779667e-17,2048,2048,1.015625,2
701,17.525000000000002,1.0243443774499378e-17,7.0899520473843254e-15,1.0625181290357943e-16,1.3224746640758681e-17,4.1411914641946036e-17,-0.0069413969336391546,0.0069413969336402648,1.1102230246251565e-15,-0.0069413969336403428,-0.0069413969336403454,2.6020852139652106e-18,1.1882855810441129e-15,-8.066464163292153e-17,2048,2048,1.015625,2
702,17.550000000000001,1.2487176904595923e-17,8.5260856872327916e-15,1.1926223897340549e-16,1.7425481832264342e-17,-8.0830640726152904e-17,-0.0071628886457340002,0.0071628886457339447,-5.5511151231257827e-17,-0.0071628886457339143,-0.0071628886457339395,2.5153490401663703e-17,-8.5868812060851951e-17,5.2041704279304213e-18,3584,3584,1.02734375,2
703,17.574999999999999,8.606290362514982e-18,5.8034470332642226e-15,9.7578195523695399e-17,1.1129458651287612e-17,-8.2151166287894709e-17,-0.0073885703256522106,0.0073885703256512114,-9.9920072216264089e-16,-0.0073885703256511004,-0.0073885703256511342,3.3827107781547738e-17,-1.1102230246251565e-15,7.7195194680967916e-17,1024,1024,1.0078125,2
704,17.600000000000001,8.5238140520383761e-18,5.6849609842546525e-15,8.9500889338678391e-17,1.1262617113546542e-17,-1.5750445382904554e-17,-0.0076176582008571359,0.0076176582008589677,1.8318679906315083e-15,-0.0076176582008587656,-0.0076176582008587778,1.214306433183765e-17,1.6297727056802103e-15,1.8995222061946038e-16,2560,2560,1.01953125,2
705,17.625,7.5472837731914226e-18,4.97958102432576e-15,7.8713077722447622e-17,9.5584352137367237e-18,-1.9856254441942558e-17,-0.0078483416380166204,0.0078483416380160098,-6.106226635438361e-16,-0.0078483416380154842,-0.0078483416380154911,6.9388939039072284e-18,-1.1362438767648086e-15,5.1868231931706532e-16,1536,1536,1.01171875,2
706,17.650000000000002,7.9945208894205281e-18,5.220794931928522e-15,9.1506663357776574e-17,1.0317646343657481e-17,-6.3564033915988234e-17,-0.0080788931743356329,0.0080788931743346337,-9.9920072216264089e-16,-0.008078893174334913,-0.0080788931743348801,-3.2959746043559335e-17,-7.1991024253037494e-16,-2.4633073358870661e-16,3584,3584,1.02734375,2
707,17.675000000000001,9.1556774107394864e-18,5.9213251682329606e-15,7.2858385991025898e-17,1.2840597650574535e-17,1.0960193551381462e-17,-0.0083223087064450141,0.0083223087064463463,1.3322676295501878e-15,-0.0083223087064463012,-0.0083223087064462856,-1.5612511283791264e-17,1.2871648191747909e-15,6.0715321659188248e-17,1536,1536,1.01171875,2
708,17.699999999999999,6.7486641906436444e-18,4.3270417097505589e-15,7.9797279894933126e-17,8.5712235869882417e-18,3.5076918338742418e-17,-0.0085594763478216151,0.0085594763478212821,-3.3306690738754696e-16,-0.0085594763478207842,-0.0085594763478207755,-8.6736173798840355e-18,-8.309325449928906e-16,5.0653925498522767e-16,2048,2048,1.015625,2
709,17.725000000000001,6.1287536891787671e-18,3.8987409384851683e-15,7.4809949901499806e-17,7.7031317199375923e-18,-1.2850833054372985e-17,-0.0088052591548350989,0.008805259154835321,2.2204460492503131e-16,-0.0088052591548352099,-0.0088052591548352412,3.1225022567582528e-17,1.1102230246251565e-16,7.9797279894933126e-17,2048,2048,1.015625,2
710,17.75,6.868223423503931e-18,4.3347824637811651e-15,6.5377391000875917e-17,9.3423410253991163e-18,4.4429358177106905e-18,-0.0090478896560419741,0.0090478896560416411,-3.3306690738754696e-16,-0.009047889656041452,-0.0090478896560414572,5.2041704279304213e-18,-5.2215176626901894e-16,1.8388068845354155e-16,2048,2048,1.015625,2
711,17.775000000000002,5.309925545423495e-18,3.328640849201729e-15,7.3942588163511402e-17,6.2346424439550411e-18,-2.6056161505594467e-17,-0.0093004754041938753,0.0093004754041946525,7.7715611723760958e-16,-0.0093004754041944044,-0.0093004754041944113,6.9388939039072284e-18,5.2909066017292616e-16,2.4112656316077619e-16,3072,3072,1.0234375,2
712,17.800000000000001,4.4690170865510044e-18,2.7845498271497311e-15,5.8980598183211441e-17,5.479536217211124e-18,-2.0691238731623324e-17,-0.0095576600331366279,0.0095576600331364059,-2.2204460492503131e-16,-0.0095576600331361162,-0.009557660033136104,-1.214306433183765e-17,-5.1174342541315809e-16,3.0184188481996443e-16,2048,2048,1.015625,2
713,17.824999999999999,4.1744600453307393e-18,2.5865395100437933e-15,5.9847959921199845e-17,4.9433655248218883e-18,-2.3526263359149609e-17,-0.0097964260617349197,0.0097964260617345866,-3.3306690738754696e-16,-0.0097964260617348954,-0.0097964260617348174,-7.8062556418956319e-17,-2.4286128663675299e-17,-2.3071822230491534e-16,1536,1536,1.01171875,2
714,17.850000000000001,3.954000022220392e-18,2.4371960219478559e-15,6.0715321659188248e-17,4.6823847165862147e-18,-8.2402709463486526e-18,-0.010063931199329801,0.010063931199330911,1.1102230246251565e-15,-0.010063931199330781,-0.010063931199330791,1.0408340855860843e-17,9.8011876392689601e-16,1.1969591984239969e-16,3072,3072,1.0234375,2
715,17.875,3.2446326095698238e-18,1.9916897095667295e-15,5.3342746886286818e-17,3.7204149198200954e-18,9.7146586954413453e-18,-0.010330290627774019,0.010330290627774352,3.3306690738754696e-16,-0.010330290627774089,-0.010330290627774038,-5.0306980803327406e-17,6.9388939039072284e-17,3.1398494915180208e-16,1536,1536,1.01171875,2
716,17.900000000000002,3.020721249864925e-18,1.8477648042656622e-15,4.4750444669339196e-17,3.6220991014947916e-18,1.2160709917060867e-17,-0.010578703276257428,0.010578703276257651,2.2204460492503131e-16,-0.010578703276257651,-0.010578703276257645,-5.2041704279304213e-18,2.2204460492503131e-16,5.2041704279304213e-18,2560,2560,1.01953125,2
717,17.925000000000001,2.6536931552375189e-18,1.617499755612667e-15,4.2717565595928875e-17,2.8668794928458186e-18,-1.1503134663762286e-17,-0.010839809914601872,0.010839809914602871,9.9920072216264089e-16,-0.01083980991460228,-0.010839809914602302,2.2551405187698492e-17,4.0766001685454967e-16,5.6898930012039273e-16,2048,2048,1.015625,2
718,17.949999999999999,2.6098461291426397e-18,1.5871783170052118e-15,3.5941302017894472e-17,2.9253918324594675e-18,2.2560892868739407e-17,-0.011119765017742367,0.01111976501774059,-1.7763568394002505e-15,-0.01111976501774059,-0.011119765017740557,-3.2959746043559335e-17,-1.7763568394002505e-15,3.2959746043559335e-17,2560,2560,1.01953125,2
719,17.975000000000001,2.7339878147244484e-18,1.659889068298275e-15,2.7755575615628914e-17,3.2376548918424962e-18,-1.3701819121773032e-17,-0.011386725777661866,0.011386725777663309,1.4432899320127035e-15,-0.01138672577766333,-0.011386725777663318,-1.214306433183765e-17,1.4641066137244252e-15,-8.6736173798840355e-18,2048,2048,1.015625,2
720,18,2.8826944720138009e-18,1.7478043392538606e-15,2.7321894746634712e-17,3.3976188010107572e-18,-1.6472549806797206e-17,-0.011632212807821674,0.011632212807821229,-4.4408920985006262e-16,-0.011632212807821141,-0.011632212807821186,4.5102810375396984e-17,-5.3256010712487978e-16,4.3368086899420177e-17,2560,2560,1.01953125,2
721,18.025000000000002,3.0296456351320327e-18,1.8354893305629902e-15,2.9490299091605721e-17,3.6727080793223172e-18,1.2952527991412625e-17,-0.011926875234243184,0.011926875234242629,-5.5511151231257827e-16,-0.01192687523424232,-0.011926875234242348,2.7755575615628914e-17,-8.6389229103644993e-16,2.8102520310824275e-16,1536,1536,1.01171875,2
722,18.050000000000001,3.1574890008735386e-18,1.9131337762884044e-15,3.426078865054194e-17,3.9016509545875894e-18,-5.4796041641627587e-18,-0.012201430935689928,0.012201430935689928,0,-0.012201430935690066,-0.012201430935690026,-3.9898639947466563e-17,1.3877787807814457e-16,-9.8879238130678004e-17,2048,2048,1.015625,2
723,18.074999999999999,3.7559635903200824e-18,2.2775199504156579e-15,3.7730235602495554e-17,4.6583307438128723e-18,-8.505221582022128e-18,-0.012455375376610789,0.012455375376612898,2.1094237467877974e-15,-0.012455375376612315,-0.012455375376612338,2.2551405187698492e-17,1.5265566588595902e-15,5.6031568274050869e-16,2048,2048,1.015625,2
724,18.100000000000001,4.0999011659123693e-18,2.488602318658676e-15,3.9464959078472361e-17,5.0697159416726847e-18,-1.2547980926714291e-18,-0.012738852609075479,0.012738852609074258,-1.2212453270876722e-15,-0.012738852609073901,-0.012738852609073929,2.7755575615628914e-17,-1.5785983631388945e-15,3.2959746043559335e-16,3584,3584,1.02734375,2
725,18.125,4.6593190787030473e-18,2.8339626668857423e-15,4.2067044292437572e-17,5.9599537698603734e-18,-1.9220926459252954e-18,-0.013025652042479408,0.013025652042480074,6.6613381477509392e-16,-0.013025652042479985,-0.013025652042479997,1.214306433183765e-17,5.7766291750027676e-16,7.6327832942979512e-17,1536,1536,1.01171875,2
726,18.150000000000002,5.2401195752140586e-18,3.1948939171510728e-15,4.8138576458356397e-17,6.6847312481927976e-18,2.1575916504307077e-17,-0.013293384958210197,0.013293384958210086,-1.1102230246251565e-16,-0.013293384958210221,-0.013293384958210228,6.9388939039072284e-18,2.4286128663675299e-17,-1.4224732503009818e-16,1536,1536,1.01171875,2
727,18.175000000000001,5.533324416523162e-18,3.384148500109618e-15,5.3342746886286818e-17,7.1774821574792672e-18,1.1785228704402246e-17,-0.013564046386459694,0.013564046386459583,-1.1102230246251565e-16,-0.013564046386460136,-0.013564046386460108,-2.7755575615628914e-17,4.4235448637408581e-16,-5.2562121322097255e-16,2560,2560,1.01953125,2
728,18.199999999999999,6.1979283562103052e-18,3.8048956519985578e-15,5.8113236445223038e-17,7.9505045540667603e-18,-1.5376992084827678e-17,-0.013855959960286768,0.013855959960286768,0,-0.013855959960286768,-0.013855959960286757,-1.0408340855860843e-17,0,1.0408340855860843e-17,2048,2048,1.015625,2
729,18.225000000000001,7.275900079669813e-18,4.4869077284047526e-15,6.114900252818245e-17,9.6976709331819875e-18,2.1743696634030517e-17,-0.014135015412254148,0.014135015412253482,-6.6613381477509392e-16,-0.014135015412253248,-0.014135015412253274,2.6020852139652106e-17,-9.0032148403196288e-16,2.0816681711721685e-16,2048,2048,1.015625,2
730,18.25,7.0863206049214684e-18,4.391744018499592e-15,6.6353172956112871e-17,9.1883904220160817e-18,2.002229265312175e-17,-0.014405705849618755,0.014405705849619532,7.7715611723760958e-16,-0.014405705849619671,-0.014405705849619718,4.6837533851373792e-17,9.1593399531575415e-16,-1.8561541192951836e-16,2560,2560,1.01953125,2
731,18.275000000000002,7.4914786048986043e-18,4.6691987113015294e-15,6.9822619908066486e-17,9.8639446536109854e-18,-1.753237010071002e-17,-0.014688145013508347,0.014688145013506904,-1.4432899320127035e-15,-0.014688145013507075,-0.014688145013507053,-2.2551405187698492e-17,-1.2715523078909996e-15,-1.4918621893400541e-16,2048,2048,1.015625,2
732,18.300000000000001,8.3328917983310813e-18,5.2271394860298667e-15,8.5001450322863548e-17,1.1157047223363941e-17,-2.5667620163843087e-18,-0.014973586875644429,0.014973586875644873,4.4408920985006262e-16,-0.014973586875644767,-0.014973586875644701,-6.591949208711867e-17,3.3827107781547738e-16,1.717376241217039e-16,1024,1024,1.0078125,2
733,18.324999999999999,8.9057006259485946e-18,5.6270692047429799e-15,6.9388939039072284e-17,1.1900709976635445e-17,-6.0063929164500793e-18,-0.015252885197099886,0.015252885197099109,-7.7715611723760958e-16,-0.015252885197099242,-0.015252885197099266,2.4286128663675299e-17,-6.4358240958739543e-16,-1.5785983631388945e-16,3584,3584,1.02734375,2
734,18.350000000000001,8.5039395803104727e-18,5.41381057768944e-15,7.5460471204991109e-17,1.1058250174945827e-17,-1.9318634509699711e-18,-0.015533581360493542,0.015533581360494764,1.2212453270876722e-15,-0.015533581360494703,-0.015533581360494734,3.1225022567582528e-17,1.1605300054284839e-15,2.9490299091605721e-17,1024,1024,1.0078125,2
735,18.375,9.3263240649891363e-18,5.9863815184488744e-15,7.2858385991025898e-17,1.2550825496337502e-17,2.2833784057263171e-17,-0.015801338539006338,0.015801338539006671,3.3306690738754696e-16,-0.01580133853900708,-0.015801338539007104,2.4286128663675299e-17,7.4246164771807344e-16,-4.3368086899420177e-16,2560,2560,1.01953125,2
736,18.400000000000002,1.0324871747828211e-17,6.6892190932982389e-15,9.1072982488782372e-17,1.3860829610055445e-17,2.0392995743625137e-17,-0.016093073311083117,0.01609307331108345,3.3306690738754696e-16,-0.016093073311083065,-0.016093073311083117,5.2041704279304213e-17,-5.2041704279304213e-17,3.3306690738754696e-16,2048,2048,1.015625,2
737,18.425000000000001,1.4463040913639105e-17,9.4630523664904124e-15,1.0234868508263162e-16,2.0677221076697988e-17,3.3622745424910852e-17,-0.016379592365458606,0.016379592365458051,-5.5511151231257827e-16,-0.016379592365457898,-0.016379592365457891,-6.9388939039072284e-18,-7.0776717819853729e-16,1.5959455978986625e-16,3584,3584,1.02734375,2
738,18.449999999999999,1.1783272211814463e-17,7.7942217645824926e-15,1.3877787807814457e-16,1.5553805047872154e-17,-2.4358225685429271e-17,-0.01664265850117097,0.016642658501170304,-6.6613381477509392e-16,-0.016642658501170436,-0.016642658501170381,-5.5511151231257827e-17,-5.3429483060085659e-16,-7.6327832942979512e-17,1536,1536,1.01171875,2
739,18.475000000000001,1.551205966635761e-17,1.0371803012106284e-14,1.1796119636642288e-16,2.1956488889147281e-17,5.7864147349306833e-17,-0.01691295404442883,0.016912954044429274,4.4408920985006262e-16,-0.016912954044429523,-0.016912954044429582,5.8980598183211441e-17,6.9388939039072284e-16,-3.0878077872387166e-16,1536,1536,1.01171875,2
740,18.5,1.1609451495738786e-17,7.8558419807375785e-15,9.8879238130678004e-17,1.5609860913098113e-17,2.9544840541320876e-17,-0.017208511827558226,0.017208511827558004,-2.2204460492503131e-16,-0.017208511827558188,-0.017208511827558209,2.0816681711721685e-17,-3.8163916471489756e-17,-2.0469737016526324e-16,1536,1536,1.01171875,2
741,18.525000000000002,1.466159529053822e-17,1.0049081347169858e-14,1.1839487723541708e-16,2.001113967870395e-17,-3.8063952932611474e-17,-0.017494647188868839,0.017494647188868395,-4.4408920985006262e-16,-0.017494647188868482,-0.017494647188868458,-2.4286128663675299e-17,-3.5735303605122226e-16,-6.2450045135165055e-17,3072,3072,1.0234375,2
742,18.550000000000001,1.2766686791464534e-17,8.8747655875641944e-15,1.0321604682062002e-16,1.6987203234931629e-17,2.0257212060237216e-17,-0.017727295720414205,0.017727295720413649,-5.5511151231257827e-16,-0.017727295720414035,-0.017727295720414045,1.0408340855860843e-17,-1.700029006457271e-16,-3.9551695252271202e-16,3072,3072,1.0234375,2
743,18.574999999999999,1.3148319875926679e-17,9.2711769437686827e-15,1.1145598333150986e-16,1.7420549974657148e-17,6.1273124648840515e-17,-0.018018435557143775,0.018018435557143664,-1.1102230246251565e-16,-0.018018435557143882,-0.018018435557143893,1.0408340855860843e-17,1.0755285551056204e-16,-2.2898349882893854e-16,1024,1024,1.0078125,2
744,18.600000000000001,1.5734127966527346e-17,1.1262021517214571e-14,1.3270634591222574e-16,2.1632829104921145e-17,7.5464085596316933e-17,-0.018306813584780812,0.018306813584780701,-1.1102230246251565e-16,-0.018306813584780809,-0.018306813584780774,-3.4694469519536142e-17,-3.4694469519536142e-18,-7.2858385991025898e-17,1536,1536,1.01171875,2
745,18.625,1.5701964723505989e-17,1.141980588227213e-14,1.2663481374630692e-16,2.0646476957603197e-17,-8.4885010364158441e-17,-0.018567658135440368,0.018567658135439924,-4.4408920985006262e-16,-0.018567658135440042,-0.018567658135440018,-2.4286128663675299e-17,-3.2612801348363973e-16,-9.3675067702747583e-17,1024,1024,1.0078125,2
746,18.650000000000002,1.4219337944991542e-17,1.052006938708294e-14,1.3574211199518516e-16,1.8652429703565767e-17,-1.6036643930008079e-17,-0.018808883923147945,0.018808883923147723,-2.2204460492503131e-16,-0.018808883923147671,-0.01880888392314773,5.8980598183211441e-17,-2.7408630920433552e-16,-6.9388939039072284e-18,4096,4096,1.03125,2
747,18.675000000000001,1.5059369890035305e-17,1.1340758579240623e-14,1.3574211199518516e-16,2.0037253331202549e-17,8.9665516495744089e-18,-0.019092773024370402,0.019092773024370402,0,-0.019092773024370579,-0.019092773024370541,-3.8163916471489756e-17,1.7694179454963432e-16,-1.3877787807814457e-16,2048,2048,1.015625,2
748,18.699999999999999,1.5624231230096557e-17,1.1989635232915096e-14,1.3660947373317356e-16,2.095576607003955e-17,-2.0006020181888173e-17,-0.019369477765208032,0.019369477765209142,1.1102230246251565e-15,-0.01936947776520926,-0.019369477765209257,-3.4694469519536142e-18,1.2281842209915794e-15,-1.1449174941446927e-16,1536,1536,1.01171875,2
749,18.725000000000001,2.033996434661311e-17,1.5914145656074344e-14,1.5005358067199381e-16,2.9037317669077607e-17,1.48122159541121e-17,-0.019605267237688295,0.019605267237687185,-1.1102230246251565e-15,-0.019605267237687362,-0.019605267237687324,-3.8163916471489756e-17,-9.3328123007552222e-16,-1.3877787807814457e-16,1536,1536,1.01171875,2
750,18.75,1.608015933452057e-17,1.2847373574757135e-14,1.3704315460216776e-16,2.1216974456341253e-17,4.8350702787065912e-17,-0.019857938535320585,0.019857938535321029,4.4408920985006262e-16,-0.019857938535321463,-0.019857938535321456,-6.9388939039072284e-18,8.7777007884426439e-16,-4.2674197509029455e-16,3072,3072,1.0234375,2
751,18.775000000000002,1.5899392061862553e-17,1.2981018574792232e-14,1.6132928326584306e-16,2.1196435729752623e-17,-2.0481971221310073e-17,-0.020137573431286526,0.020137573431286526,0,-0.020137573431285975,-0.020137573431285923,-5.2041704279304213e-17,-5.5164206536062466e-16,6.0368376963992887e-16,1536,1536,1.01171875,2
752,18.800000000000001,1.709707612173072e-17,1.4269471389264947e-14,1.3530843112619095e-16,2.319532250736137e-17,-1.2047887341185186e-17,-0.020377052915499405,0.020377052915499183,-2.2204460492503131e-16,-0.02037705291549954,-0.020377052915499592,5.2041704279304213e-17,1.3530843112619095e-16,-4.0939474033052647e-16,512,512,1.00390625,2
753,18.824999999999999,1.6395858507924789e-17,1.4014480049377877e-14,1.6609977282477928e-16,2.1488469466870208e-17,2.0865675113101e-17,-0.020615653992704708,0.020615653992705152,4.4408920985006262e-16,-0.020615653992705336,-0.020615653992705364,2.7755575615628914e-17,6.2796989830360417e-16,-2.1163626406917047e-16,3584,3584,1.02734375,2
754,18.850000000000001,1.7487871901114263e-17,1.5318472870596338e-14,1.5482407023093003e-16,2.3345615130667586e-17,-5.751473222800852e-17,-0.020857585503536669,0.02085758550353578,-8.8817841970012523e-16,-0.02085758550353551,-0.020857585503535565,5.5511151231257827e-17,-1.1587952819525071e-15,2.1510571102112408e-16,2560,2560,1.01953125,2
755,18.875,1.815763383898273e-17,1.6338476036746144e-14,1.4398204850607499e-16,2.4440611247589781e-17,5.8222271963453985e-17,-0.021113942745236258,0.021113942745238035,1.7763568394002505e-15,-0.021113942745238062,-0.021113942745238125,6.2450045135165055e-17,1.8041124150158794e-15,-9.0205620750793969e-17,1536,1536,1.01171875,2
756,18.900000000000002,1.9317371432440306e-17,1.7849158311879044e-14,1.6523241108679088e-16,2.6142705459855788e-17,5.3642437217308995e-17,-0.021348027186567364,0.021348027186567142,-2.2204460492503131e-16,-0.021348027186566882,-0.021348027186566986,1.0408340855860843e-16,-4.8225312632155237e-16,1.5612511283791264e-16,2560,2560,1.01953125,2
757,18.925000000000001,1.9336891417281868e-17,1.8362022678441674e-14,1.5439038936193583e-16,2.6537684887358804e-17,6.8875107016203344e-17,-0.021571558012006165,0.021571558012005942,-2.2204460492503131e-16,-0.021571558012005849,-0.021571558012005818,-3.1225022567582528e-17,-3.1571967262777889e-16,1.2490009027033011e-16,1024,1024,1.0078125,2
758,18.949999999999999,1.98095845845931e-17,1.937595321344345e-14,1.5048726154098802e-16,2.6630074163390318e-17,1.3325700077422877e-17,-0.021796965761325282,0.021796965761325504,2.2204460492503131e-16,-0.02179696576132575,-0.021796965761325705,-4.5102810375396984e-17,4.6837533851373792e-16,-2.0122792321330962e-16,2048,2048,1.015625,2
759,18.975000000000001,2.7046565376328411e-17,2.7265175865867119e-14,2.0469737016526324e-16,3.8447088209114755e-17,-1.7926891260886365e-17,-0.022026050854581314,0.02202605085458087,-4.4408920985006262e-16,-0.022026050854580325,-0.02202605085458037,4.5102810375396984e-17,-9.8879238130678004e-16,4.9960036108132044e-16,2048,2048,1.015625,2
760,19,1.9504259532849508e-17,2.0317206261504948e-14,1.6132928326584306e-16,2.5642457308614564e-17,9.0834423550420859e-17,-0.022253131299283524,0.022253131299284634,1.1102230246251565e-15,-0.022253131299284776,-0.022253131299284808,3.1225022567582528e-17,1.2524703496552547e-15,-1.7347234759768071e-16,2560,2560,1.01953125,2
761,19.025000000000002,2.2540792634215544e-17,2.4265368015524266e-14,1.8041124150158794e-16,3.0868806852761187e-17,-1.5341721037183849e-17,-0.02247524823235203,0.022475248232351586,-4.4408920985006262e-16,-0.022475248232351547,-0.022475248232351554,6.9388939039072284e-18,-4.8225312632155237e-16,3.1225022567582528e-17,1536,1536,1.01171875,2
762,19.050000000000001,2.0421537400214801e-17,2.2732636281389089e-14,1.7520707107365752e-16,2.7674633149257244e-17,2.4004943840770319e-17,-0.022649609390875014,0.022649609390874348,-6.6613381477509392e-16,-0.022649609390874525,-0.022649609390874549,2.4286128663675299e-17,-4.891920202254596e-16,-2.0122792321330962e-16,2560,2560,1.01953125,2
763,19.074999999999999,2.0495132699988308e-17,2.364664399535827e-14,1.6002824065886045e-16,2.7276011104295468e-17,1.6298200259130061e-17,-0.02285775658954492,0.022857756589545586,6.6613381477509392e-16,-0.022857756589545811,-0.022857756589545777,-3.4694469519536142e-17,8.9164786665207885e-16,-1.9081958235744878e-16,2048,2048,1.015625,2
764,19.100000000000001,2.1963691962451546e-17,2.629361127770511e-14,1.7520707107365752e-16,2.9563390812633043e-17,-1.3173915260095009e-16,-0.023096295773131104,0.023096295773129993,-1.1102230246251565e-15,-0.023096295773130531,-0.023096295773130496,-3.4694469519536142e-17,-5.7245874707234634e-16,-5.0306980803327406e-16,2560,2560,1.01953125,2
765,19.125,2.3166436809480991e-17,2.8827804633768472e-14,2.0957627994144801e-16,3.1586809214582442e-17,-1.4001059631296774e-16,-0.023285901273492726,0.023285901273492282,-4.4408920985006262e-16,-0.023285901273492466,-0.023285901273492404,-6.2450045135165055e-17,-2.6020852139652106e-16,-1.214306433183765e-16,1024,1024,1.0078125,2
766,19.150000000000002,2.1733894414676442e-17,2.8095386956502837e-14,2.2746561578745883e-16,2.9052067242902314e-17,3.9568523452759641e-17,-0.023440839072801367,0.023440839072800923,-4.4408920985006262e-16,-0.023440839072801721,-0.023440839072801617,-1.0408340855860843e-16,3.5388358909926865e-16,-6.9388939039072284e-16,2048,2048,1.015625,2
767,19.175000000000001,2.2535417164016835e-17,3.0319842432077855e-14,1.8751276573136799e-16,3.0327829505920873e-17,-1.9353956003234808e-17,-0.023598881798898574,0.023598881798897242,-1.3322676295501878e-15,-0.023598881798897332,-0.023598881798897214,-1.1796119636642288e-16,-1.2420620087993939e-15,2.7755575615628914e-17,1536,1536,1.01171875,2
768,19.200000000000003,2.1262479798764655e-17,2.9823293502912181e-14,1.8648277366750676e-16,2.8406072646539117e-17,6.1970850408950911e-17,-0.023825113993071412,0.023825113993072522,1.1102230246251565e-15,-0.023825113993072754,-0.02382511399307272,-3.4694469519536142e-17,1.3426759704060487e-15,-1.9775847626135601e-16,1536,1536,1.01171875,2
769,19.225000000000001,2.2376220444579042e-17,3.2745861060694396e-14,1.8800065670898647e-16,2.9702379502343188e-17,-2.6918067382250213e-17,-0.024013967229855382,0.024013967229854716,-6.6613381477509392e-16,-0.024013967229854678,-0.024013967229854671,-6.9388939039072284e-18,-7.0429773124658368e-16,4.5102810375396984e-17,3584,3584,1.02734375,2
770,19.25,2.490756698349761e-17,3.8045650709972208e-14,2.0513105103425744e-16,3.3396177404412549e-17,-1.0167022422694119e-16,-0.024124812183321964,0.024124812183321964,0,-0.024124812183321999,-0.02412481218332194,-5.8980598183211441e-17,3.4694469519536142e-17,2.4286128663675299e-17,1024,1024,1.0078125,2
771,19.275000000000002,2.2660977214447684e-17,3.6071187883674873e-14,2.1597307275911248e-16,3.0068568055596289e-17,4.0102367291379114e-17,-0.024267296326909715,0.024267296326909937,2.2204460492503131e-16,-0.024267296326909684,-0.024267296326909705,2.0816681711721685e-17,-3.1225022567582528e-17,2.3245294578089215e-16,2560,2560,1.01953125,2
772,19.300000000000001,2.2999279465024145e-17,3.816594287639829e-14,1.8572383214676691e-16,3.1312438963018343e-17,-5.0922857984323452e-17,-0.024448707599537656,0.024448707599538322,6.6613381477509392e-16,-0.024448707599538499,-0.024448707599538523,2.4286128663675299e-17,8.4307560932472825e-16,-2.0122792321330962e-16,1536,1536,1.01171875,2
773,19.325000000000003,2.4002056596102441e-17,4.1533526645546825e-14,2.0469737016526324e-16,3.2279192361422729e-17,8.6863604932209336e-17,-0.024601799761718723,0.024601799761718279,-4.4408920985006262e-16,-0.024601799761718352,-0.024601799761718432,7.9797279894933126e-17,-3.7123082385903672e-16,-1.5265566588595902e-16,2048,2048,1.015625,2
774,19.350000000000001,2.2678970626034745e-17,4.0846095198276484e-14,1.8753987078568013e-16,3.0571286685134479e-17,-1.192371947924842e-16,-0.024719032636214777,0.024719032636213445,-1.3322676295501878e-15,-0.024719032636213802,-0.02471903263621384,3.8163916471489756e-17,-9.7491459349896559e-16,-3.9551695252271202e-16,2048,2048,1.015625,2
775,19.375,2.2245867647315706e-17,4.157477010368592e-14,1.7911019889460533e-16,2.9420379815022692e-17,-7.6178716381311885e-17,-0.024819876758865433,0.024819876758865878,4.4408920985006262e-16,-0.024819876758866377,-0.024819876758866329,-4.8572257327350599e-17,9.4368957093138306e-16,-4.5102810375396984e-16,2560,2560,1.01953125,2
776,19.400000000000002,3.2669682298871979e-17,6.3046721331945649e-14,2.6877371855915655e-16,4.6154924867753062e-17,-2.1947367837378153e-16,-0.02495626372809312,0.024956263728091121,-1.9984014443252818e-15,-0.024956263728091753,-0.024956263728091788,3.4694469519536142e-17,-1.366962099069724e-15,-6.6613381477509392e-16,0,0,1,1
777,19.425000000000001,2.2891007261713025e-17,4.5514718577744046e-14,2.0816681711721685e-16,3.0530659709348937e-17,-1.5621741355675815e-17,-0.025085770013985709,0.025085770013986153,4.4408920985006262e-16,-0.025085770013986673,-0.025085770013986639,-3.4694469519536142e-17,9.6450625264310474e-16,-4.8572257327350599e-16,3072,3072,1.0234375,2
778,19.450000000000003,2.4818370804171761e-17,5.0525664279145479e-14,2.0713682505335562e-16,3.3467230920098798e-17,1.4855568375579628e-16,-0.025156480615722288,0.025156480615721399,-8.8817841970012523e-16,-0.025156480615721871,-0.025156480615721889,1.7347234759768071e-17,-4.163336342344337e-16,-4.891920202254596e-16,1536,1536,1.01171875,2
779,19.475000000000001,2.2918099868002843e-17,4.7464262594660235e-14,2.0843786766033823e-16,3.0726003710129134e-17,-7.2591381985316969e-17,-0.025267148924838168,0.025267148924837723,-4.4408920985006262e-16,-0.025267148924837547,-0.025267148924837494,-5.2041704279304213e-17,-6.2103100439969694e-16,2.2898349882893854e-16,2048,2048,1.015625,2
780,19.5,2.775885484587011e-17,5.7972956006397803e-14,2.8441333489725995e-16,3.8224512879732035e-17,4.5014005799928769e-17,-0.025330358890290228,0.025330358890290672,4.4408920985006262e-16,-0.025330358890290661,-0.025330358890290644,-1.7347234759768071e-17,4.3368086899420177e-16,2.7755575615628914e-17,2048,2048,1.015625,2
781,19.525000000000002,2.3338710311963681e-17,4.8792953900597257e-14,2.0686577451023425e-16,3.0731979773399751e-17,-4.2025493590765554e-17,-0.025414900999022549,0.02541490099902366,1.1102230246251565e-15,-0.025414900999023535,-0.025414900999023639,1.0408340855860843e-16,9.8532293435482643e-16,2.0816681711721685e-17,1536,1536,1.01171875,2
782,19.550000000000001,2.3442470131248429e-17,4.8755827591304114e-14,1.7347234759768071e-16,3.1991899049377256e-17,-5.7332619616781722e-17,-0.025484576876314335,0.025484576876312559,-1.7763568394002505e-15,-0.025484576876312493,-0.025484576876312569,7.6327832942979512e-17,-1.8422763314873691e-15,-1.0408340855860843e-17,3072,3072,1.0234375,2
783,19.575000000000003,2.4408937923785695e-17,5.0081996108579168e-14,2.0187844451680093e-16,3.3291641045709179e-17,1.8832876697171664e-17,-0.025544682587870682,0.025544682587872236,1.5543122344752192e-15,-0.02554468258787233,-0.025544682587872274,-5.5511151231257827e-17,1.6479873021779667e-15,-3.8163916471489756e-17,1024,1024,1.0078125,2
784,19.600000000000001,2.4865587328323357e-17,5.0018491323402078e-14,1.9504797083014225e-16,3.4047326079162033e-17,3.0078439691554225e-17,-0.025566383164829176,0.025566383164828732,-4.4408920985006262e-16,-0.025566383164828267,-0.025566383164828291,2.4286128663675299e-17,-9.0899510141184692e-16,4.40619762898109e-16,2048,2048,1.015625,2
785,19.625,2.4518205366572099e-17,4.798493626830216e-14,1.9521060115601507e-16,3.3515039277629721e-17,4.5074497044456883e-17,-0.025603189073480692,0.025603189073481136,4.4408920985006262e-16,-0.025603189073481105,-0.025603189073481053,-5.2041704279304213e-17,4.1286418728248009e-16,8.3266726846886741e-17,1024,1024,1.0078125,2
786,19.650000000000002,2.2232228114856816e-17,4.2113184431817888e-14,2.1743674569196791e-16,2.9552793530386988e-17,-1.367323535705622e-16,-0.025633778599564394,0.02563377859956395,-4.4408920985006262e-16,-0.025633778599563513,-0.025633778599563464,-4.8572257327350599e-17,-8.81239525796218e-16,4.8572257327350599e-16,2560,2560,1.01953125,2
787,19.675000000000001,2.602115670302195e-17,4.7565452665230508e-14,2.2930875948068419e-16,3.5347146197209816e-17,-1.5675608303450247e-16,-0.025674945037399866,0.025674945037400088,2.2204460492503131e-16,-0.025674945037399487,-0.025674945037399401,-8.6736173798840355e-17,-3.7816971776294395e-16,6.8695049648681561e-16,1536,1536,1.01171875,2
788,19.700000000000003,2.3718425254375499e-17,4.1722971597791738e-14,2.5066754227864863e-16,3.1621327920371026e-17,-1.1030980713352738e-16,-0.025675583272647629,0.025675583272648073,4.4408920985006262e-16,-0.025675583272648371,-0.02567558327264835,-2.0816681711721685e-17,7.4246164771807344e-16,-2.7755575615628914e-16,3072,3072,1.0234375,2
789,19.725000000000001,2.1978158494939428e-17,3.7144661175896721e-14,1.8550699171226981e-16,2.956829777081133e-17,7.2794579664816203e-17,-0.025593869736411534,0.02559386973641109,-4.4408920985006262e-16,-0.025593869736410913,-0.025593869736411038,1.2490009027033011e-16,-6.2103100439969694e-16,5.2041704279304213e-17,512,512,1.00390625,2
790,19.75,2.6418757423388955e-17,4.2840550217916684e-14,2.0990154059319366e-16,3.661088357895174e-17,-1.0185327241606015e-16,-0.025594920861506054,0.025594920861506942,8.8817841970012523e-16,-0.025594920861507438,-0.025594920861507494,5.5511151231257827e-17,1.3843093338294921e-15,-5.5164206536062466e-16,1536,1536,1.01171875,2
791,19.775000000000002,2.4032540843622678e-17,3.737404223821058e-14,2.0751629581372555e-16,3.2578390125648703e-17,-9.4327346965375436e-17,-0.025622949078424995,0.025622949078425439,4.4408920985006262e-16,-0.025622949078424561,-0.025622949078424554,-6.9388939039072284e-18,-4.3368086899420177e-16,8.8470897274817162e-16,2560,2560,1.01953125,2
792,19.800000000000001,2.1258197484178091e-17,3.163961334478657e-14,1.8604909279851256e-16,2.8570729422741029e-17,-9.5456905654221446e-17,-0.025581510586221157,0.025581510586221157,0,-0.025581510586220824,-0.025581510586220879,5.5511151231257827e-17,-3.3306690738754696e-16,2.7755575615628914e-16,1024,1024,1.0078125,2
793,19.825000000000003,2.1409967227182223e-17,3.054561593625636e-14,2.2529721144248782e-16,2.8455668334578613e-17,4.8918625578021678e-17,-0.025489421889215436,0.025489421889213659,-1.7763568394002505e-15,-0.025489421889214818,-0.02548942188921495,1.3183898417423734e-16,-6.1756155744774333e-16,-1.2906342661267445e-15,2560,2560,1.01953125,2
794,19.850000000000001,2.2398718717494414e-17,3.0664815101670864e-14,1.9732479539236181e-16,2.9738984965097393e-17,-3.0578709357962805e-17,-0.025349106453113279,0.025349106453113279,0,-0.025349106453113356,-0.02534910645311338,2.4286128663675299e-17,7.6327832942979512e-17,-1.0061396160665481e-16,2560,2560,1.01953125,2
795,19.875,2.1300040091913257e-17,2.8009647159164892e-14,1.9168694409543718e-16,2.8381190935775661e-17,-2.245319628666188e-17,-0.025298252618846107,0.025298252618845662,-4.4408920985006262e-16,-0.025298252618846002,-0.025298252618846009,6.9388939039072284e-18,-1.0408340855860843e-16,-3.4694469519536142e-16,1024,1024,1.0078125,2
796,19.900000000000002,2.2968305317961854e-17,2.9067482972568032e-14,1.7607443281164592e-16,3.1300953689460015e-17,1.122153054559091e-16,-0.025266215728986907,0.025266215728987351,4.4408920985006262e-16,-0.025266215728986834,-0.0252662157289869,6.591949208711867e-17,-7.2858385991025898e-17,4.5102810375396984e-16,512,512,1.00390625,2
797,19.925000000000001,2.0450971508271892e-17,2.4897647403269889e-14,1.7889335846010823e-16,2.778006838186782e-17,-2.4199660882449884e-17,-0.025156155780734935,0.02515615578073449,-4.4408920985006262e-16,-0.025156155780735875,-0.025156155780735812,-6.2450045135165055e-17,9.4022012397942945e-16,-1.321859288694327e-15,3072,3072,1.0234375,2
798,19.950000000000003,2.5127295761383578e-17,2.9420423169096862e-14,2.1684043449710089e-16,3.5103424732174912e-17,4.3513956226527012e-17,-0.024964969504811307,0.024964969504810863,-4.4408920985006262e-16,-0.024964969504811297,-0.024964969504811304,6.9388939039072284e-18,-1.0408340855860843e-17,-4.40619762898109e-16,2048,2048,1.015625,2
799,19.975000000000001,2.0878003556427606e-17,2.3598457401248384e-14,1.6154612370034016e-16,2.8143529013014169e-17,-8.2455073542459829e-17,-0.024810178794295368,0.024810178794294924,-4.4408920985006262e-16,-0.024810178794295649,-0.02481017879429567,2.0816681711721685e-17,2.8102520310824275e-16,-7.4593109467002705e-16,2560,2560,1.01953125,2
800,20,2.0932112209993402e-17,2.2858782446582755e-14,1.8518173106052416e-16,2.8122460267216872e-17,1.1129448096459751e-16,-0.024645955221098248,0.024645955221097804,-4.4408920985006262e-16,-0.024645955221097849,-0.024645955221097787,-6.2450045135165055e-17,-3.9898639947466563e-16,1.7347234759768071e-17,0,0,1,1
801,20.025000000000002,2.031619604458239e-17,2.1472443649536862e-14,1.7433970933566911e-16,2.7400297820224632e-17,-2.7268626713577406e-17,-0.024505211701079332,0.024505211701078,-1.3322676295501878e-15,-0.024505211701079062,-0.024505211701079107,4.5102810375396984e-17,-2.7061686225238191e-16,-1.1067535776732029e-15,2048,2048,1.015625,2
802,20.050000000000001,2.269043268362157e-17,2.3219529903448913e-14,1.8197317025632487e-16,3.1396217237174392e-17,-1.1599761613792007e-16,-0.02431563169406914,0.024315631694067363,-1.7763568394002505e-15,-0.024315631694068477,-0.024315631694068481,3.4694469519536142e-18,-6.6266436782314031e-16,-1.1171619185290638e-15,2560,2560,1.01953125,2
803,20.075000000000003,1.9900219295385142e-17,1.9754883747860831e-14,1.6341637244787766e-16,2.6997712828880709e-17,1.4542087908864837e-17,-0.024104443003627907,0.024104443003628351,4.4408920985006262e-16,-0.024104443003629066,-0.024104443003629059,-6.9388939039072284e-18,1.1587952819525071e-15,-7.0776717819853729e-16,1024,1024,1.0078125,2
804,20.100000000000001,1.8444089630191943e-17,1.7755798571549467e-14,1.6528662119541515e-16,2.4863053420396378e-17,9.3958831469309572e-17,-0.02384863308340357,0.023848633083402238,-1.3322676295501878e-15,-0.023848633083402716,-0.023848633083402786,6.9388939039072284e-17,-8.5348395018058909e-16,-5.4817261840867104e-16,2048,2048,1.015625,2
805,20.125,1.8139681857652486e-17,1.6979078798125786e-14,1.516256738220978e-16,2.4354648780408066e-17,-5.0233122583198803e-17,-0.023572484191619836,0.023572484191619392,-4.4408920985006262e-16,-0.023572484191620165,-0.023572484191620176,1.0408340855860843e-17,3.2959746043559335e-16,-7.8409501114151681e-16,1536,1536,1.01171875,2
806,20.150000000000002,1.7167351504196224e-17,1.5647805139442498e-14,1.6263032587282567e-16,2.280758180848464e-17,4.4777062203365505e-17,-0.023316176818354961,0.023316176818354517,-4.4408920985006262e-16,-0.023316176818355041,-0.023316176818355069,2.7755575615628914e-17,7.9797279894933126e-17,-5.5164206536062466e-16,2048,2048,1.015625,2
807,20.175000000000001,1.6722610532091588e-17,1.4853038514122478e-14,1.457167719820518e-16,2.1928358067867679e-17,3.7962675619919567e-17,-0.023010672557230549,0.023010672557230549,0,-0.023010672557230705,-0.023010672557230744,3.8163916471489756e-17,1.5612511283791264e-16,-1.9428902930940239e-16,1024,1024,1.0078125,2
808,20.200000000000003,1.6500968352506192e-17,1.4301943939724564e-14,1.4051260155412137e-16,2.1994735641411091e-17,7.9070007407721585e-17,-0.022758348929819761,0.022758348929819761,0,-0.022758348929820486,-0.022758348929820465,-2.0816681711721685e-17,7.2511441295830537e-16,-7.0429773124658368e-16,2560,2560,1.01953125,2
809,20.225000000000001,1.6615008474772e-17,1.407014305230582e-14,1.4961989980299961e-16,2.1902258005688051e-17,-7.5933757877460166e-17,-0.022406866915007484,0.022406866915006596,-8.8817841970012523e-16,-0.022406866915007331,-0.022406866915007324,-6.9388939039072284e-18,-1.5265566588595902e-16,-7.2858385991025898e-16,1024,1024,1.0078125,2
810,20.25,1.6998000420636879e-17,1.4071035826180015e-14,1.4810201676151991e-16,2.2831067314306702e-17,-2.3741555568582747e-17,-0.021988086482837232,0.021988086482835456,-1.7763568394002505e-15,-0.021988086482836414,-0.021988086482836417,3.4694469519536142e-18,-8.1878948066105295e-16,-9.6103680569115113e-16,2560,2560,1.01953125,2
811,20.275000000000002,1.5386333764598881e-17,1.245519921553461e-14,1.3530843112619095e-16,2.0320468185616977e-17,2.9032021899836546e-17,-0.021585182276412596,0.021585182276412596,0,-0.021585182276412106,-0.021585182276412134,2.7755575615628914e-17,-4.891920202254596e-16,4.6143644460983069e-16,1536,1536,1.01171875,2
812,20.300000000000001,1.5975984807979591e-17,1.2676249538748249e-14,1.4181364416110398e-16,2.1001443952817009e-17,-6.0144989336608165e-17,-0.02121454237460263,0.02121454237460263,0,-0.021214542374602959,-0.021214542374602924,-3.4694469519536142e-17,3.2959746043559335e-16,-2.9490299091605721e-16,1536,1536,1.01171875,2
813,20.325000000000003,1.5147626503704353e-17,1.179314913958036e-14,1.2490009027033011e-16,2.0438473849351974e-17,1.8256994982729528e-17,-0.020812236588676924,0.020812236588678257,1.3322676295501878e-15,-0.020812236588677684,-0.020812236588677677,-6.9388939039072284e-18,7.5980888247784151e-16,5.7939764097625357e-16,1536,1536,1.01171875,2
814,20.350000000000001,1.451010132156125e-17,1.109769163344045e-14,1.2923689896027213e-16,1.9353857498486476e-17,-7.9784568731125766e-17,-0.020348203377997365,0.020348203377996921,-4.4408920985006262e-16,-0.020348203377996261,-0.020348203377996251,-1.0408340855860843e-17,-1.1032841307212493e-15,6.6960326172704754e-16,512,512,1.00390625,2
815,20.375,1.4529949560689049e-17,1.0922569993269122e-14,1.2506272059620294e-16,1.957833290697267e-17,9.8729451290539067e-18,-0.019831406553286968,0.019831406553287856,8.8817841970012523e-16,-0.019831406553287384,-0.019831406553287405,2.0816681711721685e-17,4.163336342344337e-16,4.5102810375396984e-16,2560,2560,1.01953125,2
816,20.400000000000002,1.6241462670324858e-17,1.2009275687336618e-14,1.4007892068512717e-16,2.2088850442049785e-17,-1.7461676077659858e-17,-0.019197650516840525,0.019197650516840525,0,-0.01919765051683989,-0.019197650516839859,-3.1225022567582528e-17,-6.349087922075114e-16,6.6613381477509392e-16,2048,2048,1.015625,2
817,20.425000000000001,1.3534917092318006e-17,9.8508622234837656e-15,1.1622647289044608e-16,1.7876152267257347e-17,4.2930544812034078e-17,-0.018708732372280323,0.018708732372280323,0,-0.018708732372280368,-0.018708732372280365,-3.4694469519536142e-18,4.5102810375396984e-17,-4.163336342344337e-17,2560,2560,1.01953125,2
818,20.450000000000003,1.2614648644853321e-17,9.0460845772012063e-15,1.0928757898653885e-16,1.6852459778296775e-17,-3.7643931606094698e-17,-0.018208606919570158,0.018208606919571046,8.8817841970012523e-16,-0.018208606919570585,-0.018208606919570589,3.4694469519536142e-18,4.2674197509029455e-16,4.5796699765787707e-16,1536,1536,1.01171875,2
819,20.475000000000001,1.220757356706e-17,8.6396591705633112e-15,1.1362438767648086e-16,1.6176307016905203e-17,-1.76535430620713e-17,-0.017570002105564697,0.017570002105563809,-8.8817841970012523e-16,-0.017570002105564364,-0.017570002105564451,8.6736173798840355e-17,-3.3306690738754696e-16,-6.4184768611141862e-16,512,512,1.00390625,2
820,20.5,1.325342308300598e-17,9.263198847773301e-15,1.0711917464156784e-16,1.8017959484431887e-17,-4.3568987506376217e-17,-0.016887700672311823,0.016887700672314487,2.6645352591003757e-15,-0.016887700672312548,-0.016887700672312569,2.0816681711721685e-17,7.2511441295830537e-16,1.9186041644303486e-15,1024,1024,1.0078125,2
821,20.525000000000002,1.1411656436168574e-17,7.8827735366293767e-15,1.0668549377257364e-16,1.5178563261308602e-17,1.0076911037848697e-16,-0.016139699852256939,0.016139699852257827,8.8817841970012523e-16,-0.016139699852256082,-0.016139699852256068,-1.3877787807814457e-17,-8.569533971325427e-16,1.7590096046404824e-15,3072,3072,1.0234375,2
822,20.550000000000001,1.1375395116535828e-17,7.773366065883922e-15,9.6927674220204096e-17,1.5094789174754404e-17,-8.8376464324274255e-18,-0.015378416782137805,0.015378416782139581,1.7763568394002505e-15,-0.015378416782139435,-0.015378416782139439,3.4694469519536142e-18,1.6306400674181987e-15,1.4224732503009818e-16,2048,2048,1.015625,2
823,20.575000000000003,1.0790969665412408e-17,7.2986230733823876e-15,9.2374025095764978e-17,1.4396782750712405e-17,6.0969640908293705e-17,-0.01464043932349135,0.01464043932349135,0,-0.014640439323490573,-0.014640439323490587,1.3877787807814457e-17,-7.7715611723760958e-16,7.6327832942979512e-16,1024,1024,1.0078125,2
824,20.600000000000001,1.0931012316622912e-17,7.3260475347474742e-15,8.8904578143811364e-17,1.4652088314770618e-17,-1.0815211048668573e-17,-0.013894734642409645,0.013894734642410089,4.4408920985006262e-16,-0.013894734642409185,-0.013894734642409232,4.6837533851373792e-17,-4.5970172113385388e-16,8.569533971325427e-16,1024,1024,1.0078125,2
825,20.625,9.8813228106699942e-18,6.5650361108289688e-15,8.6356703038470428e-17,1.3114969724520919e-17,4.0090723029408511e-17,-0.01307877678606495,0.013078776786065394,4.4408920985006262e-16,-0.013078776786064965,-0.013078776786065002,3.6429192995512949e-17,1.5612511283791264e-17,3.920475055707584e-16,2560,2560,1.01953125,2
826,20.650000000000002,8.8235694699670932e-18,5.8182581863132305e-15,9.1940344226770776e-17,1.1544388641189639e-17,-1.7578420959113108e-17,-0.012095276773580466,0.012095276773580022,-4.4408920985006262e-16,-0.012095276773580351,-0.012095276773580339,-1.214306433183765e-17,-1.1449174941446927e-16,-3.174543961037557e-16,2048,2048,1.015625,2
827,20.675000000000001,8.203890266521988e-18,5.3739207755710558e-15,7.1123662515049091e-17,1.0799143900149866e-17,2.0018498119131385e-17,-0.011156303433741854,0.01115630343374141,-4.4408920985006262e-16,-0.01115630343374183,-0.011156303433741823,-6.9388939039072284e-18,-2.4286128663675299e-17,-4.1286418728248009e-16,1024,1024,1.0078125,2
828,20.700000000000003,7.8296580627630044e-18,5.099065576630384e-15,7.827939685345342e-17,1.0308819344244561e-17,1.5533141721488273e-17,-0.010184354829659625,0.010184354829661846,2.2204460492503131e-15,-0.010184354829660602,-0.01018435482966064,3.8163916471489756e-17,9.7664931697494239e-16,1.2056328158038809e-15,1536,1536,1.01171875,2
829,20.725000000000001,7.6241356538426643e-18,4.9399381166713769e-15,7.0256300777060687e-17,1.00704103562209e-17,-3.3171133767648776e-17,-0.0090786701512151069,0.0090786701512164392,1.3322676295501878e-15,-0.0090786701512148536,-0.0090786701512148519,-1.7347234759768071e-18,-2.5326962749261384e-16,1.5872719805187785e-15,1536,1536,1.01171875,2
830,20.75,8.0131323921970664e-18,5.1692981163997991e-15,6.7871055997592578e-17,1.0764802450119264e-17,5.5175844498649731e-17,-0.0080187050540008187,0.0080187050540003746,-4.4408920985006262e-16,-0.0080187050540001161,-0.0080187050540001491,3.2959746043559335e-17,-7.0256300777060687e-16,2.2551405187698492e-16,1024,1024,1.0078125,2
831,20.775000000000002,7.3978121365646536e-18,4.755364824674015e-15,6.8955258170078082e-17,9.7658876911186247e-18,7.3622907199846461e-18,-0.0068868231295553528,0.0068868231295549087,-4.4408920985006262e-16,-0.0068868231295558168,-0.0068868231295557934,-2.3418766925686896e-17,4.640385298237959e-16,-8.8470897274817162e-16,2560,2560,1.01953125,2
832,20.800000000000001,6.0854970367857253e-18,3.9019683835507135e-15,6.852157730108388e-17,8.006595012244432e-18,-9.2768612134665507e-19,-0.0057411159614222385,0.0057411159614222385,0,-0.0057411159614223616,-0.0057411159614224145,5.2909066017292616e-17,1.231653667943533e-16,-1.7607443281164592e-16,1536,1536,1.01171875,2
833,20.825000000000003,5.3937650035025901e-18,3.45164008780629e-15,5.5511151231257827e-17,7.1627573861482416e-18,-2.741605861187601e-17,-0.0045276624977823587,0.0045276624977814706,-8.8817841970012523e-16,-0.004527662497782324,-0.0045276624977822529,-7.1123662515049091e-17,-3.4694469519536142e-17,-7.8236028766554e-16,2048,2048,1.015625,2
834,20.850000000000001,5.0472882203475183e-18,3.2258063691926306e-15,5.2692225582795515e-17,6.6942531956425347e-18,-1.6523112431816585e-17,-0.0031997541890049774,0.0031997541890045333,-4.4408920985006262e-16,-0.0031997541890057793,-0.003199754189005791,1.1709383462843448e-17,8.0187592677027908e-16,-1.2576745200831851e-15,512,512,1.00390625,2
835,20.875,4.3634184662574135e-18,2.7881299816060824e-15,4.9873299934333204e-17,5.5341831159729184e-18,-1.1283413128671669e-17,-0.001821856346166939,0.0018218563461656068,-1.3322676295501878e-15,-0.0018218563461662525,-0.0018218563461662798,2.7321894746634712e-17,-6.8651681561782141e-16,-6.7307270867900115e-16,1536,1536,1.01171875,2
836,20.900000000000002,4.1651650802876708e-18,2.6626654534128185e-15,4.3801767768414379e-17,5.4549756997101702e-18,9.8762661906809189e-18,-0.00032164070063167571,0.00032164070063034345,-1.3322676295501878e-15,-0.00032164070063085958,-0.00032164070063088723,2.7647155398380363e-17,-8.1613318533846346e-16,-5.4378159961010475e-16,1536,1536,1.01171875,2
837,20.925000000000001,3.5075641563488352e-18,2.245392947910714e-15,4.0115480381963664e-17,4.4843967363755697e-18,9.919082621036739e-18,0.001199610817160135,-0.001199610817160135,0,0.0011996108171590152,0.0011996108171589968,1.8431436932253575e-17,1.119764003743029e-15,-1.1381954406752826e-15,2048,2048,1.015625,2
838,20.950000000000003,3.0737881779481302e-18,1.9721887259962892e-15,3.6429192995512949e-17,3.8867666795700096e-18,5.9443699528285751e-18,0.0026286030900184443,-0.0026286030900188884,-4.4408920985006262e-16,0.0026286030900180002,0.002628603090017949,5.1174342541315809e-17,4.4408920985006262e-16,-9.3935276224144104e-16,2048,2048,1.015625,2
839,20.975000000000001,2.579396502114333e-18,1.659828498535113e-15,3.6862873864507151e-17,3.2086683893777141e-18,-6.5214692518465426e-18,0.0041250118853977114,-0.0041250118853994877,-1.7763568394002505e-15,0.0041250118853978302,0.0041250118853977885,4.163336342344337e-17,-1.1882855810441129e-16,-1.6991616447192825e-15,1536,1536,1.01171875,2
840,21,2.2173064562458411e-18,1.4323917244205269e-15,2.7321894746634712e-17,2.695545029730435e-18,-1.7130926536880673e-17,0.0057797240147845486,-0.0057797240147863249,-1.7763568394002505e-15,0.0057797240147847559,0.0057797240147848296,-7.3725747729014302e-17,-2.0729945537922845e-16,-1.4953316362920077e-15,512,512,1.00390625,2
841,21.025000000000002,1.8985764841317551e-18,1.2320591749493197e-15,2.7755575615628914e-17,2.2440536826029572e-18,1.1994104207771661e-17,0.0075124534065498239,-0.0075124534065511561,-1.3322676295501878e-15,0.0075124534065500667,0.0075124534065501248,-5.8113236445223038e-17,-2.4286128663675299e-16,-1.0312931064682118e-15,1024,1024,1.0078125,2
842,21.050000000000001,1.7602575178152465e-18,1.1486374255098985e-15,2.1684043449710089e-17,2.0514775961734265e-18,-1.0857269570673645e-17,0.0093444223470733334,-0.0093444223470742216,-8.8817841970012523e-16,0.0093444223470736977,0.0093444223470737203,-2.2551405187698492e-17,-3.6429192995512949e-16,-5.0133508455729725e-16,1536,1536,1.01171875,2
843,21.075000000000003,1.906922794766933e-18,1.2523571186167829e-15,2.3418766925686896e-17,2.1424249283762022e-18,-1.1787371025441088e-18,0.011222602349093336,-0.011222602349095112,-1.7763568394002505e-15,0.011222602349094014,0.011222602349094064,-5.0306980803327406e-17,-6.7827687910693157e-16,-1.0477729794899915e-15,3072,3072,1.0234375,2
844,21.100000000000001,2.1962374873352932e-18,1.452602915694327e-15,2.3852447794681098e-17,2.6992173949950937e-18,-1.1882394603954632e-17,0.013080359914663831,-0.013080359914664719,-8.8817841970012523e-16,0.013080359914663355,0.013080359914663412,-5.7245874707234634e-17,4.7531423241764514e-16,-1.3062467774105357e-15,1536,1536,1.01171875,2
845,21.125,2.4179485951758951e-18,1.6120187830605633e-15,2.688821387764051e-17,3.0658275324796105e-18,-7.2519525440969568e-18,0.014954198946718122,-0.014954198946719455,-1.3322676295501878e-15,0.014954198946718379,0.014954198946718362,1.7347234759768071e-17,-2.5673907444456745e-16,-1.0928757898653885e-15,512,512,1.00390625,2
846,21.150000000000002,2.947808417367077e-18,1.9828752222693509e-15,2.6020852139652106e-17,3.8991938210403523e-18,-7.3061620674854686e-18,0.016845742950486908,-0.016845742950485132,1.7763568394002505e-15,0.016845742950485691,0.016845742950485736,-4.5102810375396984e-17,1.2177758801357186e-15,6.0368376963992887e-16,1536,1536,1.01171875,2
847,21.175000000000001,3.2721923912293647e-18,2.2232532001540604e-15,3.1658703436576729e-17,4.2823914113483938e-18,-2.027975927258666e-17,0.018802862256565689,-0.018802862256566577,-8.8817841970012523e-16,0.018802862256566077,0.018802862256566081,-3.4694469519536142e-18,-3.8857805861880479e-16,-4.9613091412936683e-16,2048,2048,1.015625,2
848,21.200000000000003,4.0963016810013864e-18,2.8133900366831934e-15,4.3368086899420177e-17,5.5499766660476767e-18,-4.3656014674009049e-18,0.020954731711503527,-0.020954731711504859,-1.3322676295501878e-15,0.020954731711504835,0.020954731711504852,-1.7347234759768071e-17,-1.3079815008865125e-15,-6.9388939039072284e-18,1536,1536,1.01171875,2
849,21.225000000000001,4.3275298294998513e-18,3.0069660913197307e-15,3.7296554733501353e-17,5.6630981416894524e-18,1.1277366133679495e-17,0.023134159328755288,-0.023134159328753068,2.2204460492503131e-15,0.023134159328753751,0.023134159328753671,7.9797279894933126e-17,1.5369649997154511e-15,6.0368376963992887e-16,1024,1024,1.0078125,2
850,21.25,5.1318746280601516e-18,3.6100720729419813e-15,4.8138576458356397e-17,6.8523079525699793e-18,-1.9084673224250969e-17,0.025216286548989331,-0.025216286548989775,-4.4408920985006262e-16,0.02521628654898958,0.025216286548989528,5.2041704279304213e-17,-2.4980018054066022e-16,-2.4633073358870661e-16,512,512,1.00390625,2
851,21.275000000000002,5.5749309351566611e-18,3.975524895675647e-15,4.5970172113385388e-17,7.4258035351264909e-18,-9.1900071346105832e-18,0.027273278554341474,-0.027273278554341474,0,0.027273278554342296,0.027273278554342244,5.2041704279304213e-17,-8.2225892761300656e-16,7.7021722333370235e-16,2048,2048,1.015625,2
852,21.300000000000001,5.9872579627950273e-18,4.3289061461335374e-15,5.3342746886286818e-17,7.7947856065551538e-18,-9.2162194349913433e-18,0.029393413484585906,-0.029393413484585906,0,0.029393413484586076,0.02939341348458618,-1.0408340855860843e-16,-1.700029006457271e-16,2.7408630920433552e-16,6656,6656,1.05078125,2
853,21.325000000000003,6.364295503002232e-18,4.6639718030036908e-15,5.5511151231257827e-17,8.2912857636668091e-18,-3.4508230161240011e-17,0.031218217535823101,-0.031218217535821768,1.3322676295501878e-15,0.031218217535822684,0.031218217535822684,0,4.163336342344337e-16,9.1593399531575415e-16,2560,2560,1.01953125,2
854,21.350000000000001,8.9013577962947118e-18,6.6199214059887853e-15,6.5485811218124468e-17,1.2200635766429218e-17,-2.189361650665517e-17,0.032810710631792972,-0.032810710631792528,4.4408920985006262e-16,0.032810710631792778,0.032810710631792819,-4.163336342344337e-17,1.9428902930940239e-16,2.9143354396410359e-16,1536,1536,1.01171875,2
855,21.375,7.7510175284871999e-18,5.8581527975339027e-15,7.2424705122031696e-17,1.0024875071626229e-17,-3.7696336099225565e-17,0.034232657434815295,-0.034232657434813962,1.3322676295501878e-15,0.034232657434814712,0.034232657434814788,-7.6327832942979512e-17,5.8286708792820718e-16,8.2572837456496018e-16,4608,4608,1.03515625,2
856,21.400000000000002,7.8136429207979341e-18,6.0052626626944321e-15,7.5460471204991109e-17,1.0236288141479823e-17,-3.3948568695252271e-17,0.035657690570777945,-0.035657690570778389,-4.4408920985006262e-16,0.035657690570778153,0.035657690570778042,1.1102230246251565e-16,-2.0816681711721685e-16,-3.4694469519536142e-16,2560,2560,1.01953125,2
857,21.425000000000001,8.0647800218364643e-18,6.3051873894513621e-15,7.6544673377476613e-17,1.0529065824160823e-17,1.3744092074123258e-17,0.036896526011899411,-0.036896526011898523,8.8817841970012523e-16,0.036896526011899605,0.036896526011899501,1.0408340855860843e-16,-1.9428902930940239e-16,9.783840404509192e-16,1536,1536,1.01171875,2
858,21.450000000000003,8.8145753461126875e-18,7.0151787621000652e-15,8.1965684239904135e-17,1.1539601178298125e-17,5.8204622939899397e-18,0.037966169381132175,-0.037966169381129955,2.2204460492503131e-15,0.037966169381131558,0.037966169381131461,9.7144514654701197e-17,6.1756155744774333e-16,1.5057399771478686e-15,1536,1536,1.01171875,2
859,21.475000000000001,9.0315518519784595e-18,7.3182644195041464e-15,8.5435131191857749e-17,1.1518194222259046e-17,-1.5520878594216096e-17,0.038959395540500097,-0.038959395540501429,-1.3322676295501878e-15,0.038959395540501721,0.038959395540501769,-4.8572257327350599e-17,-1.6237011735142914e-15,3.4000580129145419e-16,2048,2048,1.015625,2
860,21.5,9.9406817365473969e-18,8.217618807251864e-15,8.7169854667834556e-17,1.2923622925416872e-17,5.6274385097997133e-17,0.039944885772971617,-0.039944885772970284,1.3322676295501878e-15,0.039944885772971339,0.039944885772971291,4.8572257327350599e-17,2.7755575615628914e-16,1.0061396160665481e-15,3072,3072,1.0234375,2
861,21.525000000000002,1.0312979786218693e-17,8.7013818837763646e-15,8.9338259012805565e-17,1.3505448404149899e-17,-1.5714144868434375e-18,0.041026196463993969,-0.041026196463993525,4.4408920985006262e-16,0.041026196463994032,0.041026196463994045,-1.3877787807814457e-17,-6.2450045135165055e-17,5.2041704279304213e-16,1536,1536,1.01171875,2
862,21.550000000000001,1.3782908416114182e-17,1.1858808941612792e-14,1.1384122811097797e-16,1.8953700702293052e-17,-1.1824953531404494e-16,0.042032159193995611,-0.042032159193994723,8.8817841970012523e-16,0.042032159193994938,0.042032159193994861,7.6327832942979512e-17,6.7307270867900115e-16,1.3877787807814457e-16,1536,1536,1.01171875,2
863,21.575000000000003,1.1561895986518395e-17,1.0158742792952181e-14,1.0625181290357943e-16,1.5184394416106835e-17,-3.4697693789304555e-17,0.043008174435160029,-0.043008174435160029,0,0.043008174435159627,0.043008174435159502,1.2490009027033011e-16,4.0245584642661925e-16,-5.2735593669694936e-16,2048,2048,1.015625,2
864,21.600000000000001,1.2379609017104068e-17,1.1126919703608937e-14,1.0950441942103595e-16,1.6615346035558926e-17,-1.1095861995047604e-16,0.043815532274836144,-0.043815532274836588,-4.4408920985006262e-16,0.04381553227483663,0.043815532274836651,-2.0816681711721685e-17,-4.8572257327350599e-16,6.2450045135165055e-17,3584,3584,1.02734375,2
865,21.625,1.1766283961161503e-17,1.0824735207903968e-14,1.1622647289044608e-16,1.518775357395619e-17,-6.7008557582412586e-17,0.044603874174049096,-0.044603874174049096,0,0.044603874174048985,0.044603874174049082,-9.7144514654701197e-17,1.1102230246251565e-16,-1.3877787807814457e-17,2048,2048,1.015625,2
866,21.650000000000002,1.3570538299778765e-17,1.2777959113957026e-14,1.3227266504323154e-16,1.7554830623739279e-17,-5.2950076476555061e-18,0.045510411531594741,-0.045510411531594297,4.4408920985006262e-16,0.045510411531594512,0.045510411531594401,1.1102230246251565e-16,2.2898349882893854e-16,1.0408340855860843e-16,1024,1024,1.0078125,2
867,21.675000000000001,1.4370076937588993e-17,1.3871061795602346e-14,1.3053794156725473e-16,1.9203219501425125e-17,-1.2689773802016755e-16,0.046386700265294678,-0.046386700265295566,-8.8817841970012523e-16,0.046386700265295316,0.046386700265295275,4.163336342344337e-17,-6.3837823915946501e-16,-2.9143354396410359e-16,1024,1024,1.0078125,2
868,21.700000000000003,1.3626781219498674e-17,1.3494309477910241e-14,1.2446640940133591e-16,1.7629631235288651e-17,3.6459747039668836e-17,0.047251292275195311,-0.047251292275196644,-1.3322676295501878e-15,0.0472512922751952,0.047251292275195221,-2.0816681711721685e-17,1.1102230246251565e-16,-1.4224732503009818e-15,1536,1536,1.01171875,2
869,21.725000000000001,1.4556761270301684e-17,1.4788423439512915e-14,1.474514954580286e-16,1.8760567238302326e-17,-1.5580079580640834e-17,0.048154923968221297,-0.048154923968222185,-8.8817841970012523e-16,0.048154923968221831,0.048154923968221998,-1.6653345369377348e-16,-5.3429483060085659e-16,-1.8735013540549517e-16,4096,4096,1.03125,2
870,21.75,1.4238937408019609e-17,1.4879014674130546e-14,1.4918621893400541e-16,1.8433786306138985e-17,6.3673444680556425e-17,0.049243530668510616,-0.049243530668510838,-2.2204460492503131e-16,0.049243530668510109,0.049243530668510178,-6.9388939039072284e-17,5.0653925498522767e-16,-6.591949208711867e-16,0,0,1,1
871,21.775000000000002,1.367583888863473e-17,1.4691061472117708e-14,1.4853569763051411e-16,1.7784572229127677e-17,-3.9513102851565676e-17,0.050421327148622908,-0.050421327148624906,-1.9984014443252818e-15,0.050421327148624032,0.050421327148624039,-6.9388939039072284e-18,-1.124100812432971e-15,-8.6736173798840355e-16,1536,1536,1.01171875,2
872,21.800000000000001,1.6998447652993309e-17,1.8778579005870252e-14,1.5308934675495323e-16,2.30077721958503e-17,3.6591446656935856e-17,0.051569580258892245,-0.051569580258890246,1.9984014443252818e-15,0.051569580258890989,0.051569580258890968,2.0816681711721685e-17,1.2559397966072083e-15,7.2164496600635175e-16,2048,2048,1.015625,2
873,21.825000000000003,1.6964427827609429e-17,1.9287672063877244e-14,1.5699247457590104e-16,2.257743113401056e-17,-7.5799523149652353e-17,0.05253403569071935,-0.052534035690721126,-1.7763568394002505e-15,0.052534035690720453,0.052534035690720474,-2.0816681711721685e-17,-1.1032841307212493e-15,-6.5225602696727947e-16,3072,3072,1.0234375,2
874,21.850000000000001,1.4904862339302186e-17,1.7475928686439578e-14,1.5113778284447932e-16,1.9158557984513598e-17,-3.9601880865458873e-17,0.053436767425234066,-0.053436767425234288,-2.2204460492503131e-16,0.053436767425233872,0.053436767425233851,2.0816681711721685e-17,1.9428902930940239e-16,-4.3715031594615539e-16,1536,1536,1.01171875,2
875,21.875,1.6283596592205068e-17,1.967550473988576e-14,1.6002824065886045e-16,2.1264878863758459e-17,-3.7562707800445373e-17,0.054505947997554927,-0.054505947997554482,4.4408920985006262e-16,0.054505947997553893,0.054505947997553907,-1.3877787807814457e-17,1.033895191682177e-15,-5.7592819402429996e-16,1536,1536,1.01171875,2
876,21.900000000000002,1.5450263368201311e-17,1.9212273605388954e-14,1.454999315475547e-16,2.0402824234185252e-17,6.8087838054661336e-17,0.055697407060019799,-0.055697407060021353,-1.5543122344752192e-15,0.055697407060020986,0.055697407060020979,6.9388939039072284e-18,-1.1865508575681361e-15,-3.7470027081099033e-16,512,512,1.00390625,2
877,21.925000000000001,1.807990960382365e-17,2.3165167541049421e-14,1.708702623837155e-16,2.3936795867032224e-17,5.2004398083962005e-17,0.056871405183089863,-0.056871405183088308,1.5543122344752192e-15,0.056871405183088398,0.056871405183088447,-4.8572257327350599e-17,1.4641066137244252e-15,1.3877787807814457e-16,1536,1536,1.01171875,2
878,21.950000000000003,1.7130312851453751e-17,2.2603212432359736e-14,1.6176296413483726e-16,2.2076504144559623e-17,2.7793174608599327e-17,0.058009056036304685,-0.058009056036305795,-1.1102230246251565e-15,0.058009056036304886,0.058009056036304914,-2.7755575615628914e-17,-2.0122792321330962e-16,-8.81239525796218e-16,2560,2560,1.01953125,2
879,21.975000000000001,1.7150297094611731e-17,2.3231270333758805e-14,1.8973538018496328e-16,2.2427229729177304e-17,9.1845388384914919e-18,0.059104071908281597,-0.059104071908282263,-6.6613381477509392e-16,0.059104071908282069,0.059104071908282069,0,-4.7184478546569153e-16,-1.9428902930940239e-16,512,512,1.00390625,2
880,22,1.895808828954139e-17,2.6302996773725141e-14,1.947227101783966e-16,2.4457353286252626e-17,-6.6691055976238432e-17,0.060230725469271107,-0.060230725469271329,-2.2204460492503131e-16,0.060230725469270503,0.060230725469270552,-4.8572257327350599e-17,6.0368376963992887e-16,-7.7715611723760958e-16,512,512,1.00390625,2
881,22.025000000000002,1.7779188744506318e-17,2.5255895178545162e-14,1.708702623837155e-16,2.2786855740431448e-17,8.6270138958186991e-18,0.061483661838225956,-0.06148366183822751,-1.5543122344752192e-15,0.06148366183822699,0.061483661838227066,-7.6327832942979512e-17,-1.033895191682177e-15,-4.4408920985006262e-16,2560,2560,1.01953125,2
882,22.050000000000001,1.8382618209427875e-17,2.6786470720858441e-14,1.7585759237714882e-16,2.4133045863227714e-17,4.7814315907248762e-17,0.062570626498184012,-0.062570626498183346,6.6613381477509392e-16,0.062570626498183318,0.062570626498183235,8.3266726846886741e-17,6.9388939039072284e-16,-1.1102230246251565e-16,2560,2560,1.01953125,2
883,22.075000000000003,2.0322007526817396e-17,3.0151304770759174e-14,1.8149544367407344e-16,2.6982312858449988e-17,-4.8623071792554535e-17,0.063389090912146173,-0.063389090912147505,-1.3322676295501878e-15,0.063389090912147422,0.063389090912147381,4.163336342344337e-17,-1.2490009027033011e-15,-1.2490009027033011e-16,1024,1024,1.0078125,2
884,22.100000000000001,1.9537528963744402e-17,2.9363392709204093e-14,1.8122439313095207e-16,2.5809095634747939e-17,4.2557069702380714e-17,0.064070555128074247,-0.064070555128072915,1.3322676295501878e-15,0.06407055512807297,0.064070555128072915,5.5511151231257827e-17,1.27675647831893e-15,0,1024,1024,1.0078125,2
885,22.125,1.9673356825770784e-17,2.9845776716715187e-14,1.708702623837155e-16,2.5972627383924468e-17,8.8540518115788364e-18,0.064582264476261031,-0.064582264476261253,-2.2204460492503131e-16,0.064582264476261461,0.064582264476261461,0,-4.3021142204224816e-16,2.0816681711721685e-16,1536,1536,1.01171875,2
886,22.150000000000002,1.8576687173059115e-17,2.8346459457306274e-14,1.7390602846667491e-16,2.4123564512251478e-17,9.8011510267780561e-17,0.065002005303215427,-0.065002005303214538,8.8817841970012523e-16,0.065002005303214497,0.065002005303214566,-6.9388939039072284e-17,9.298117831235686e-16,2.7755575615628914e-17,1024,1024,1.0078125,2
887,22.175000000000001,2.115358138784212e-17,3.2271387040353637e-14,1.7976072019809664e-16,2.7795862652494439e-17,8.4669750310427054e-18,0.065341763239816331,-0.065341763239817885,-1.5543122344752192e-15,0.065341763239817635,0.06534176323981758,5.5511151231257827e-17,-1.3045120539345589e-15,-3.0531133177191805e-16,1536,1536,1.01171875,2
888,22.200000000000003,2.3434295873540938e-17,3.5685470418631013e-14,2.0816681711721685e-16,3.1711894510385128e-17,-1.191345491989365e-16,0.065410879547579626,-0.065410879547578515,1.1102230246251565e-15,0.06541087954757864,0.065410879547578557,8.3266726846886741e-17,9.8532293435482643e-16,4.163336342344337e-17,2560,2560,1.01953125,2
889,22.225000000000001,1.9409198827493153e-17,2.933948839144283e-14,1.8323016715005025e-16,2.4767797743822517e-17,9.4103978173073654e-17,0.065160992379290406,-0.065160992379291738,-1.3322676295501878e-15,0.065160992379291918,0.065160992379291863,5.5511151231257827e-17,-1.5126788710517758e-15,1.2490009027033011e-16,1536,1536,1.01171875,2
890,22.25,2.0836698391084715e-17,3.2363785597616814e-14,1.9992688060632702e-16,2.7780589893394641e-17,-5.2897475789274261e-17,0.064399980226630404,-0.064399980226629627,7.7715611723760958e-16,0.064399980226629641,0.064399980226629655,-1.3877787807814457e-17,7.6327832942979512e-16,2.7755575615628914e-17,4608,4608,1.03515625,2
891,22.275000000000002,2.0217195810616332e-17,3.238645413806611e-14,1.9342166757141399e-16,2.6228721167095913e-17,1.0661737333142455e-16,0.062695803185592425,-0.062695803185592536,-1.1102230246251565e-16,0.062695803185592772,0.062695803185592813,-4.163336342344337e-17,-3.4694469519536142e-16,2.7755575615628914e-16,3072,3072,1.0234375,2
892,22.300000000000001,2.0017346048398479e-17,3.289124813399731e-14,2.0794997668271975e-16,2.6120290933207133e-17,-4.767718446732364e-17,0.060400948233604979,-0.060400948233604423,5.5511151231257827e-16,0.060400948233605076,0.060400948233604992,8.3266726846886741e-17,-9.7144514654701197e-17,5.6898930012039273e-16,2560,2560,1.01953125,2
893,22.325000000000003,2.0317680872788262e-17,3.4001827984982498e-14,1.9047399291496903e-16,2.6598595714706733e-17,-2.5575143132847733e-17,0.057757287104182709,-0.057757287104182375,3.3306690738754696e-16,0.057757287104182681,0.057757287104182632,4.8572257327350599e-17,2.7755575615628914e-17,2.5673907444456745e-16,2048,2048,1.015625,2
894,22.350000000000001,1.9986463731868643e-17,3.450311546989748e-14,1.9212062496443139e-16,2.492088695491985e-17,-6.8922092340491116e-17,0.054689312187033323,-0.054689312187032768,5.5511151231257827e-16,0.054689312187033101,0.054689312187033101,0,2.2204460492503131e-16,3.3306690738754696e-16,4096,4096,1.03125,2
895,22.375,2.042153390346467e-17,3.5788370973910112e-14,1.9363850800591109e-16,2.6541494519368705e-17,2.8588349762420069e-17,0.051228258091697398,-0.051228258091696122,1.27675647831893e-15,0.051228258091696392,0.051228258091696441,-4.8572257327350599e-17,1.0061396160665481e-15,3.1918911957973251e-16,1536,1536,1.01171875,2
896,22.400000000000002,2.0099448063409411e-17,3.5939631149970693e-14,2.0556473190325164e-16,2.5741927457484685e-17,-1.9121966911058271e-17,0.047540795805900871,-0.047540795805901426,-5.5511151231257827e-16,0.047540795805901571,0.047540795805901599,-2.7755575615628914e-17,-7.0082828429463007e-16,1.7347234759768071e-16,1536,1536,1.01171875,2
897,22.425000000000001,2.1009310913018542e-17,3.8087334705860336e-14,1.964574336543734e-16,2.6937776265198003e-17,-8.2393544144056036e-17,0.043693623335553156,-0.0436936233355526,5.5511151231257827e-16,0.043693623335552753,0.043693623335552725,2.7755575615628914e-17,4.0245584642661925e-16,1.2490009027033011e-16,1536,1536,1.01171875,2
898,22.450000000000003,2.1348998011031188e-17,3.9480090384182262e-14,2.0242054560304368e-16,2.7323942962153667e-17,-1.1104731179819279e-17,0.039717165740382754,-0.039717165740383642,-8.8817841970012523e-16,0.039717165740383822,0.039717165740383809,1.3877787807814457e-17,-1.0685896612017132e-15,1.6653345369377348e-16,2048,2048,1.015625,2
899,22.475000000000001,2.0840365080107391e-17,3.8627534274767275e-14,2.0296264668928643e-16,2.600421870721875e-17,-6.0741445550935378e-17,0.035686415492714119,-0.035686415492714396,-2.7755575615628914e-16,0.035686415492714563,0.03568641549271457,-6.9388939039072284e-18,-4.4408920985006262e-16,1.7347234759768071e-16,1024,1024,1.0078125,2
900,22.5,2.0737942771631338e-17,3.9090951666748474e-14,2.1526834134699691e-16,2.5887790220689869e-17,9.995056235657551e-17,0.031675600313398888,-0.031675600313398555,3.3306690738754696e-16,0.031675600313398597,0.031675600313398597,0,2.9143354396410359e-16,4.163336342344337e-17,2048,2048,1.015625,2
901,22.525000000000002,2.2018004727312941e-17,4.1574056988134221e-14,2.1857515797307769e-16,2.7736581080147555e-17,1.0743929456651463e-16,0.027648348580072479,-0.027648348580071674,8.0491169285323849e-16,0.027648348580071723,0.027648348580071688,3.4694469519536142e-17,7.5633943552588789e-16,1.3877787807814457e-17,4096,4096,1.03125,2
902,22.550000000000001,2.3086466044701542e-17,4.4139484261316738e-14,2.3180242447740085e-16,3.1060823674623754e-17,7.4195039454756767e-17,0.023616092817004386,-0.023616092817003304,1.0824674490095276e-15,0.023616092817003425,0.023616092817003432,-6.9388939039072284e-18,9.6103680569115113e-16,1.2836953722228372e-16,2560,2560,1.01953125,2
903,22.575000000000003,2.3350894433585595e-17,4.5361935386396378e-14,2.2681509448396753e-16,3.1776446586789515e-17,7.328751567970618e-17,0.019606606480236266,-0.019606606480237154,-8.8817841970012523e-16,0.019606606480237165,0.019606606480237175,-1.0408340855860843e-17,-8.9858676055598607e-16,2.0816681711721685e-17,3072,3072,1.0234375,2
904,22.600000000000001,1.9846795582156526e-17,3.8507992664889237e-14,2.3353714795337766e-16,2.4965702463134631e-17,7.1270826325621152e-17,0.015661368573345769,-0.015661368573346185,-4.163336342344337e-16,0.015661368573346202,0.015661368573346195,6.9388939039072284e-18,-4.3368086899420177e-16,1.0408340855860843e-17,1024,1024,1.0078125,2
905,22.625,2.2123488634124795e-17,4.2728120352453721e-14,2.4710322763660253e-16,2.8724898272558806e-17,1.2440988788161554e-16,0.011845166728477352,-0.011845166728477102,2.4980018054066022e-16,0.011845166728477052,0.011845166728477071,-1.9081958235744878e-17,3.0010716134398763e-16,-3.1225022567582528e-17,3072,3072,1.0234375,2
906,22.650000000000002,2.0990863635485566e-17,4.0307919648384686e-14,2.435524655217125e-16,2.7166024197273219e-17,2.0559159701495433e-17,0.0081987411624151463,-0.0081987411624140638,1.0824674490095276e-15,0.0081987411624140343,0.0081987411624140274,6.9388939039072284e-18,1.1119577481011333e-15,-3.6429192995512949e-17,2560,2560,1.01953125,2
907,22.675000000000001,1.9508198467204782e-17,3.6615897190215039e-14,2.1217836515541322e-16,2.3887601290503982e-17,7.4442118413583829e-18,0.004711097082362059,-0.0047110970823620313,2.7755575615628914e-17,0.0047110970823620053,0.0047110970823619923,1.3010426069826053e-17,5.377642775528102e-17,-3.903127820947816e-17,2048,2048,1.015625,2
908,22.700000000000003,1.9687737296431593e-17,3.6164968717275498e-14,2.5120964336489138e-16,2.4526613493757906e-17,3.3741220785538694e-17,0.001371238757505111,-0.0013712387575064711,-1.3600232051658168e-15,0.0013712387575064732,0.0013712387575064752,-1.951563910473908e-18,-1.3621916095107878e-15,4.1199682554449168e-18,4096,4096,1.03125,2
909,22.725000000000001,1.8531276143046261e-17,3.3303373129007813e-14,2.1703016987728585e-16,2.23185735489655e-17,1.3449663733844987e-16,-0.0018095023284132594,0.0018095023284140088,7.4940054162198066e-16,-0.0018095023284139943,-0.0018095023284139782,-1.6046192152785466e-17,7.3487223251067491e-16,3.0574501264091225e-17,0,0,1,1
910,22.75,1.8041146521340932e-17,3.1924746014370157e-14,2.1158205396054619e-16,2.1801199708815919e-17,3.4055405417604536e-17,-0.0048000988843259762,0.0048000988843256431,-3.3306690738754696e-16,-0.0048000988843255763,-0.0048000988843255772,8.6736173798840355e-19,-3.9985376121265404e-16,6.591949208711867e-17,3072,3072,1.0234375,2
911,22.775000000000002,1.9436271083440193e-17,3.3505087777296585e-14,2.454633718507182e-16,2.4519038826405347e-17,-1.1447044361712714e-16,-0.0075149539875649651,0.0075149539875647153,-2.4980018054066022e-16,-0.0075149539875646685,-0.0075149539875646676,-8.6736173798840355e-19,-2.9663771439203401e-16,4.7704895589362195e-17,1536,1536,1.01171875,2
912,22.800000000000001,1.8324284407652312e-17,3.0719242421302821e-14,2.3071822230491534e-16,2.2100577123100008e-17,-2.3043726393685654e-17,-0.0099919610268415227,0.009991961026843188,1.6653345369377348e-15,-0.0099919610268430787,-0.0099919610268430631,-1.5612511283791264e-17,1.556046957951196e-15,1.2490009027033011e-16,1024,1024,1.0078125,2
913,22.825000000000003,1.880610865766113e-17,3.0754405947487414e-14,2.1510571102112408e-16,2.2893464714462359e-17,1.1104110249898715e-16,-0.012241169098592408,0.012241169098592602,1.9428902930940239e-16,-0.012241169098592405,-0.012241169098592417,1.214306433183765e-17,-3.4694469519536142e-18,1.8561541192951836e-16,2048,2048,1.015625,2
914,22.850000000000001,1.7205690909133276e-17,2.7312195100109587e-14,2.0621525320674294e-16,2.0421098403597415e-17,-4.727522189622517e-17,-0.014247151047150908,0.014247151047150991,8.3266726846886741e-17,-0.014247151047150849,-0.014247151047150809,-3.9898639947466563e-17,-5.8980598183211441e-17,1.8214596497756474e-16,1536,1536,1.01171875,2
915,22.875,1.9584177145286086e-17,3.0274236078961481e-14,2.3397082882237186e-16,2.5463516616036372e-17,1.6677775276135243e-16,-0.016030185490132354,0.016030185490131854,-4.9960036108132044e-16,-0.016030185490131667,-0.016030185490131684,1.7347234759768071e-17,-6.8695049648681561e-16,1.700029006457271e-16,1536,1536,1.01171875,2
916,22.900000000000002,1.7291630196868287e-17,2.5837678471641474e-14,2.0155318386505527e-16,2.0999822976084438e-17,3.7109213067924108e-17,-0.017537938225425265,0.01753793822542643,1.1657341758564144e-15,-0.017537938225426087,-0.017537938225426094,6.9388939039072284e-18,8.2225892761300656e-16,3.3653635433950058e-16,3584,3584,1.02734375,2
917,22.925000000000001,1.6107210098455426e-17,2.3076305146054192e-14,2.1597307275911248e-16,1.9268354022840675e-17,-7.5180604716142071e-17,-0.018878267211258404,0.018878267211258321,-8.3266726846886741e-17,-0.018878267211257883,-0.018878267211257908,2.4286128663675299e-17,-5.2041704279304213e-16,4.1286418728248009e-16,1024,1024,1.0078125,2
918,22.950000000000003,1.5561410090194281e-17,2.1725118204153152e-14,2.0339632755828063e-16,1.8771812681181802e-17,-3.9381444390187801e-17,-0.02002192038170314,0.020021920381702363,-7.7715611723760958e-16,-0.020021920381702103,-0.020021920381702099,-3.4694469519536142e-18,-1.0373646386341306e-15,2.6367796834847468e-16,3584,3584,1.02734375,2
919,22.975000000000001,1.5206895976096982e-17,2.0674036649410281e-14,2.0513105103425744e-16,1.8057394349975278e-17,-5.5575401705975196e-17,-0.020951714969950075,0.020951714969951796,1.7208456881689926e-15,-0.020951714969951442,-0.020951714969951386,-5.5511151231257827e-17,1.366962099069724e-15,4.0939474033052647e-16,3072,3072,1.0234375,2
920,23,1.51815201957293e-17,2.0104771813204885e-14,2.0881733842070815e-16,1.7972889064032359e-17,-2.9356199380197876e-17,-0.021692555632489174,0.021692555632488675,-4.9960036108132044e-16,-0.021692555632488442,-0.021692555632488432,-1.0408340855860843e-17,-7.3205330686221259e-16,2.4286128663675299e-16,2048,2048,1.015625,2
921,23.025000000000002,1.5116709530255721e-17,1.9497331597755277e-14,1.7607443281164592e-16,1.8094416318362743e-17,6.2046052680935135e-17,-0.022237603081224577,0.022237603081225132,5.5511151231257827e-16,-0.022237603081224858,-0.02223760308122489,3.1225022567582528e-17,2.8102520310824275e-16,2.4286128663675299e-16,4096,4096,1.03125,2
922,23.050000000000001,1.4683156678915813e-17,1.8422850293405056e-14,1.8257964584655895e-16,1.7973539393591507e-17,2.0322933752299408e-17,-0.02253885792068111,0.022538857920681388,2.7755575615628914e-16,-0.0225388579206811,-0.022538857920681096,-3.4694469519536142e-18,-1.0408340855860843e-17,2.9143354396410359e-16,2048,2048,1.015625,2
923,23.075000000000003,1.5227573441151381e-17,1.8664451140774462e-14,1.7303866672868651e-16,1.9092272531748561e-17,1.5890044400217642e-17,-0.022633519334267049,0.022633519334267493,4.4408920985006262e-16,-0.022633519334267348,-0.022633519334267348,0,2.9837243786801082e-16,1.457167719820518e-16,1024,1024,1.0078125,2
924,23.100000000000001,1.3864872914522451e-17,1.6585625399921881e-14,1.7555943677971531e-16,1.7469948438281687e-17,-1.1018875267158236e-16,-0.02257639660128774,0.022576396601286464,-1.27675647831893e-15,-0.022576396601286391,-0.022576396601286363,-2.7755575615628914e-17,-1.3496148643099559e-15,1.0061396160665481e-16,2048,2048,1.015625,2
925,23.125,1.4023576984452695e-17,1.6359722967963319e-14,1.5937771935536915e-16,1.8117169743493301e-17,-5.9801323540463421e-17,-0.022338342435460845,0.022338342435462732,1.8873791418627661e-15,-0.022338342435462503,-0.022338342435462542,3.8163916471489756e-17,1.6583956430338276e-15,1.9081958235744878e-16,3072,3072,1.0234375,2
926,23.150000000000002,1.3130329267104725e-17,1.4943907740181555e-14,1.5894403848637495e-16,1.6758090986358e-17,-2.5102186528708171e-17,-0.021895689968570053,0.021895689968568,-2.0539125955565396e-15,-0.021895689968568197,-0.021895689968568163,-3.4694469519536142e-17,-1.8561541192951836e-15,-1.6306400674181987e-16,3584,3584,1.02734375,2
927,23.175000000000001,1.4615750436484096e-17,1.6284553876733038e-14,1.7238814542519521e-16,1.928268446812641e-17,6.1170020648171951e-17,-0.021331197754518527,0.02133119775451997,1.4432899320127035e-15,-0.021331197754519984,-0.021331197754519988,3.4694469519536142e-18,1.457167719820518e-15,-1.7347234759768071e-17,0,0,1,1
928,23.200000000000003,1.3510791991696512e-17,1.4740124005003983e-14,1.3010426069826053e-16,1.7797958082621491e-17,9.2020127218216916e-17,-0.020664182056735925,0.020664182056736147,2.2204460492503131e-16,-0.020664182056736119,-0.020664182056736109,-1.0408340855860843e-17,1.9428902930940239e-16,3.8163916471489756e-17,2048,2048,1.015625,2
929,23.225000000000001,1.2678579076955313e-17,1.3488746888896972e-14,1.3205582460873444e-16,1.6719997052481185e-17,5.8751660205957367e-18,-0.019896753746632356,0.019896753746632578,2.2204460492503131e-16,-0.019896753746632755,-0.01989675374663278,2.4286128663675299e-17,3.9898639947466563e-16,-2.0122792321330962e-16,2560,2560,1.01953125,2
930,23.25,1.507930422679826e-17,1.5752601824179903e-14,1.6718397499726478e-16,2.0380452919645667e-17,1.6745295221163269e-16,-0.019065350129100267,0.019065350129099712,-5.5511151231257827e-16,-0.019065350129099927,-0.019065350129099903,-2.4286128663675299e-17,-3.4000580129145419e-16,-1.9081958235744878e-16,2048,2048,1.015625,2
931,23.275000000000002,1.3753140501184301e-17,1.4120918741119985e-14,1.1449174941446927e-16,1.8725094450762996e-17,1.3528810474319599e-16,-0.018180954014333395,0.018180954014332729,-6.6613381477509392e-16,-0.018180954014332708,-0.01818095401433276,5.2041704279304213e-17,-6.8695049648681561e-16,-3.1225022567582528e-17,512,512,1.00390625,2
932,23.300000000000001,1.2062504443041636e-17,1.2175028921849166e-14,1.2598429244281562e-16,1.6044888281879948e-17,-1.124276203282441e-16,-0.017253508007264884,0.017253508007263996,-8.8817841970012523e-16,-0.017253508007264332,-0.017253508007264339,6.9388939039072284e-18,-5.5164206536062466e-16,-3.434752482434078e-16,1536,1536,1.01171875,2
933,23.325000000000003,1.142758225718447e-17,1.1326887940747402e-14,1.0701075442431929e-16,1.5018023531036427e-17,-3.8984966419742252e-17,-0.016233581641312611,0.016233581641312611,0,-0.016233581641312674,-0.016233581641312708,3.4694469519536142e-17,6.2450045135165055e-17,-9.7144514654701197e-17,2048,2048,1.015625,2
934,23.350000000000001,1.1301641905133743e-17,1.1035059443451244e-14,1.1297386637298956e-16,1.4969084488693978e-17,1.0026445567680214e-17,-0.015138258612905631,0.01513825861290663,9.9920072216264089e-16,-0.015138258612907071,-0.015138258612907055,-1.5612511283791264e-17,1.4398204850607499e-15,-4.2500725161431774e-16,3072,3072,1.0234375,2
935,23.375,1.1925502332435263e-17,1.147910660157719e-14,1.1709383462843448e-16,1.5927563544501033e-17,2.7873592296261674e-17,-0.014005907954903307,0.014005907954902641,-6.6613381477509392e-16,-0.01400590795490256,-0.014005907954902506,-5.377642775528102e-17,-7.4766581814600386e-16,1.3530843112619095e-16,512,512,1.00390625,2
936,23.400000000000002,1.5950652147276721e-17,1.5149358417269726e-14,1.1080546202801855e-16,2.2162735403435152e-17,1.5407110969880418e-16,-0.012884500573061786,0.012884500573062008,2.2204460492503131e-16,-0.012884500573062188,-0.012884500573062133,-5.5511151231257827e-17,4.0245584642661925e-16,-1.2490009027033011e-16,3072,3072,1.0234375,2
937,23.425000000000001,1.0710729422195068e-17,1.0047504002151364e-14,1.1102230246251565e-16,1.3808845108417428e-17,-2.7407173038764057e-17,-0.011694134670424461,0.011694134670425238,7.7715611723760958e-16,-0.011694134670425103,-0.011694134670425122,1.9081958235744878e-17,6.4184768611141862e-16,1.1622647289044608e-16,1024,1024,1.0078125,2
938,23.450000000000003,1.1866784563939168e-17,1.1004424438044831e-14,1.2446640940133591e-16,1.5732017427308038e-17,9.5983746105665189e-17,-0.010512252168499714,0.010512252168498493,-1.2212453270876722e-15,-0.010512252168498278,-0.010512252168498283,5.2041704279304213e-18,-1.4363510381087963e-15,2.0990154059319366e-16,2048,2048,1.015625,2
939,23.475000000000001,1.083885044220494e-17,9.9467361576376916e-15,1.3010426069826053e-16,1.3594168203586551e-17,3.7315586821304655e-17,-0.0093816871037404326,0.00938168710374232,1.8873791418627661e-15,-0.0093816871037420823,-0.009381687103742058,-2.4286128663675299e-17,1.6497220256539435e-15,2.6194324487249787e-16,1536,1536,1.01171875,2
940,23.5,1.1425696449113242e-17,1.03829502756758e-14,1.3747683547116196e-16,1.4235987479792089e-17,6.0200930668074877e-17,-0.0083467650027824192,0.0083467650027825302,1.1102230246251565e-16,-0.0083467650027823481,-0.0083467650027823394,-8.6736173798840355e-18,-7.1123662515049091e-17,1.9081958235744878e-16,2048,2048,1.015625,2
941,23.525000000000002,1.121472675027464e-17,1.0100031160266816e-14,1.5005358067199381e-16,1.372625716008754e-17,3.30015123409818e-17,-0.0073481838471174399,0.0073481838471162186,-1.2212453270876722e-15,-0.007348183847116432,-0.0073481838471164615,2.9490299091605721e-17,-1.0078743395425249e-15,-2.4286128663675299e-16,1536,1536,1.01171875,2
942,23.550000000000001,1.1362031135518053e-17,1.0162675106106123e-14,1.4127154307486123e-16,1.3918820955130156e-17,1.0240030068469347e-16,-0.0064423821242147739,0.0064423821242151069,3.3306690738754696e-16,-0.0064423821242148085,-0.0064423821242148016,-6.9388939039072284e-18,3.4694469519536142e-17,3.0531133177191805e-16,2048,2048,1.015625,2
943,23.575000000000003,1.1126638051422973e-17,9.8912520041218357e-15,1.4311468676808659e-16,1.2874635925985939e-17,3.6020173912235751e-17,-0.0057057398844051477,0.0057057398844053697,2.2204460492503131e-16,-0.005705739884405074,-0.0057057398844050653,-8.6736173798840355e-18,-7.3725747729014302e-17,3.0444397003392965e-16,512,512,1.00390625,2
944,23.600000000000001,1.0509820692652083e-17,9.2923556950735835e-15,1.3921155894713877e-16,1.1600072113581238e-17,-7.9352863495469259e-17,-0.0051591949563292161,0.0051591949563292161,0,-0.0051591949563291216,-0.0051591949563291302,8.6736173798840355e-18,-9.4542429440735987e-17,8.5868812060851951e-17,1024,1024,1.0078125,2
945,23.625,1.1408778746175829e-17,1.0044855391364697e-14,1.6349768761081407e-16,1.287140745944219e-17,-1.8360514404775855e-18,-0.0048222151493995113,0.0048222151494005105,9.9920072216264089e-16,-0.0048222151494004646,-0.0048222151494004698,5.2041704279304213e-18,9.532305500492555e-16,4.0766001685454967e-17,1024,1024,1.0078125,2
946,23.650000000000002,1.1462003221703404e-17,1.0136768473119722e-14,1.6783449630075609e-16,1.2820495035576829e-17,6.9952272543702751e-17,-0.0046571529682459811,0.0046571529682449819,-9.9920072216264089e-16,-0.0046571529682449524,-0.0046571529682449472,-5.2041704279304213e-18,-1.0286910212542466e-15,3.4694469519536142e-17,4096,4096,1.03125,2
947,23.675000000000001,1.0780464700980081e-17,9.6865915710721543e-15,1.8171228410857054e-16,1.1164488057093917e-17,9.9309223156743329e-17,-0.0049548343153738017,0.0049548343153746899,8.8817841970012523e-16,-0.0049548343153745667,-0.004954834315374565,-1.7347234759768071e-18,7.6501305290577193e-16,1.2490009027033011e-16,6656,6656,1.05078125,2
948,23.700000000000003,1.0936326086258189e-17,9.9461238389284603e-15,1.7200867466482528e-16,1.1323599647113821e-17,-8.3478415667711091e-17,-0.0057074420714844365,0.0057074420714842145,-2.2204460492503131e-16,-0.0057074420714837868,-0.0057074420714838172,3.0357660829594124e-17,-6.4965394175331426e-16,3.9725167599868882e-16,2048,2048,1.015625,2
949,23.725000000000001,1.1319416470049637e-17,1.0409472932540737e-14,1.9759584593548318e-16,1.2323758524529833e-17,9.0741397766639908e-17,-0.0066968281882768821,0.0066968281882783254,1.4432899320127035e-15,-0.0066968281882781849,-0.0066968281882781719,-1.3010426069826053e-17,1.3027773304585821e-15,1.5352302762394743e-16,2048,2048,1.015625,2
950,23.75,1.1127619462395329e-17,1.0367396352320828e-14,1.7347234759768071e-16,1.2071466150029778e-17,4.1032197353644538e-17,-0.0078302860952472741,0.0078302860952462749,-9.9920072216264089e-16,-0.0078302860952460668,-0.0078302860952461015,3.4694469519536142e-17,-1.2073675392798577e-15,1.7347234759768071e-16,3072,3072,1.0234375,2
951,23.775000000000002,1.0460022400452016e-17,9.9120889542200792e-15,1.708702623837155e-16,1.0883527528342639e-17,1.3071466112923053e-18,-0.0090527110575404635,0.0090527110575404635,0,-0.0090527110575403056,-0.0090527110575403004,-5.2041704279304213e-18,-1.5785983631388945e-16,1.6306400674181987e-16,3584,3584,1.02734375,2
952,23.800000000000001,1.0617408806392169e-17,1.0199516372043136e-14,1.9938477952008427e-16,1.098006050102925e-17,-3.3954957183891778e-17,-0.010297493538546476,0.010297493538548141,1.6653345369377348e-15,-0.010297493538547992,-0.01029749353854797,-2.2551405187698492e-17,1.5161483180037294e-15,1.717376241217039e-16,2048,2048,1.015625,2
953,23.825000000000003,1.1076551078922946e-17,1.0867904829196244e-14,1.9168694409543718e-16,1.2093140595599443e-17,7.6857343080910333e-17,-0.011452848033790985,0.01145284803379043,-5.5511151231257827e-16,-0.0114528480337905,-0.01145284803379047,-2.9490299091605721e-17,-4.8572257327350599e-16,-3.9898639947466563e-17,2560,2560,1.01953125,2
954,23.850000000000001,1.1284320265062255e-17,1.1256708888157352e-14,1.8084492237058214e-16,1.1770585522390482e-17,1.8603039521418452e-17,-0.012616027859726486,0.012616027859726375,-1.1102230246251565e-16,-0.012616027859726299,-0.012616027859726306,6.9388939039072284e-18,-1.8735013540549517e-16,6.9388939039072284e-17,2048,2048,1.015625,2
955,23.875,1.1428383538113948e-17,1.1641344488994616e-14,1.9905951886833861e-16,1.1635397482025774e-17,2.9973898092533638e-17,-0.013735621049841384,0.013735621049842273,8.8817841970012523e-16,-0.013735621049842264,-0.013735621049842271,6.9388939039072284e-18,8.795048023202412e-16,1.7347234759768071e-18,1536,1536,1.01171875,2
956,23.900000000000002,1.1908987391080463e-17,1.2398223358209477e-14,2.0486000049113606e-16,1.2350986751205059e-17,4.588154483608121e-17,-0.014809253072156636,0.014809253072155415,-1.2212453270876722e-15,-0.014809253072155651,-0.014809253072155642,-8.6736173798840355e-18,-9.8532293435482643e-16,-2.2724877535296173e-16,2560,2560,1.01953125,2
957,23.925000000000001,1.1340754912462958e-17,1.2066500810751513e-14,1.960237527853792e-16,1.1675623217053091e-17,-2.2318490048784378e-17,-0.015808640000166463,0.015808640000165686,-7.7715611723760958e-16,-0.01580864000016572,-0.0158086400001657,-2.0816681711721685e-17,-7.4246164771807344e-16,-1.3877787807814457e-17,512,512,1.00390625,2
958,23.950000000000003,1.1678758257606208e-17,1.2690501323114357e-14,1.8604909279851256e-16,1.2545392457751982e-17,-5.890280392766032e-17,-0.016724642894104136,0.016724642894105579,1.4432899320127035e-15,-0.016724642894105739,-0.016724642894105773,3.4694469519536142e-17,1.6028844918025698e-15,-1.9428902930940239e-16,2560,2560,1.01953125,2
959,23.975000000000001,1.236494893348548e-17,1.3736645811837329e-14,2.0231212538579513e-16,1.4403124282410929e-17,5.343705857486192e-17,-0.017552108934719257,0.017552108934718258,-9.9920072216264089e-16,-0.017552108934718237,-0.017552108934718279,4.163336342344337e-17,-1.0200174038743626e-15,-2.0816681711721685e-17,3584,3584,1.02734375,2
960,24,1.1631594684699037e-17,1.3285830040468519e-14,2.0643209364124004e-16,1.2089710918987278e-17,-1.0763428226381591e-17,-0.018281815200969831,0.018281815200969498,-3.3306690738754696e-16,-0.01828181520096921,-0.018281815200969186,-2.4286128663675299e-17,-6.2103100439969694e-16,3.1225022567582528e-16,1536,1536,1.01171875,2
961,24.025000000000002,1.158293540896393e-17,1.3528538855813034e-14,1.9277114626792269e-16,1.2368089528664476e-17,-7.6958924179682323e-17,-0.018835307215251618,0.01883530721525184,2.2204460492503131e-16,-0.018835307215251829,-0.018835307215251819,-1.0408340855860843e-17,2.1163626406917047e-16,2.0816681711721685e-17,1024,1024,1.0078125,2
962,24.050000000000001,1.1748433753205205e-17,1.4043472176394259e-14,1.9428902930940239e-16,1.2319620017140608e-17,-9.7453170644007641e-18,-0.019239541698794937,0.019239541698796381,1.4432899320127035e-15,-0.019239541698796492,-0.019239541698796447,-4.5102810375396984e-17,1.5543122344752192e-15,-6.591949208711867e-17,2560,2560,1.01953125,2
963,24.075000000000003,1.2228709449295661e-17,1.498015729801882e-14,1.8843433757798067e-16,1.3541240625577342e-17,-1.6707146941873064e-17,-0.019556764643658298,0.019556764643658076,-2.2204460492503131e-16,-0.019556764643658065,-0.019556764643658055,-1.0408340855860843e-17,-2.3245294578089215e-16,2.0816681711721685e-17,1536,1536,1.01171875,2
964,24.100000000000001,1.1525991195574265e-17,1.4491056842934309e-14,1.9212062496443139e-16,1.2632591757051094e-17,-4.3974468232352912e-17,-0.019803701910403149,0.019803701910402705,-4.4408920985006262e-16,-0.019803701910402711,-0.019803701910402698,-1.3877787807814457e-17,-4.3715031594615539e-16,6.9388939039072284e-18,3072,3072,1.0234375,2
965,24.125,1.2385200435253817e-17,1.5968548150592556e-14,1.7499023063916042e-16,1.4880329107566289e-17,-9.8061357971253299e-18,-0.019963053356580218,0.019963053356579885,-3.3306690738754696e-16,-0.019963053356580062,-0.019963053356580007,-5.5511151231257827e-17,-1.5612511283791264e-16,-1.214306433183765e-16,512,512,1.00390625,2
966,24.150000000000002,1.164338764524038e-17,1.5398469631726333e-14,1.8778381627448937e-16,1.2941415567468189e-17,-1.8763978513548145e-17,-0.020051011293144683,0.020051011293144683,0,-0.020051011293144631,-0.020051011293144655,2.4286128663675299e-17,-5.2041704279304213e-17,2.7755575615628914e-17,3072,3072,1.0234375,2
967,24.175000000000001,1.1507284983184089e-17,1.5588199971774284e-14,1.8756697583999227e-16,1.2502159746714624e-17,-2.0317315840715363e-17,-0.020107228318661186,0.020107228318659853,-1.3322676295501878e-15,-0.020107228318660162,-0.020107228318660211,4.8572257327350599e-17,-1.0234868508263162e-15,-3.5735303605122226e-16,1024,1024,1.0078125,2
968,24.200000000000003,1.1857447815387888e-17,1.6492314675033739e-14,1.8599488268988829e-16,1.2511447227234793e-17,-3.4816126403155661e-17,-0.020115652603777789,0.0201156526037789,1.1102230246251565e-15,-0.0201156526037789,-0.020115652603778896,-3.4694469519536142e-18,1.1102230246251565e-15,3.4694469519536142e-18,1536,1536,1.01171875,2
969,24.225000000000001,1.1280025827741262e-17,1.6127525534239221e-14,1.767791642237615e-16,1.2428710489792223e-17,1.4113647852219981e-17,-0.020101725100499124,0.020101725100498236,-8.8817841970012523e-16,-0.020101725100498635,-0.020101725100498603,-3.1225022567582528e-17,-4.891920202254596e-16,-3.677613769070831e-16,1024,1024,1.0078125,2
970,24.25,1.1287906655924867e-17,1.6611391850718247e-14,1.7303866672868651e-16,1.2858767028158432e-17,-1.4124393209521734e-17,-0.02007537217142108,0.02007537217142219,1.1102230246251565e-15,-0.020075372171421947,-0.020075372171421937,-1.0408340855860843e-17,8.6736173798840355e-16,2.5326962749261384e-16,3072,3072,1.0234375,2
971,24.275000000000002,1.167878161060315e-17,1.7551452137871403e-14,1.6479873021779667e-16,1.3595592039914696e-17,5.7929910740717331e-17,-0.020003260463104411,0.020003260463103301,-1.1102230246251565e-15,-0.02000326046310354,-0.020003260463103467,-7.2858385991025898e-17,-8.7083118494035716e-16,-1.6653345369377348e-16,512,512,1.00390625,2
972,24.300000000000001,1.1699561171142767e-17,1.8026053559052455e-14,1.5048726154098802e-16,1.3971049526747667e-17,5.3678384069096072e-17,-0.019937314442511678,0.0199373144425119,2.2204460492503131e-16,-0.019937314442512261,-0.019937314442512209,-5.2041704279304213e-17,5.8286708792820718e-16,-3.0878077872387166e-16,3072,3072,1.0234375,2
973,24.325000000000003,1.1886278295853831e-17,1.8818095435549478e-14,1.6653345369377348e-16,1.3683985128858783e-17,2.2797737372275583e-17,-0.019933171069650868,0.01993317106965109,2.2204460492503131e-16,-0.019933171069651517,-0.019933171069651586,6.9388939039072284e-17,6.4878658001532585e-16,-4.9613091412936683e-16,3584,3584,1.02734375,2
974,24.350000000000001,1.1801365495834899e-17,1.8874789717453032e-14,1.5005358067199381e-16,1.3669789811280927e-17,-8.9821029229350421e-18,-0.020022223855502119,0.020022223855499677,-2.4424906541753444e-15,-0.020022223855500454,-0.020022223855500426,-2.7755575615628914e-17,-1.6653345369377348e-15,-7.4940054162198066e-16,2048,2048,1.015625,2
975,24.375,1.1648017466052175e-17,1.8944057240272656e-14,1.6306400674181987e-16,1.4148028799610085e-17,-7.8908161288651908e-18,-0.020098176393567257,0.02009817639356748,2.2204460492503131e-16,-0.02009817639356818,-0.020098176393568146,-3.4694469519536142e-17,9.2287288921966137e-16,-6.6613381477509392e-16,3584,3584,1.02734375,2
976,24.400000000000002,1.160882045104247e-17,1.9146435812135079e-14,1.3834419720915037e-16,1.4117677940273077e-17,-3.5076571633043291e-17,-0.020136193735131869,0.020136193735131203,-6.6613381477509392e-16,-0.02013619373513174,-0.02013619373513173,-1.0408340855860843e-17,-1.2836953722228372e-16,-5.2735593669694936e-16,1536,1536,1.01171875,2
977,24.425000000000001,1.1937322369844957e-17,1.9943917014482391e-14,1.2945373939476923e-16,1.4863956990697285e-17,1.0430287353398283e-17,-0.020135375287127388,0.020135375287127388,0,-0.020135375287127843,-0.020135375287127812,-3.1225022567582528e-17,4.5449755070592346e-16,-4.2327252813834093e-16,1536,1536,1.01171875,2
978,24.450000000000003,1.2071257968858826e-17,2.0392742569973749e-14,1.472346550235315e-16,1.4931580688407495e-17,5.8638608686516585e-17,-0.020068993520302669,0.020068993520301115,-1.5543122344752192e-15,-0.020068993520301618,-0.020068993520301594,-2.4286128663675299e-17,-1.0512424264419451e-15,-4.7878367936959876e-16,2560,2560,1.01953125,2
979,24.475000000000001,1.1535559508820184e-17,1.9619210800403347e-14,1.2479167005308156e-16,1.4086527743352183e-17,-5.5282566541505307e-17,-0.019878217841496237,0.019878217841496904,6.6613381477509392e-16,-0.01987821784149732,-0.019878217841497327,6.9388939039072284e-18,1.0824674490095276e-15,-4.2327252813834093e-16,1536,1536,1.01171875,2
980,24.5,1.2157189597928626e-17,2.0693420561731446e-14,1.2891163830852648e-16,1.5492602988325121e-17,9.6947019768900372e-17,-0.019557431615911725,0.019557431615909948,-1.7763568394002505e-15,-0.019557431615911298,-0.019557431615911332,3.4694469519536142e-17,-4.2674197509029455e-16,-1.3843093338294921e-15,3584,3584,1.02734375,2
981,24.525000000000002,1.101075825158198e-17,1.875274909751634e-14,1.0798653637955624e-16,1.3779273815108962e-17,-1.5431588767317277e-17,-0.019115137298705065,0.019115137298703733,-1.3322676295501878e-15,-0.019115137298704274,-0.01911513729870427,-3.4694469519536142e-18,-7.9103390504542404e-16,-5.377642775528102e-16,1536,1536,1.01171875,2
982,24.550000000000001,1.10236458278889e-17,1.8858911203910489e-14,1.0842021724855044e-16,1.3790448253741697e-17,6.5273400533950954e-18,-0.018557860924232727,0.018557860924232283,-4.4408920985006262e-16,-0.018557860924232918,-0.018557860924232946,2.7755575615628914e-17,1.9081958235744878e-16,-6.6266436782314031e-16,2048,2048,1.015625,2
983,24.575000000000003,1.0739566103805381e-17,1.8037499492220633e-14,1.0625181290357943e-16,1.3685324140400049e-17,2.3569607835587783e-17,-0.01788282314323375,0.017882823143233528,-2.2204460492503131e-16,-0.017882823143234229,-0.017882823143234212,-1.7347234759768071e-17,4.7878367936959876e-16,-6.83481049534862e-16,2560,2560,1.01953125,2
984,24.600000000000001,1.0685674395205349e-17,1.7793205205259976e-14,1.0234868508263162e-16,1.3498684709839764e-17,-2.4000384322964569e-17,-0.017097359971668169,0.017097359971668835,6.6613381477509392e-16,-0.017097359971669078,-0.017097359971669081,3.4694469519536142e-18,9.0899510141184692e-16,-2.4633073358870661e-16,1024,1024,1.0078125,2
985,24.625,1.014780287519595e-17,1.6738713011012973e-14,9.8879238130678004e-17,1.282110448674252e-17,1.1228836292198946e-17,-0.016228596225278835,0.016228596225277725,-1.1102230246251565e-15,-0.016228596225278741,-0.01622859622527871,-3.1225022567582528e-17,-9.3675067702747583e-17,-9.8532293435482643e-16,1024,1024,1.0078125,2
986,24.650000000000002,1.0019508996267836e-17,1.6205753661488504e-14,9.1506663357776574e-17,1.2422190484183016e-17,-2.4372588705670003e-17,-0.015260176757193378,0.015260176757192045,-1.3322676295501878e-15,-0.015260176757191726,-0.015260176757191754,2.7755575615628914e-17,-1.6514567491299204e-15,2.9143354396410359e-16,2560,2560,1.01953125,2
987,24.675000000000001,9.8465176215010352e-18,1.5615604495079329e-14,8.5868812060851951e-17,1.2921519560215512e-17,5.9518799085482511e-17,-0.014152533454110383,0.014152533454110383,0,-0.014152533454110753,-0.014152533454110732,-2.0816681711721685e-17,3.6949610038305991e-16,-3.4867941867133823e-16,3072,3072,1.0234375,2
988,24.700000000000003,9.6097466978626687e-18,1.503284385453242e-14,8.9826149990424042e-17,1.2142966109794464e-17,1.353967052535935e-17,-0.012914939300230799,0.012914939300230355,-4.4408920985006262e-16,-0.012914939300231026,-0.012914939300231059,3.2959746043559335e-17,2.2724877535296173e-16,-7.0429773124658368e-16,1024,1024,1.0078125,2
989,24.725000000000001,9.3960198791516163e-18,1.4391457508724964e-14,9.5626631613221491e-17,1.184700249655557e-17,2.6139028923920421e-18,-0.011620027311442627,0.011620027311443293,6.6613381477509392e-16,-0.011620027311443234,-0.011620027311443185,-4.8572257327350599e-17,6.0715321659188248e-16,1.0755285551056204e-16,512,512,1.00390625,2
990,24.75,9.2208688224589382e-18,1.3832903026834747e-14,9.1181402706030923e-17,1.1877633505163943e-17,4.9363603009984229e-17,-0.010252718922769688,0.010252718922770354,6.6613381477509392e-16,-0.01025271892277012,-0.010252718922770151,3.1225022567582528e-17,4.3194614551822497e-16,2.0296264668928643e-16,1024,1024,1.0078125,2
991,24.775000000000002,8.4157606209583101e-18,1.2383443512571e-14,8.5055660431487823e-17,1.0572569967569163e-17,-6.5453996383185905e-17,-0.0088420040593319982,0.0088420040593315541,-4.4408920985006262e-16,-0.0088420040593307492,-0.0088420040593307422,-6.9388939039072284e-18,-1.2490009027033011e-15,8.1185058675714572e-16,2560,2560,1.01953125,2
992,24.800000000000001,7.9313191920967504e-18,1.1414453253117307e-14,8.5760391843603401e-17,1.0005835726220124e-17,-5.8642585329128461e-18,-0.0074180198056037483,0.0074180198056048585,1.1102230246251565e-15,-0.0074180198056049878,-0.0074180198056049496,-3.8163916471489756e-17,1.2394599235854287e-15,-9.1072982488782372e-17,4096,4096,1.03125,2
993,24.825000000000003,7.3795433437914933e-18,1.023852449501403e-14,8.5435131191857749e-17,9.336097097781698e-18,2.9462143170928633e-17,-0.0059741675758129276,0.0059741675758124835,-4.4408920985006262e-16,-0.0059741675758117905,-0.0059741675758117861,-4.3368086899420177e-18,-1.1371112385027971e-15,6.9735883734267645e-16,2560,2560,1.01953125,2
994,24.850000000000001,7.0601593136023163e-18,9.5744332058949925e-15,9.450177185926778e-17,8.6043044969680499e-18,-4.9041570261137433e-18,-0.0045214890275744324,0.0045214890275746544,2.2204460492503131e-16,-0.0045214890275748374,-0.004521489027574827,-1.0408340855860843e-17,4.0505793164058446e-16,-1.7260498585969231e-16,3072,3072,1.0234375,2
995,24.875,7.0885329508318434e-18,9.4442866867846235e-15,8.2778835869268264e-17,8.858037026034096e-18,1.2079518921004379e-17,-0.0030619862072516213,0.0030619862072531756,1.5543122344752192e-15,-0.0030619862072523763,-0.0030619862072523998,2.3418766925686896e-17,7.5503839291890529e-16,7.7585507463062697e-16,1536,1536,1.01171875,2
996,24.900000000000002,6.3368700010969509e-18,8.2921002239576055e-15,7.9905700112181677e-17,7.4939749281841988e-18,-1.9625189877926288e-17,-0.0015830876010252126,0.0015830876010252126,0,-0.0015830876010246122,-0.0015830876010246438,3.1658703436576729e-17,-6.0043116312247236e-16,5.6877245968589563e-16,1536,1536,1.01171875,2
997,24.925000000000001,6.1071591255661666e-18,7.8401604590746779e-15,6.9172098604575183e-17,7.1438480825817191e-18,-1.7040840022402366e-17,-0.00011143261814439143,0.00011143261814350325,-8.8817841970012523e-16,-0.00011143261814363056,-0.00011143261814363236,1.8024861117571511e-18,-7.6086597959601487e-16,-1.2911492621586751e-16,2048,2048,1.015625,2
998,24.950000000000003,6.2448862229527629e-18,7.8550871137326201e-15,7.3617327511765751e-17,7.5391900930740199e-18,-9.8470157070098676e-18,0.0013378513938793191,-0.0013378513938777647,1.5543122344752192e-15,0.0013378513938780076,0.0013378513938780124,-4.7704895589362195e-18,1.3114509478384662e-15,2.4763177619568921e-16,1536,1536,1.01171875,2
999,24.975000000000001,5.5807781135116858e-18,6.88688889911493e-15,6.9714199690817935e-17,6.2367284900623233e-18,-1.5749358355775861e-18,0.002795456433959842,-0.0027954564339607302,-8.8817841970012523e-16,0.0027954564339610403,0.0027954564339609952,4.5102810375396984e-17,-1.1982602410309795e-15,2.6497901095545728e-16,2560,2560,1.01953125,2
1000,25,5.3739760283941202e-18,6.5155668551788396e-15,6.6895274042355624e-17,5.9624048901923029e-18,-1.6064985283246682e-17,0.0042400191447242719,-0.004240019144724938,-6.6613381477509392e-16,0.0042400191447246093,0.0042400191447246093,0,-3.3740371607748898e-16,-3.2873009869760494e-16,2048,2048,1.015625,2
1001,25.025000000000002,4.7024153187662781e-18,5.6061327124562081e-15,5.8004816227974487e-17,4.8094380172378341e-18,-1.2730677971144552e-17,0.0056820166777349357,-0.0056820166777333814,1.5543122344752192e-15,0.0056820166777339313,0.0056820166777339469,-1.5612511283791264e-17,1.0044048925905713e-15,5.6551985316843911e-16,2560,2560,1.01953125,2
1002,25.050000000000001,4.9070859174562786e-18,5.7584162993551812e-15,6.2558465352413606e-17,5.3223844119328151e-18,-1.8197868315738651e-17,0.0071113828469666629,-0.0071113828469677731,-1.1102230246251565e-15,0.0071113828469677662,0.007111382846967774,-7.8062556418956319e-18,-1.1032841307212493e-15,8.6736173798840355e-19,3072,3072,1.0234375,2
1003,25.075000000000003,4.6222636243655878e-18,5.3379014742771344e-15,6.106429923345702e-17,5.1002290576567239e-18,-2.1220899150587254e-17,0.0084866393902132131,-0.008486639390212547,6.6613381477509392e-16,0.0084866393902126632,0.0084866393902126615,1.7347234759768071e-18,5.4990734188464785e-16,1.1449174941446927e-16,1024,1024,1.0078125,2
1004,25.100000000000001,4.4302889026354546e-18,5.0424155168227574e-15,5.8031921282286625e-17,5.0878386029390185e-18,-1.9389574496839578e-17,0.0098220737240346523,-0.0098220737240348743,-2.2204460492503131e-16,0.009822073724035079,0.0098220737240350946,-1.5612511283791264e-17,-4.2674197509029455e-16,2.203098814490545e-16,3584,3584,1.02734375,2
1005,25.125,4.7472117494939816e-18,5.3123369730881495e-15,5.1174342541315809e-17,5.8079174336670258e-18,2.9255839481654423e-17,0.011123437919124513,-0.01112343791912429,2.2204460492503131e-16,0.01112343791912437,0.011123437919124348,2.2551405187698492e-17,1.4224732503009818e-16,5.7245874707234634e-17,3072,3072,1.0234375,2
1006,25.150000000000002,4.5560837768005468e-18,5.0291457657221431e-15,6.6786853825107073e-17,5.5676620492691746e-18,1.1105069678790062e-17,0.012389448242831946,-0.012389448242832168,-2.2204460492503131e-16,0.012389448242831416,0.0123894482428314,1.5612511283791264e-17,5.3082538364890297e-16,-7.6848249985772554e-16,2560,2560,1.01953125,2
1007,25.175000000000001,4.5382818514549057e-18,4.9679021488996445e-15,5.4210108624275222e-17,5.5577407933034261e-18,2.6209773914787536e-17,0.013629629059950688,-0.013629629059951576,-8.8817841970012523e-16,0.013629629059951277,0.013629629059951305,-2.7755575615628914e-17,-5.8980598183211441e-16,-2.7061686225238191e-16,1536,1536,1.01171875,2
1008,25.200000000000003,4.9348551469334805e-18,5.3573941553064221e-15,5.6595353403743331e-17,6.1929370766823229e-18,-1.1183118886598989e-17,0.014835219056527293,-0.014835219056526183,1.1102230246251565e-15,0.014835219056525843,0.014835219056525836,6.9388939039072284e-18,1.4502288259166107e-15,-3.4694469519536142e-16,2048,2048,1.015625,2
1009,25.225000000000001,4.8562943709217929e-18,5.2396794924951111e-15,5.5077470362263625e-17,5.8255047410559751e-18,-2.395730827221696e-17,0.016018672712453608,-0.016018672712454718,-1.1102230246251565e-15,0.016018672712454773,0.016018672712454787,-1.3877787807814457e-17,-1.1657341758564144e-15,6.9388939039072284e-17,4096,4096,1.03125,2
1010,25.25,4.8510846858193804e-18,5.201179350828169e-15,5.5511151231257827e-17,5.7797111434656387e-18,-2.8418834375329139e-18,0.017206865109701042,-0.017206865109700153,8.8817841970012523e-16,0.017206865109700317,0.01720686510970031,6.9388939039072284e-18,7.2511441295830537e-16,1.5612511283791264e-16,1536,1536,1.01171875,2
1011,25.275000000000002,5.4080819378134817e-18,5.777898712416044e-15,6.591949208711867e-17,6.4571340665371792e-18,4.022792073049681e-17,0.018399153942199931,-0.018399153942201485,-1.5543122344752192e-15,0.018399153942200607,0.018399153942200604,3.4694469519536142e-18,-6.7654215563095477e-16,-8.81239525796218e-16,1536,1536,1.01171875,2
1012,25.300000000000001,5.3726096465861567e-18,5.7482677857972491e-15,6.9388939039072284e-17,6.5860421775407786e-18,7.1653103684159597e-18,0.019565453322172743,-0.019565453322172077,6.6613381477509392e-16,0.019565453322171675,0.019565453322171647,2.7755575615628914e-17,1.0685896612017132e-15,-4.3021142204224816e-16,2560,2560,1.01953125,2
1013,25.325000000000003,5.6858587417057096e-18,6.0975280602914564e-15,6.5268970783627367e-17,6.7564464502079549e-18,2.214486719234086e-17,0.020715516582733073,-0.02071551658273485,-1.7763568394002505e-15,0.020715516582734593,0.020715516582734593,0,-1.519617764955683e-15,-2.5673907444456745e-16,1536,1536,1.01171875,2
1014,25.350000000000001,6.4488692028825334e-18,6.9149519872278384e-15,7.589415207398531e-17,7.6996868616531298e-18,-1.7491356957411345e-19,0.021857671487865105,-0.021857671487865327,-2.2204460492503131e-16,0.021857671487864824,0.021857671487864827,-3.4694469519536142e-18,2.8102520310824275e-16,-4.9960036108132044e-16,3072,3072,1.0234375,2
1015,25.375,7.0912920029173704e-18,7.6300808805073868e-15,8.3266726846886741e-17,8.1057256551718896e-18,2.805339084608625e-17,0.022977073739161469,-0.022977073739161691,-2.2204460492503131e-16,0.022977073739161521,0.022977073739161524,-3.4694469519536142e-18,-5.2041704279304213e-17,-1.6653345369377348e-16,1536,1536,1.01171875,2
1016,25.400000000000002,7.2128170646258689e-18,7.7910028194839004e-15,8.6085652495349052e-17,8.3437637205454798e-18,4.4794063238925577e-17,0.024057849346460713,-0.024057849346460269,4.4408920985006262e-16,0.024057849346460929,0.024057849346460939,-1.0408340855860843e-17,-2.1510571102112408e-16,6.6960326172704754e-16,1536,1536,1.01171875,2
1017,25.425000000000001,7.4655082395651146e-18,8.1268660267769054e-15,9.0205620750793969e-17,8.6322919050011566e-18,2.6075873096435791e-17,0.025097129861238798,-0.025097129861237688,1.1102230246251565e-15,0.025097129861237629,0.025097129861237619,1.0408340855860843e-17,1.169203622808368e-15,-6.9388939039072284e-17,3072,3072,1.0234375,2
1018,25.450000000000003,8.1798664906020528e-18,8.9610048373685219e-15,1.0099343236702474e-16,8.8925929048670436e-18,5.8186091514885493e-17,0.026105001014768092,-0.026105001014768092,0,0.026105001014768422,0.026105001014768418,3.4694469519536142e-18,-3.2959746043559335e-16,3.2612801348363973e-16,2560,2560,1.01953125,2
1019,25.475000000000001,8.7491070410566483e-18,9.6550300420271708e-15,1.2012960071139389e-16,9.677214265495064e-18,7.8786904537503655e-17,0.027057183341200997,-0.027057183341200552,4.4408920985006262e-16,0.027057183341200726,0.027057183341200681,4.5102810375396984e-17,2.7061686225238191e-16,1.2836953722228372e-16,1536,1536,1.01171875,2
1020,25.5,9.2097996656330701e-18,1.0268924720045774e-14,1.1449174941446927e-16,9.8073552116534912e-18,3.2468050707859164e-17,0.027948391974666364,-0.027948391974666587,-2.2204460492503131e-16,0.027948391974666406,0.027948391974666417,-1.0408340855860843e-17,-4.163336342344337e-17,-1.700029006457271e-16,2560,2560,1.01953125,2
1021,25.525000000000002,9.2458091284661147e-18,1.0427996963779567e-14,1.3530843112619095e-16,9.8142293184195284e-18,2.7862213022286884e-17,0.028773992932521253,-0.028773992932521031,2.2204460492503131e-16,0.028773992932521482,0.028773992932521468,1.3877787807814457e-17,-2.2898349882893854e-16,4.3715031594615539e-16,2048,2048,1.015625,2
1022,25.550000000000001,9.8333698004789961e-18,1.1229465668426655e-14,1.2630955309456127e-16,1.0091943095411879e-17,1.0998918947374036e-17,0.029515067174987308,-0.029515067174987308,0,0.029515067174987593,0.029515067174987589,3.4694469519536142e-18,-2.8449465006019636e-16,2.8102520310824275e-16,2048,2048,1.015625,2
1023,25.575000000000003,1.0109184817245045e-17,1.1644081680428702e-14,1.2793585635328952e-16,1.0484591111127238e-17,8.8126162517113292e-17,0.030188374949407404,-0.030188374949405627,1.7763568394002505e-15,0.030188374949406457,0.030188374949406484,-2.7755575615628914e-17,9.4715901788333667e-16,8.569533971325427e-16,2048,2048,1.015625,2
1024,25.600000000000001,1.0315086134821816e-17,1.2002808732176082e-14,1.5308934675495323e-16,1.1066726217134477e-17,5.6821924558260058e-17,0.030791606365827562,-0.030791606365827895,-3.3306690738754696e-16,0.03079160636582793,0.03079160636582794,-1.0408340855860843e-17,-3.677613769070831e-16,4.5102810375396984e-17,1024,1024,1.0078125,2
1025,25.625,1.2946869570661697e-17,1.5218067050107884e-14,1.5135462327897642e-16,1.56981717040336e-17,1.8501979026769688e-16,0.031310813155615236,-0.031310813155615014,2.2204460492503131e-16,0.031310813155615153,0.031310813155615187,-3.4694469519536142e-17,8.3266726846886741e-17,1.7347234759768071e-16,2048,2048,1.015625,2
1026,25.650000000000002,1.1794375954275e-17,1.4031304258612132e-14,1.5135462327897642e-16,1.3236707148965966e-17,8.5007618331712591e-17,0.031731765971938941,-0.031731765971937942,9.9920072216264089e-16,0.031731765971938164,0.031731765971938185,-2.0816681711721685e-17,7.7715611723760958e-16,2.4286128663675299e-16,2560,2560,1.01953125,2
1027,25.675000000000001,1.3533494788094095e-17,1.6272490621227297e-14,1.5634195327240974e-16,1.7278804621545139e-17,7.2357431708668506e-17,0.032049910641255508,-0.032049910641256285,-7.7715611723760958e-16,0.032049910641256264,0.032049910641256285,-2.0816681711721685e-17,-7.5633943552588789e-16,0,3584,3584,1.02734375,2
1028,25.700000000000003,1.2505483600614714e-17,1.5224096560084507e-14,1.6566609195578508e-16,1.4538869958830771e-17,-1.8065597139391451e-17,0.032270134273806761,-0.032270134273807205,-4.4408920985006262e-16,0.032270134273806775,0.032270134273806782,-6.9388939039072284e-18,-1.3877787807814457e-17,-4.2327252813834093e-16,1024,1024,1.0078125,2
1029,25.725000000000001,1.3423429710572433e-17,1.6522018404370414e-14,1.700029006457271e-16,1.5142710539374168e-17,1.3122550746785846e-16,0.032391938470935244,-0.032391938470935244,0,0.032391938470934932,0.032391938470934904,2.7755575615628914e-17,3.1225022567582528e-16,-3.4000580129145419e-16,2048,2048,1.015625,2
1030,25.75,1.4146982915165862e-17,1.7600337261196542e-14,1.8908485888147197e-16,1.596894299615006e-17,1.3748451060619577e-16,0.032404158372969505,-0.032404158372969727,-2.2204460492503131e-16,0.032404158372969838,0.032404158372969866,-2.7755575615628914e-17,-3.3306690738754696e-16,1.3877787807814457e-16,2048,2048,1.015625,2
1031,25.775000000000002,1.4328886277003821e-17,1.799785654312429e-14,1.9808373691310166e-16,1.6740159670385044e-17,1.5155556208764259e-16,0.032313826491549236,-0.032313826491548681,5.5511151231257827e-16,0.032313826491548188,0.032313826491548223,-3.4694469519536142e-17,1.0477729794899915e-15,-4.5796699765787707e-16,1024,1024,1.0078125,2
1032,25.800000000000001,1.4150993846536526e-17,1.7927795479779562e-14,1.8160386389132199e-16,1.6238789847692914e-17,3.5180626779426984e-17,0.032118153700968932,-0.032118153700969709,-7.7715611723760958e-16,0.032118153700969175,0.032118153700969196,-2.0816681711721685e-17,-2.4286128663675299e-16,-5.134781488891349e-16,2560,2560,1.01953125,2
1033,25.825000000000003,1.4584219514072442e-17,1.8678762151269832e-14,1.947227101783966e-16,1.6763178323224199e-17,1.2609562763764845e-16,0.031822476441092817,-0.031822476441093039,-2.2204460492503131e-16,0.031822476441092436,0.031822476441092457,-2.0816681711721685e-17,3.8163916471489756e-16,-5.8286708792820718e-16,2048,2048,1.015625,2
1034,25.850000000000001,1.4989430588782982e-17,1.9475307752289707e-14,1.9445165963527522e-16,1.7536888869457851e-17,9.7571356145349765e-17,0.03142637292523176,-0.031426372925231538,2.2204460492503131e-16,0.031426372925231205,0.03142637292523124,-3.4694469519536142e-17,5.5511151231257827e-16,-2.9837243786801082e-16,3584,3584,1.02734375,2
1035,25.875,1.5227545640295952e-17,2.014411803237233e-14,1.9168694409543718e-16,1.797700407916907e-17,5.7696620473792674e-18,0.030875687945719932,-0.030875687945721708,-1.7763568394002505e-15,0.030875687945721323,0.030875687945721288,3.4694469519536142e-17,-1.3912482277333993e-15,-4.1980308118638732e-16,1024,1024,1.0078125,2
1036,25.900000000000002,1.5981573715577367e-17,2.1553663995410215e-14,1.9971004017182992e-16,1.9035021925296804e-17,3.1471520896508634e-18,0.030203763761083025,-0.030203763761082691,3.3306690738754696e-16,0.030203763761082063,0.030203763761082046,1.7347234759768071e-17,9.6103680569115113e-16,-6.4531713306337224e-16,4096,4096,1.03125,2
1037,25.925000000000001,1.6613908668986264e-17,2.2972168511302796e-14,2.1835831753858059e-16,2.034902575616006e-17,1.9494729161493712e-16,0.029416218969117836,-0.029416218969117947,-1.1102230246251565e-16,0.02941621896911752,0.029416218969117527,-6.9388939039072284e-18,3.1571967262777889e-16,-4.1980308118638732e-16,3584,3584,1.02734375,2
1038,25.950000000000003,1.6338037138860568e-17,2.2982174042050966e-14,2.2464669013899652e-16,1.9837316306673575e-17,7.5914232670649497e-17,0.028528570686880528,-0.028528570686881194,-6.6613381477509392e-16,0.028528570686881059,0.028528570686881069,-1.0408340855860843e-17,-5.3082538364890297e-16,-1.2490009027033011e-16,1024,1024,1.0078125,2
1039,25.975000000000001,1.7172868706685033e-17,2.4681433728856437e-14,2.1532255145562118e-16,2.0391411744442893e-17,1.6070263817486022e-16,0.027547838281432036,-0.027547838281431258,7.7715611723760958e-16,0.027547838281430825,0.027547838281430832,-6.9388939039072284e-18,1.2108369862318114e-15,-4.2674197509029455e-16,2560,2560,1.01953125,2
1040,26,1.6713020234973147e-17,2.4610471083169175e-14,2.3093506273941244e-16,2.0452726739992934e-17,4.1825190930182233e-17,0.026454130079004656,-0.0264541300790056,-9.4368957093138306e-16,0.026454130079005114,0.026454130079005111,3.4694469519536142e-18,-4.5796699765787707e-16,-4.891920202254596e-16,2048,2048,1.015625,2
1041,26.025000000000002,1.8020442846446412e-17,2.7166907572369368e-14,2.2724877535296173e-16,2.1521331905040868e-17,-1.7360727009758579e-16,0.02528147885795029,-0.025281478857951456,-1.1657341758564144e-15,0.025281478857950956,0.02528147885795097,-1.3877787807814457e-17,-6.6613381477509392e-16,-4.8572257327350599e-16,2560,2560,1.01953125,2
1042,26.050000000000001,1.8346885223783083e-17,2.8453901736608475e-14,2.2377932840100812e-16,2.2368355960103583e-17,6.7263562992719878e-17,0.02404757853586581,-0.024047578535866754,-9.4368957093138306e-16,0.02404757853586623,0.02404757853586624,-1.0408340855860843e-17,-4.1980308118638732e-16,-5.134781488891349e-16,3072,3072,1.0234375,2
1043,26.075000000000003,1.8147663458020286e-17,2.9249400423356949e-14,2.1206994493816467e-16,2.2640567231494827e-17,1.0452008397014974e-16,0.022748335632433836,-0.022748335632433725,1.1102230246251565e-16,0.022748335632433225,0.022748335632433215,1.0408340855860843e-17,6.106226635438361e-16,-5.1000870193718129e-16,1024,1024,1.0078125,2
1044,26.100000000000001,1.9360630379659139e-17,3.1942352472218102e-14,2.2681509448396753e-16,2.4414014075711402e-17,1.2645200954466265e-16,0.021404322693864941,-0.021404322693864608,3.3306690738754696e-16,0.021404322693864216,0.021404322693864213,3.4694469519536142e-18,7.2511441295830537e-16,-3.9551695252271202e-16,2560,2560,1.01953125,2
1045,26.125,1.8301942228654943e-17,3.1018261117199765e-14,2.6042536183101817e-16,2.2261772626652178e-17,6.8057848644853305e-17,0.020023016128995152,-0.020023016128996207,-1.0547118733938987e-15,0.020023016128995538,0.020023016128995534,3.4694469519536142e-18,-3.8510861166685117e-16,-6.7307270867900115e-16,4096,4096,1.03125,2
1046,26.150000000000002,1.940853253420895e-17,3.3203153865102576e-14,2.3722343533982837e-16,2.3597830112081579e-17,1.5369631427209956e-16,0.018622921666111125,-0.018622921666110681,4.4408920985006262e-16,0.01862292166611022,0.018622921666110227,-6.9388939039072284e-18,9.055256544598933e-16,-4.5449755070592346e-16,2048,2048,1.015625,2
1047,26.175000000000001,1.876134022440301e-17,3.2230009103330218e-14,2.3570555229834866e-16,2.2586107689141776e-17,-9.1466960866601141e-17,0.017233576985614008,-0.017233576985615728,-1.7208456881689926e-15,0.017233576985615392,0.017233576985615395,-3.4694469519536142e-18,-1.3843093338294921e-15,-3.3306690738754696e-16,3584,3584,1.02734375,2
1048,26.200000000000003,1.9452020290230845e-17,3.3384124574878618e-14,2.3353714795337766e-16,2.3080086580359324e-17,1.4894210022294427e-17,0.015863655971422475,-0.015863655971422363,1.1102230246251565e-16,0.015863655971422044,0.015863655971422055,-1.0408340855860843e-17,4.3021142204224816e-16,-3.0878077872387166e-16,1536,1536,1.01171875,2
1049,26.225000000000001,1.900177250221716e-17,3.2198659111835245e-14,2.3245294578089215e-16,2.3039028344591022e-17,1.3164851627840787e-17,0.014518354018779434,-0.014518354018779767,-3.3306690738754696e-16,0.014518354018779385,0.014518354018779387,-1.7347234759768071e-18,4.8572257327350599e-17,-3.7990444123892075e-16,1536,1536,1.01171875,2
1050,26.25,2.4858999449717001e-17,4.1321512699513831e-14,2.7647155398380363e-16,3.4128093318953161e-17,4.3442761994872224e-16,0.013202232117746959,-0.013202232117746238,7.2164496600635175e-16,0.013202232117745866,0.013202232117745861,5.2041704279304213e-18,1.0928757898653885e-15,-3.7643499428696714e-16,3072,3072,1.0234375,2
1051,26.275000000000002,1.9467555066430444e-17,3.1426031048123431e-14,2.5457067009959644e-16,2.3349245393731534e-17,-9.1953505380175516e-19,0.011919992067651819,-0.011919992067652263,-4.4408920985006262e-16,0.011919992067651868,0.011919992067651866,1.7347234759768071e-18,-4.8572257327350599e-17,-3.9725167599868882e-16,3584,3584,1.02734375,2
1052,26.300000000000001,1.8824258625546799e-17,2.9333588297252644e-14,2.3332030751888055e-16,2.2470556554627559e-17,9.719659033102549e-17,0.010688695284510885,-0.010688695284512273,-1.3877787807814457e-15,0.010688695284511947,0.010688695284511954,-6.9388939039072284e-18,-1.0616507672978059e-15,-3.1918911957973251e-16,512,512,1.00390625,2
1053,26.325000000000003,1.954602795632833e-17,2.947094270253893e-14,2.2724877535296173e-16,2.3643767147960011e-17,7.8105053542098917e-18,0.0095068957448471991,-0.0095068957448475044,-3.0531133177191805e-16,0.0095068957448471696,0.0095068957448471679,1.7347234759768071e-18,2.9490299091605721e-17,-3.3653635433950058e-16,1024,1024,1.0078125,2
1054,26.350000000000001,1.944008229335411e-17,2.8313082148776284e-14,2.3180242447740085e-16,2.3660440097654663e-17,-1.6009099980269639e-16,0.0083730498450744761,-0.0083730498450736712,8.0491169285323849e-16,0.0083730498450733798,0.0083730498450733694,1.0408340855860843e-17,1.0963452368173421e-15,-3.0184188481996443e-16,1536,1536,1.01171875,2
1055,26.375,1.9041706828064346e-17,2.6798934877825451e-14,2.3266978621538925e-16,2.2736438924980492e-17,-1.5392891323168044e-16,0.0072990884850590021,-0.0072990884850606674,-1.6653345369377348e-15,0.0072990884850604515,0.0072990884850604489,2.6020852139652106e-18,-1.4493614641786223e-15,-2.1857515797307769e-16,3072,3072,1.0234375,2
1056,26.400000000000002,1.8992084564362488e-17,2.5774651842317641e-14,2.3180242447740085e-16,2.3175134460116023e-17,1.4085391056824846e-16,0.0062908175035722991,-0.0062908175035722158,8.3266726846886741e-17,0.0062908175035720423,0.0062908175035720285,1.3877787807814457e-17,2.5673907444456745e-16,-1.8735013540549517e-16,2048,2048,1.015625,2
1057,26.425000000000001,1.7823591290798434e-17,2.3336289855441615e-14,2.2833297752544723e-16,2.092221070331599e-17,-4.7503764903896418e-17,0.0053424427593977697,-0.0053424427593982693,-4.9960036108132044e-16,0.0053424427593982476,0.0053424427593982389,8.6736173798840355e-18,-4.7791631763161035e-16,-3.0357660829594124e-17,2048,2048,1.015625,2
1058,26.450000000000003,1.8560123691168121e-17,2.3388912104168151e-14,2.4535495163346965e-16,2.1342939953095051e-17,4.2451202192947896e-17,0.0044471086490620593,-0.0044471086490613654,6.9388939039072284e-16,0.0044471086490611815,0.004447108649061178,3.4694469519536142e-18,8.7777007884426439e-16,-1.8735013540549517e-16,2048,2048,1.015625,2
1059,26.475000000000001,1.7841343274022437e-17,2.1827050666082333e-14,2.2974244034967839e-16,2.0688238398674158e-17,-1.7990974892958515e-17,0.0036061140886793908,-0.003606114088679141,2.4980018054066022e-16,0.0036061140886790707,0.0036061140886790772,-6.5052130349130266e-18,3.2005648131772091e-16,-6.3751087742147661e-17,2560,2560,1.01953125,2
1060,26.5,1.8417750802486401e-17,2.1822763569244673e-14,2.1055206189668496e-16,2.1952006859465776e-17,1.3472550790935599e-16,0.0028305902124934335,-0.0028305902124928228,6.106226635438361e-16,0.0028305902124927543,0.0028305902124927422,1.214306433183765e-17,6.7914424084491998e-16,-8.066464163292153e-17,1536,1536,1.01171875,2
1061,26.525000000000002,1.7800565039345813e-17,2.0513033317621779e-14,2.4367443826611712e-16,2.0648455340983876e-17,4.7720933873133958e-17,0.0021253275764632207,-0.0021253275764638313,-6.106226635438361e-16,0.002125327576463843,0.0021253275764638408,2.1684043449710089e-18,-6.2233204700667955e-16,9.540979117872439e-18,3072,3072,1.0234375,2
1062,26.550000000000001,1.8094050759653105e-17,2.0313475435004538e-14,2.4980018054066022e-16,2.1514262794484389e-17,1.7044916455396638e-16,0.0014903819879776847,-0.0014903819879780178,-3.3306690738754696e-16,0.0014903819879779926,0.0014903819879779788,1.3877787807814457e-17,-3.0791341698588326e-16,-3.903127820947816e-17,1536,1536,1.01171875,2
1063,26.575000000000003,1.8699297149945902e-17,2.045086164877161e-14,2.0209528495129803e-16,2.3334842586298072e-17,1.2740341991452737e-16,0.00091669566959673432,-0.00091669566959631799,4.163336342344337e-16,0.00091669566959617433,0.00091669566959617032,4.0115480381963664e-18,5.5999042208876304e-16,-1.476683358925257e-16,3072,3072,1.0234375,2
1064,26.600000000000001,1.7695987816754328e-17,1.8832317577098143e-14,2.137504583055172e-16,2.0661275147574962e-17,6.8034739520390568e-17,0.0004281374741452737,-0.0004281374741450239,2.4980018054066022e-16,0.0004281374741451069,0.00042813747414510446,2.439454888092385e-18,1.6680450423689486e-16,8.0556221415672979e-17,3072,3072,1.0234375,2
1065,26.625,1.8499892287483553e-17,1.9272173008714669e-14,2.2291196666301971e-16,2.2762681142672032e-17,-2.5032827656587105e-17,2.1080664891925949e-05,-2.1080664891787171e-05,1.3877787807814457e-16,2.1080664891903157e-05,2.1080664891886873e-05,1.628336137801667e-17,2.2791962544718714e-17,9.9702554155409184e-17,1536,1536,1.01171875,2
1066,26.650000000000002,1.6911956922955874e-17,1.7227363250853392e-14,1.8648277366750676e-16,1.9960033626720591e-17,3.984997886161018e-17,-0.00033424024091921467,0.00033424024091957549,3.6082248300317588e-16,-0.00033424024091940273,-0.00033424024091941015,7.4267848815257054e-18,1.8805486681761074e-16,1.6534083130403943e-16,1536,1536,1.01171875,2
1067,26.675000000000001,1.7486571229772457e-17,1.7430083426325745e-14,1.9363850800591109e-16,2.1403719371816684e-17,-2.9991165841718217e-17,-0.0006424226542023348,0.0006424226542028344,4.9960036108132044e-16,-0.00064242265420273574,-0.00064242265420273292,-2.8189256484623115e-18,4.0093796338513954e-16,1.0148132334464322e-16,4096,4096,1.03125,2
1068,26.700000000000003,1.7048642470039924e-17,1.6645632040336122e-14,1.9151414937419731e-16,2.0500428617407036e-17,1.1964897900028877e-16,-0.00086130706985088068,0.00086130706985035332,-5.2735593669694936e-16,-0.00086130706985041274,-0.00086130706985040764,-5.0957502106818708e-18,-4.6794165764474371e-16,-5.4318528841523772e-17,1024,1024,1.0078125,2
1069,26.725000000000001,1.7642252523486786e-17,1.6934819542417872e-14,1.7976072019809664e-16,2.2399986441998816e-17,1.9464095319230413e-16,-0.0010003745272637588,0.0010003745272633424,-4.163336342344337e-16,-0.0010003745272634148,-0.0010003745272634255,1.0625181290357943e-17,-3.4390892911240201e-16,-8.304988641238964e-17,3584,3584,1.02734375,2
1070,26.75,1.591316137131372e-17,1.4974773457562423e-14,1.9071116214020023e-16,1.9191657881681198e-17,-1.8494626726073358e-17,-0.0010708624621891261,0.0010708624621900698,9.4368957093138306e-16,-0.0010708624621897824,-0.0010708624621897798,-2.6020852139652106e-18,6.5637599522272438e-16,2.8991566092262389e-16,1536,1536,1.01171875,2
1071,26.775000000000002,1.6994096548121825e-17,1.5726205261031674e-14,1.9255430583342559e-16,2.134191908297219e-17,5.0758153976411736e-17,-0.0010881275683214398,0.0010881275683203018,-1.1379786002407855e-15,-0.0010881275683201895,-0.0010881275683201925,3.0357660829594124e-18,-1.2503019453102837e-15,1.0928757898653885e-16,2560,2560,1.01953125,2
1072,26.800000000000001,1.5607465829544989e-17,1.4194665219063068e-14,1.8632014334163394e-16,1.8773453342228013e-17,6.9581880942393977e-17,-0.0010621406969129055,0.0010621406969138769,9.7144514654701197e-16,-0.0010621406969138054,-0.0010621406969138251,1.9732479539236181e-17,8.9988780316296868e-16,5.1824863844807112e-17,2048,2048,1.015625,2
1073,26.825000000000003,1.625856771826525e-17,1.4545959261635596e-14,1.713039432527097e-16,1.999338671547264e-17,1.2141102242417151e-16,-0.00098313815653661152,0.00098313815653744419,8.3266726846886741e-16,-0.00098313815653747216,-0.00098313815653747086,-1.3010426069826053e-18,8.6063968451899342e-16,-2.6671373443143409e-17,1024,1024,1.0078125,2
1074,26.850000000000001,1.5368459991038387e-17,1.351562122275501e-14,1.7477339020466331e-16,1.8199592068292571e-17,-5.7892067474987107e-17,-0.00090762044989567414,0.00090762044989411983,-1.5543122344752192e-15,-0.00090762044989413533,-0.00090762044989414162,6.2883726004159257e-18,-1.5388081434086764e-15,-2.1792463666958639e-17,4096,4096,1.03125,2
1075,26.875,1.5233503160597192e-17,1.3165056160037293e-14,1.7623706313751875e-16,1.8411714180565138e-17,-4.7009421128601577e-18,-0.0008369561533356773,0.00083695615333620466,5.2735593669694936e-16,-0.00083695615333633812,-0.00083695615333633205,-6.0715321659188248e-18,6.6082122412991495e-16,-1.2739375526704677e-16,2048,2048,1.015625,2
1076,26.900000000000002,1.5347757071394342e-17,1.3054503084871747e-14,1.5222198501696482e-16,1.8558251390965666e-17,5.2298342748250228e-17,-0.00078037640668604524,0.00078037640668537911,-6.6613381477509392e-16,-0.00078037640668556744,-0.00078037640668556147,-5.9631119486702744e-18,-4.778078974143618e-16,-1.8236280541206185e-16,3072,3072,1.0234375,2
1077,26.925000000000001,1.4846528174162579e-17,1.2457646878501207e-14,1.470178145890344e-16,1.8368154927056278e-17,-5.9736557800547822e-17,-0.00079234729823518535,0.00079234729823554617,3.6082248300317588e-16,-0.00079234729823570674,-0.00079234729823570663,-1.0842021724855044e-19,5.2139282474827908e-16,-1.6046192152785466e-16,3072,3072,1.0234375,2
1078,26.950000000000003,1.4213773882473648e-17,1.1794898708427019e-14,1.6024508109335756e-16,1.7215107391067386e-17,8.7992612876886506e-17,-0.00078889343940247159,0.00078889343940199974,-4.7184478546569153e-16,-0.00078889343940219479,-0.00078889343940218319,-1.1600963245594897e-17,-2.7679681463554928e-16,-1.8344700758454735e-16,2048,2048,1.015625,2
1079,26.975000000000001,1.4718175344218172e-17,1.2106161364103063e-14,1.5048726154098802e-16,1.8356631596727424e-17,9.2824681386261157e-17,-0.00075564378464676452,0.00075564378464743065,6.6613381477509392e-16,-0.00075564378464759697,-0.00075564378464760163,4.6620693416876691e-18,8.324504280343703e-16,-1.7097868260096405e-16,2048,2048,1.015625,2
1080,27,1.5079396019225119e-17,1.2296737465252942e-14,1.5308934675495323e-16,1.9519589008486294e-17,1.4128684606347655e-16,-0.00073208003104419106,0.00073208003104383024,-3.6082248300317588e-16,-0.00073208003104402594,-0.00073208003104402637,4.3368086899420177e-19,-1.6512399086954233e-16,-1.9613217300262775e-16,3584,3584,1.02734375,2
1081,27.025000000000002,1.4835189926874235e-17,1.2014257980211785e-14,1.7607443281164592e-16,1.8522129738396925e-17,1.0398653804040865e-18,-0.00070479542469037426,0.00070479542469037426,0,-0.00070479542469046967,-0.00070479542469045655,-1.3118846287074604e-17,9.540979117872439e-17,-8.2290944891649787e-17,3072,3072,1.0234375,2
1082,27.050000000000001,1.4313574389682663e-17,1.1540977255721232e-14,1.4289784633358948e-16,1.8442735277533751e-17,1.0829215235030034e-16,-0.00066363887162701474,0.00066363887162770863,6.9388939039072284e-16,-0.0006636388716278976,-0.00066363887162789652,-1.0842021724855044e-18,8.8286582905494626e-16,-1.8789223649173792e-16,1024,1024,1.0078125,2
1083,27.075000000000003,1.3537086630793634e-17,1.0879063280086383e-14,1.5092094240998222e-16,1.7212505003312112e-17,-2.772650013321831e-17,-0.00060373738954666578,0.00060373738954511147,-1.5543122344752192e-15,-0.00060373738954526868,-0.00060373738954527627,7.589415207398531e-18,-1.397102919464821e-15,-1.6479873021779667e-16,1536,1536,1.01171875,2
1084,27.100000000000001,1.3382007903450985e-17,1.0741582939676591e-14,1.398078701420058e-16,1.7210636092115625e-17,-7.5065849502749048e-17,-0.0005405018733153355,0.00054050187331527999,-5.5511151231257827e-17,-0.00054050187331535838,-0.00054050187331535003,-8.3483567281383841e-18,2.2876665839444144e-17,-7.0039460342563586e-17,3584,3584,1.02734375,2
1085,27.125,1.3434309835986432e-17,1.0784406145686948e-14,1.3628421308142791e-16,1.7278455906755811e-17,-1.4325038838976151e-16,-0.00050760527008186784,0.0005076052700823952,5.2735593669694936e-16,-0.0005076052700824325,-0.00050760527008241775,-1.474514954580286e-17,5.6465249143045071e-16,-2.2551405187698492e-17,2560,2560,1.01953125,2
1086,27.150000000000002,1.4932729551542089e-17,1.2002527183773785e-14,1.3357370765021415e-16,2.030741933390577e-17,-1.7213775003693132e-16,-0.00045147934593536831,0.00045147934593520178,-1.6653345369377348e-16,-0.00045147934593491897,-0.00045147934593492379,4.8246996675604947e-18,-4.4934759038661731e-16,2.7798943702528334e-16,1536,1536,1.01171875,2
1087,27.175000000000001,1.3450060450517409e-17,1.084650510000442e-14,1.3400738851920835e-16,1.7217367340589347e-17,-1.1302683137471998e-16,-0.00039254829808044178,0.00039254829807977565,-6.6613381477509392e-16,-0.00039254829807970686,-0.00039254829807971651,9.6493993351209895e-18,-7.3492644261929918e-16,5.9143228509084267e-17,1536,1536,1.01171875,2
1088,27.200000000000003,1.4892440001398492e-17,1.2064026472309586e-14,1.2869479787402938e-16,2.0027963679333272e-17,1.2078958117641877e-16,-0.00034735241826133745,0.00034735241826275298,1.4155343563970746e-15,-0.00034735241826237254,-0.00034735241826236413,-8.4025668367626594e-18,1.0350878140719111e-15,3.8884910916192617e-16,2560,2560,1.01953125,2
1089,27.225000000000001,1.37406673754177e-17,1.1175433103899046e-14,1.3357370765021415e-16,1.8212850112688222e-17,3.6881705215173949e-17,-0.00030217035797264202,0.00030217035797350245,8.6042284408449632e-16,-0.00030217035797311869,-0.00030217035797311918,4.87890977618477e-19,4.7666948513325202e-16,3.8326546797362582e-16,2048,2048,1.015625,2
1090,27.25,1.367770228962499e-17,1.1182154952948303e-14,1.231653667943533e-16,1.7927946918020088e-17,2.7743670384990568e-17,-0.00025843846082196364,0.00025843846082129751,-6.6613381477509392e-16,-0.00025843846082109514,-0.00025843846082109899,3.8489177123235407e-18,-8.6850015026951333e-16,1.9851741778209586e-16,1024,1024,1.0078125,2
1091,27.275000000000002,1.3970193976376284e-17,1.1483682027420647e-14,1.2988742026376343e-16,1.8319207961874525e-17,-2.4455035287389424e-18,-0.00021651917249698727,0.00021651917249776442,7.7715611723760958e-16,-0.00021651917249733538,-0.00021651917249734551,1.0137290312739466e-17,3.4811021253078334e-16,4.1890861439408678e-16,1024,1024,1.0078125,2
1092,27.300000000000001,1.490686449538776e-17,1.2344599295711379e-14,1.2685165418080402e-16,1.9915582528724144e-17,1.3391425646686155e-16,-0.00019575382390435436,0.00019575382390479845,4.4408920985006262e-16,-0.0001957538239045586,-0.00019575382390456497,6.3696877633523385e-18,2.042365842419569e-16,2.3348293784475338e-16,4096,4096,1.03125,2
1093,27.325000000000003,1.3529134480300263e-17,1.12912879605587e-14,1.3574211199518516e-16,1.7630060315844367e-17,2.5543011534645569e-17,-0.00018808740376741184,0.00018808740376755062,1.3877787807814457e-16,-0.00018808740376713865,-0.00018808740376714681,8.1586213479534209e-18,-2.7319184241203498e-16,4.0381109914222613e-16,2048,2048,1.015625,2
1094,27.350000000000001,1.3695457950355689e-17,1.1511177809171583e-14,1.2923689896027213e-16,1.7764292710569984e-17,3.2641166725605976e-17,-0.00019089408410444264,0.00019089408410519204,7.4940054162198066e-16,-0.00019089408410476378,-0.00019089408410475936,-4.4181238528784306e-18,3.2114068349020641e-16,4.3267798198465268e-16,1024,1024,1.0078125,2
1095,27.375,1.3961311435653454e-17,1.1841225657460395e-14,1.4961989980299961e-16,1.8362168601576186e-17,-3.2438572368379391e-17,-0.00020146701569778713,0.00020146701569745407,-3.3306690738754696e-16,-0.00020146701569709698,-0.00020146701569708972,-7.2641545556528797e-18,-6.9014889289564785e-16,3.6434614006375377e-16,3072,3072,1.0234375,2
1096,27.400000000000002,1.4317053599947049e-17,1.2264975435911757e-14,1.4354836763708079e-16,1.8438998558586789e-17,-1.4194631658375711e-17,-0.0002437108951323097,0.00024371089513275379,4.4408920985006262e-16,-0.00024371089513235437,-0.00024371089513235911,4.7433845046240819e-18,4.4669129506402783e-17,3.9467669583903575e-16,2048,2048,1.015625,2
1097,27.425000000000001,1.5510542727011389e-17,1.3449929359282828e-14,1.3791051634015616e-16,2.0112746771138419e-17,4.9412353174282544e-17,-0.00032951840599615423,0.0003295184059977363,1.5820678100908481e-15,-0.00032951840599716248,-0.00032951840599717045,7.9688859677684576e-18,1.0082538103028948e-15,5.6584511382018476e-16,3584,3584,1.02734375,2
1098,27.450000000000003,1.4528136200531597e-17,1.2748895982874479e-14,1.4484941024406339e-16,1.8584935416808363e-17,2.363572680758089e-17,-0.00045656723894715867,0.0004565672389465758,-5.8286708792820718e-16,-0.00045656723894635566,-0.00045656723894634259,-1.3064636178450328e-17,-8.0301433905138886e-16,2.33211887301632e-16,3072,3072,1.0234375,2
1099,27.475000000000001,1.5185345975121405e-17,1.3492115075274157e-14,1.4734307524078005e-16,1.9669434844401807e-17,-8.2276274490267115e-18,-0.0006281260568599123,0.0006281260568606617,7.4940054162198066e-16,-0.00062812605686042599,-0.00062812605686042447,-1.5178830414797062e-18,5.13694989323632e-16,2.3722343533982837e-16,3072,3072,1.0234375,2
1100,27.5,1.545317309723738e-17,1.3935701853020466e-14,1.4268100589909238e-16,1.9821205464979244e-17,1.0125990762215036e-16,-0.00080558526651408613,0.00080558526651358653,-4.9960036108132044e-16,-0.00080558526651350727,-0.00080558526651351031,3.0357660829594124e-18,-5.7885553989001082e-16,7.6219412725730962e-17,2048,2048,1.015625,2
1101,27.525000000000002,1.5686628926945136e-17,1.4365085349853505e-14,1.5092094240998222e-16,1.9645405144209564e-17,5.4646492674464491e-17,-0.0009882867576536114,0.00098828675765333385,-2.7755575615628914e-16,-0.00098828675765318965,-0.00098828675765319442,4.7704895589362195e-18,-4.2175464509686122e-16,1.3942839938163587e-16,1024,1024,1.0078125,2
1102,27.550000000000001,1.6400036025652247e-17,1.525822882647644e-14,1.5352302762394743e-16,2.1005223987270617e-17,9.977214816866497e-18,-0.001208806554247488,0.0012088065542479876,4.9960036108132044e-16,-0.001208806554247993,-0.0012088065542480042,1.1275702593849246e-17,5.0502137194374797e-16,-1.6696713456276768e-17,1536,1536,1.01171875,2
1103,27.575000000000003,1.5818154016875734e-17,1.4944143122197151e-14,1.6436504934880247e-16,1.9394718385439612e-17,-2.8714106639348588e-17,-0.0014802004736136354,0.0014802004736139407,3.0531133177191805e-16,-0.0014802004736139745,-0.0014802004736139821,7.589415207398531e-18,3.3913843955346579e-16,-4.1416522988946269e-17,1536,1536,1.01171875,2
1104,27.600000000000001,1.6782823001529148e-17,1.6126029278729191e-14,1.7705021476688287e-16,1.9984715515608875e-17,-3.7260292438548842e-17,-0.0018040144714674966,0.0018040144714673301,-1.6653345369377348e-16,-0.0018040144714673938,-0.0018040144714674029,9.1072982488782372e-18,-1.0278236595162582e-16,-7.2858385991025898e-17,2560,2560,1.01953125,2
1105,27.625,1.871190092854983e-17,1.8409036358345762e-14,1.903316913798303e-16,2.4054486588211341e-17,5.9166335993668082e-17,-0.0021818869727390222,0.0021818869727396051,5.8286708792820718e-16,-0.0021818869727396975,-0.0021818869727397005,3.0357660829594124e-18,6.7524111302397216e-16,-9.540979117872439e-17,3072,3072,1.0234375,2
1106,27.650000000000002,1.7739600472827327e-17,1.7879655590997855e-14,1.6479873021779667e-16,2.1549295262636106e-17,2.3701674268008274e-17,-0.0026233255139640477,0.0026233255139628264,-1.2212453270876722e-15,-0.0026233255139629973,-0.002623325513962996,-1.3010426069826053e-18,-1.0503750647039567e-15,-1.6956921977673289e-16,2048,2048,1.015625,2
1107,27.675000000000001,1.8396896339187704e-17,1.8983565867734412e-14,1.9689111452336761e-16,2.3104138103902571e-17,-2.7382613622453679e-17,-0.0031073281665232599,0.0031073281665230379,-2.2204460492503131e-16,-0.0031073281665231866,-0.003107328166523168,-1.8648277366750676e-17,-7.32920668600201e-17,-1.3010426069826053e-16,2560,2560,1.01953125,2
1108,27.700000000000003,1.8234788083821821e-17,1.9286350460530796e-14,1.7997756063259374e-16,2.205120816171212e-17,1.1046879810541392e-16,-0.0036528225016851934,0.0036528225016864424,1.2490009027033011e-15,-0.0036528225016866146,-0.0036528225016866232,8.6736173798840355e-18,1.4211722076939992e-15,-1.8084492237058214e-16,1536,1536,1.01171875,2
1109,27.725000000000001,2.0388368054092105e-17,2.2165423579511467e-14,1.9114484300919443e-16,2.6073491690787085e-17,-6.8904286116186858e-18,-0.0042646248193882741,0.0042646248193872471,-1.0269562977782698e-15,-0.0042646248193873582,-0.0042646248193873582,0,-9.1593399531575415e-16,-1.1102230246251565e-16,2048,2048,1.015625,2
1110,27.75,1.8402086608786954e-17,2.0603176007648393e-14,1.826880660638075e-16,2.1900354281820002e-17,-1.3535772546307753e-17,-0.0049267847946392607,0.0049267847946398158,5.5511151231257827e-16,-0.0049267847946400187,-0.0049267847946400161,-2.6020852139652106e-18,7.580741590018647e-16,-2.0036056147532122e-16,2560,2560,1.01953125,2
1111,27.775000000000002,2.0507219424411764e-17,2.3689797542985049e-14,1.8908485888147197e-16,2.5960100302234024e-17,-4.6146645112869863e-17,-0.0056521471055646089,0.0056521471055632211,-1.3877787807814457e-15,-0.0056521471055633677,-0.0056521471055633781,1.0408340855860843e-17,-1.2411946470614055e-15,-1.5699247457590104e-16,3072,3072,1.0234375,2
1112,27.800000000000001,1.9929981366320503e-17,2.3772232834955687e-14,1.892474892073448e-16,2.436925329066402e-17,8.0151097708828879e-17,-0.0064422869035514196,0.0064422869035515307,1.1102230246251565e-16,-0.0064422869035516105,-0.0064422869035516313,2.0816681711721685e-17,1.9081958235744878e-16,-1.0061396160665481e-16,2048,2048,1.015625,2
1113,27.825000000000003,2.0000006859330566e-17,2.4703076985427025e-14,1.8639807037278133e-16,2.4382644019999804e-17,1.159716604705814e-16,-0.0073134762483828553,0.0073134762483829108,5.5511151231257827e-17,-0.0073134762483829793,-0.0073134762483829897,1.0408340855860843e-17,1.2403272853234171e-16,-7.8929918156944723e-17,3584,3584,1.02734375,2
1114,27.850000000000001,2.0252510879933061e-17,2.6018653354201445e-14,2.1011838102769076e-16,2.5065275248639781e-17,-2.4479565870793851e-17,-0.0082394114756407788,0.0082394114756416115,8.3266726846886741e-16,-0.0082394114756416011,-0.0082394114756416097,8.6736173798840355e-18,8.2225892761300656e-16,1.7347234759768071e-18,3584,3584,1.02734375,2
1115,27.875,2.1731601415402844e-17,2.9060180059991083e-14,1.9342166757141399e-16,2.7316619932190735e-17,8.1865543358160944e-17,-0.0092250843442549524,0.0092250843442547303,-2.2204460492503131e-16,-0.0092250843442546453,-0.0092250843442546592,1.3877787807814457e-17,-3.0704605524789486e-16,7.1123662515049091e-17,1536,1536,1.01171875,2
1116,27.900000000000002,2.2304171745785244e-17,3.0794140837884256e-14,2.0903417885520525e-16,2.8237914753067823e-17,-2.2199344874659283e-17,-0.010273157971379732,0.010273157971380065,3.3306690738754696e-16,-0.010273157971379914,-0.010273157971379924,1.0408340855860843e-17,1.8214596497756474e-16,1.4051260155412137e-16,1024,1024,1.0078125,2
1117,27.925000000000001,2.1917285728290192e-17,3.125203249355179e-14,2.1147363374329764e-16,2.7490604581822338e-17,9.7135977240066716e-17,-0.011382976344803453,0.011382976344803286,-1.6653345369377348e-16,-0.011382976344803068,-0.01138297634480309,2.2551405187698492e-17,-3.8510861166685117e-16,1.960237527853792e-16,2048,2048,1.015625,2
1118,27.950000000000003,2.1683006465888448e-17,3.2094437334380336e-14,2.1423834928313568e-16,2.7329174220368514e-17,2.0124226210822885e-16,-0.012554208229067498,0.012554208229068831,1.3322676295501878e-15,-0.012554208229068636,-0.012554208229068635,-1.7347234759768071e-18,1.1379786002407855e-15,1.960237527853792e-16,2560,2560,1.01953125,2
1119,27.975000000000001,2.126794748689142e-17,3.2505536795447327e-14,2.1608149297636103e-16,2.6116336777234582e-17,9.2436827131677696e-17,-0.013777136895566144,0.013777136895565256,-8.8817841970012523e-16,-0.013777136895564862,-0.013777136895564883,2.0816681711721685e-17,-1.2819606487468604e-15,3.7296554733501353e-16,1536,1536,1.01171875,2
1120,28,2.2097989192266515e-17,3.4706895839316223e-14,2.0404684886177193e-16,2.7909914903426967e-17,-6.2737772593811574e-18,-0.015051001541470654,0.015051001541471931,1.27675647831893e-15,-0.015051001541471619,-0.015051001541471635,1.5612511283791264e-17,9.6450625264310474e-16,2.9663771439203401e-16,2560,2560,1.01953125,2
1121,28.025000000000002,2.3347562828241344e-17,3.7555859201106937e-14,2.321276851291465e-16,2.9770176970182139e-17,2.1669121604621053e-16,-0.01637214475567994,0.016372144755679885,-5.5511151231257827e-17,-0.016372144755679708,-0.016372144755679705,-3.4694469519536142e-18,-2.3245294578089215e-16,1.8041124150158794e-16,3072,3072,1.0234375,2
1122,28.050000000000001,2.1666153109702929e-17,3.5511648165513013e-14,2.2475511035624507e-16,2.6931337126187198e-17,6.4177453967706263e-17,-0.017711878147380844,0.017711878147380677,-1.6653345369377348e-16,-0.017711878147380473,-0.017711878147380483,1.0408340855860843e-17,-3.7123082385903672e-16,1.9428902930940239e-16,1536,1536,1.01171875,2
1123,28.075000000000003,2.1689061417079594e-17,3.5953136036617672e-14,2.1206994493816467e-16,2.6796594241470188e-17,4.9113697074580094e-17,-0.019082741264210057,0.019082741264210779,7.2164496600635175e-16,-0.019082741264210407,-0.019082741264210407,0,3.5041414214731503e-16,3.7123082385903672e-16,3072,3072,1.0234375,2
1124,28.100000000000001,2.2765312690327236e-17,3.7824784813134212e-14,2.1163626406917047e-16,2.8312618805215118e-17,-1.4587768727118832e-18,-0.020455915662816793,0.020455915662818069,1.27675647831893e-15,-0.020455915662817986,-0.020455915662818,1.3877787807814457e-17,1.1934897514720433e-15,6.9388939039072284e-17,1536,1536,1.01171875,2
1125,28.125,2.3346516652275938e-17,3.8519925367613149e-14,2.2291196666301971e-16,3.0558498566568463e-17,3.4102450387222487e-16,-0.021839998118329262,0.021839998118329096,-1.6653345369377348e-16,-0.021839998118328881,-0.021839998118328881,0,-3.8163916471489756e-16,2.1510571102112408e-16,1536,1536,1.01171875,2
1126,28.150000000000002,2.32955902575428e-17,3.7941093936782718e-14,2.0166160408230382e-16,3.0389404006315498e-17,2.8237808739377718e-16,-0.023236449588871722,0.023236449588872221,4.9960036108132044e-16,-0.023236449588872141,-0.023236449588872155,1.3877787807814457e-17,4.1980308118638732e-16,6.591949208711867e-17,1024,1024,1.0078125,2
1127,28.175000000000001,2.3308493348870584e-17,3.7510926705529533e-14,2.0886477226575439e-16,2.9767848831574017e-17,1.4032015130572509e-16,-0.024632699462104668,0.024632699462105223,5.5511151231257827e-16,-0.024632699462105005,-0.024632699462105022,1.7347234759768071e-17,3.3653635433950058e-16,2.0122792321330962e-16,2560,2560,1.01953125,2
1128,28.200000000000003,2.1999888767073229e-17,3.4622469511289132e-14,2.0448052973076614e-16,2.7510260729315593e-17,1.541611290463422e-16,-0.026015521916294304,0.02601552191629386,-4.4408920985006262e-16,-0.026015521916293752,-0.026015521916293752,0,-5.5164206536062466e-16,1.0755285551056204e-16,2048,2048,1.015625,2
1129,28.225000000000001,2.3727669405802978e-17,3.60951637573474e-14,1.9905951886833861e-16,3.0989110948495882e-17,1.6123895855849743e-16,-0.027384682098817947,0.027384682098819169,1.2212453270876722e-15,-0.02738468209881895,-0.027384682098818957,6.9388939039072284e-18,1.0026701691145945e-15,2.1163626406917047e-16,2048,2048,1.015625,2
1130,28.25,2.204660886051303e-17,3.2546742627168897e-14,1.962405932198763e-16,2.791000965761237e-17,1.1302108975277815e-16,-0.028745566331732419,0.028745566331731087,-1.3322676295501878e-15,-0.028745566331731347,-0.028745566331731344,-3.4694469519536142e-18,-1.0720591081536668e-15,-2.5673907444456745e-16,3584,3584,1.02734375,2
1131,28.275000000000002,2.4081547038120563e-17,3.4143887366664493e-14,2.0903417885520525e-16,3.0389690439059611e-17,3.2453342608210895e-16,-0.030038795311501332,0.030038795311502553,1.2212453270876722e-15,-0.030038795311502768,-0.030038795311502747,-2.0816681711721685e-17,1.4363510381087963e-15,-1.9428902930940239e-16,1536,1536,1.01171875,2
1132,28.300000000000001,2.1440925790296037e-17,2.9360269183150155e-14,2.1510571102112408e-16,2.6757849954608211e-17,3.2038597069333066e-17,-0.031234145691776405,0.031234145691775406,-9.9920072216264089e-16,-0.031234145691775812,-0.031234145691775829,1.7347234759768071e-17,-5.9327542878406803e-16,-4.2327252813834093e-16,1536,1536,1.01171875,2
1133,28.325000000000003,2.3147235547012323e-17,3.0633137101501958e-14,2.1206994493816467e-16,3.0674636828065356e-17,3.3174749703647941e-16,-0.032373939414757302,0.03237393941475708,-2.2204460492503131e-16,-0.032373939414757295,-0.032373939414757288,-6.9388939039072284e-18,-6.9388939039072284e-18,-2.0816681711721685e-16,3072,3072,1.0234375,2
1134,28.350000000000001,2.2288338826048208e-17,2.8455347112884573e-14,2.0751629581372555e-16,2.8318322703445986e-17,-2.9239290425633932e-16,-0.03343752878291717,0.033437528782917392,2.2204460492503131e-16,-0.033437528782917537,-0.033437528782917572,3.4694469519536142e-17,3.677613769070831e-16,-1.8041124150158794e-16,512,512,1.00390625,2
1135,28.375,2.0813277315218982e-17,2.5659979138594533e-14,1.8735013540549517e-16,2.5739247418149407e-17,9.4473608555633733e-17,-0.034424311099376936,0.034424311099376492,-4.4408920985006262e-16,-0.034424311099376916,-0.034424311099376916,0,-2.0816681711721685e-17,-4.2327252813834093e-16,1024,1024,1.0078125,2
1136,28.400000000000002,2.0359465874051144e-17,2.4249420257612545e-14,2.0036056147532122e-16,2.4764329474064898e-17,5.5329353555736959e-17,-0.035369133580083201,0.035369133580082757,-4.4408920985006262e-16,-0.035369133580083464,-0.035369133580083485,2.0816681711721685e-17,2.6367796834847468e-16,-7.2858385991025898e-16,2048,2048,1.015625,2
1137,28.425000000000001,2.1145818677556124e-17,2.4316211196111542e-14,1.9840899756484731e-16,2.5893124580980301e-17,-2.2597476444956026e-16,-0.03625195191730235,0.036251951917301017,-1.3322676295501878e-15,-0.03625195191730126,-0.036251951917301226,-3.4694469519536142e-17,-1.0894063429134349e-15,-2.0816681711721685e-16,1536,1536,1.01171875,2
1138,28.450000000000003,2.0947585469796859e-17,2.3353686139479328e-14,2.1282888645890452e-16,2.6482821254351823e-17,1.9615385962531564e-16,-0.037056108833253276,0.037056108833253276,0,-0.037056108833254088,-0.037056108833254081,-6.9388939039072284e-18,8.1185058675714572e-16,-8.0491169285323849e-16,1024,1024,1.0078125,2
1139,28.475000000000001,2.0440481517169469e-17,2.2054216427921141e-14,1.947227101783966e-16,2.5707056495539776e-17,2.3751439985942275e-16,-0.037762041897728693,0.037762041897728249,-4.4408920985006262e-16,-0.037762041897728645,-0.037762041897728617,-2.7755575615628914e-17,-4.8572257327350599e-17,-3.677613769070831e-16,3072,3072,1.0234375,2
1140,28.5,1.9116683321927569e-17,1.9940572970467773e-14,1.8594067258126401e-16,2.3105905045701518e-17,-5.4672493841864509e-18,-0.038367294002465968,0.038367294002465302,-6.6613381477509392e-16,-0.038367294002466447,-0.038367294002466433,-1.3877787807814457e-17,4.7878367936959876e-16,-1.1310397063368782e-15,2560,2560,1.01953125,2
1141,28.525000000000002,1.9552605780141331e-17,1.9792073097807591e-14,2.0122792321330962e-16,2.4239611722488679e-17,-8.7853072101250018e-17,-0.038867923046735697,0.038867923046735586,-1.1102230246251565e-16,-0.038867923046735628,-0.038867923046735663,3.4694469519536142e-17,-6.9388939039072284e-17,-7.6327832942979512e-17,1536,1536,1.01171875,2
1142,28.550000000000001,1.9427912229877259e-17,1.910710588460508e-14,1.8648277366750676e-16,2.4351368889725845e-17,7.0800217831021761e-17,-0.039298917930743471,0.039298917930742583,-8.8817841970012523e-16,-0.039298917930743152,-0.039298917930743152,0,-3.1918911957973251e-16,-5.6898930012039273e-16,2048,2048,1.015625,2
1143,28.575000000000003,1.9013642853661345e-17,1.8168562521677803e-14,1.8951853975046618e-16,2.4107563065193161e-17,1.8374151221698499e-16,-0.039737215137977344,0.039737215137977899,5.5511151231257827e-16,-0.039737215137978038,-0.039737215137978031,-6.9388939039072284e-18,6.9388939039072284e-16,-1.3183898417423734e-16,1536,1536,1.01171875,2
1144,28.600000000000001,1.7466430201268904e-17,1.619735241763101e-14,1.8691645453650096e-16,2.106901717069943e-17,1.4999111902797661e-16,-0.040143202114544252,0.040143202114543364,-8.8817841970012523e-16,-0.040143202114543503,-0.040143202114543503,0,-7.4940054162198066e-16,-1.3877787807814457e-16,3072,3072,1.0234375,2
1145,28.625,1.6668140276474408e-17,1.4932213229583911e-14,1.8214596497756474e-16,2.0116569146899636e-17,3.7400287122117149e-17,-0.040526410137172064,0.040526410137171176,-8.8817841970012523e-16,-0.040526410137172092,-0.040526410137172078,-1.3877787807814457e-17,2.7755575615628914e-17,-9.0205620750793969e-16,2048,2048,1.015625,2
1146,28.650000000000002,1.8856036335511559e-17,1.6394350636209617e-14,2.1076890233118206e-16,2.3666176918320145e-17,-4.8012283775888792e-17,-0.040881892442167,0.040881892442167445,4.4408920985006262e-16,-0.040881892442167854,-0.040881892442167868,1.3877787807814457e-17,8.5348395018058909e-16,-4.2327252813834093e-16,1536,1536,1.01171875,2
1147,28.675000000000001,1.5853763143913755e-17,1.3385709800402235e-14,1.704365815147213e-16,1.8849410843412226e-17,8.4854437543040217e-17,-0.041221069739680871,0.041221069739680649,-2.2204460492503131e-16,-0.041221069739681288,-0.041221069739681294,6.9388939039072284e-18,4.163336342344337e-16,-6.4531713306337224e-16,2560,2560,1.01953125,2
1148,28.700000000000003,1.5356314820676413e-17,1.2565205565625336e-14,1.6826817716975029e-16,1.8754871854215657e-17,7.7267117349174513e-17,-0.041437338280116975,0.041437338280116309,-6.6613381477509392e-16,-0.041437338280116351,-0.041437338280116358,6.9388939039072284e-18,-6.2450045135165055e-16,-4.8572257327350599e-17,4096,4096,1.03125,2
1149,28.725000000000001,1.515891033644014e-17,1.2059357565630154e-14,1.6447346956605102e-16,1.8600199002604418e-17,1.2343995969864172e-16,-0.041433973970093518,0.04143397397009374,2.2204460492503131e-16,-0.04143397397009442,-0.0414339739700944,-2.0816681711721685e-17,9.0205620750793969e-16,-6.591949208711867e-16,3072,3072,1.0234375,2
1150,28.75,1.4450072794054831e-17,1.1181244264104771e-14,1.4528309111305759e-16,1.8088842943416426e-17,2.4052745581971153e-16,-0.041373640373926435,0.041373640373924436,-1.9984014443252818e-15,-0.041373640373925033,-0.041373640373925012,-2.0816681711721685e-17,-1.4016565685892601e-15,-5.7592819402429996e-16,4096,4096,1.03125,2
1151,28.775000000000002,1.3644657404949017e-17,1.0275410687277277e-14,1.4181364416110398e-16,1.6732233418960411e-17,8.4024374984069998e-17,-0.041250096030241323,0.041250096030241989,6.6613381477509392e-16,-0.041250096030241643,-0.041250096030241649,6.9388939039072284e-18,3.1918911957973251e-16,3.4000580129145419e-16,2048,2048,1.015625,2
1152,28.800000000000001,1.3860802330988661e-17,1.0159547145367708e-14,1.4051260155412137e-16,1.7427893942629338e-17,-1.6907112962716132e-17,-0.041016014467805562,0.041016014467804451,-1.1102230246251565e-15,-0.041016014467805229,-0.041016014467805201,-2.7755575615628914e-17,-3.3306690738754696e-16,-7.4940054162198066e-16,3072,3072,1.0234375,2
1153,28.825000000000003,1.2249584581531194e-17,8.7662059383176548e-15,1.3899471851264167e-16,1.4790037212601392e-17,-1.1670379178052216e-16,-0.040660358377285988,0.040660358377285544,-4.4408920985006262e-16,-0.040660358377286231,-0.040660358377286265,3.4694469519536142e-17,2.4286128663675299e-16,-7.2164496600635175e-16,1536,1536,1.01171875,2
1154,28.850000000000001,1.2235964219669835e-17,8.5478218277937278e-15,1.2370746788059606e-16,1.4977134061115722e-17,8.4091207488161632e-17,-0.040235311691631637,0.040235311691632525,8.8817841970012523e-16,-0.040235311691632754,-0.04023531169163274,-1.3877787807814457e-17,1.1171619185290638e-15,-2.1510571102112408e-16,512,512,1.00390625,2
1155,28.875,1.1008846430408297e-17,7.5193172155167321e-15,1.1991276027689679e-16,1.3207104997943244e-17,-3.2448917864637524e-17,-0.039744958995367341,0.039744958995367119,-2.2204460492503131e-16,-0.03974495899536707,-0.039744958995367057,-1.3877787807814457e-17,-2.7061686225238191e-16,6.2450045135165055e-17,2560,2560,1.01953125,2
1156,28.900000000000002,1.1290225066395671e-17,7.5414872187937314e-15,1.2056328158038809e-16,1.3670989320104359e-17,-8.1943655451371396e-18,-0.039196782660427587,0.039196782660427143,-4.4408920985006262e-16,-0.039196782660428198,-0.039196782660428205,6.9388939039072284e-18,6.106226635438361e-16,-1.0616507672978059e-15,2048,2048,1.015625,2
1157,28.925000000000001,1.0696033718033405e-17,6.9865240942878209e-15,1.1297386637298956e-16,1.3341527022208701e-17,5.0642833715198813e-17,-0.038563690633884207,0.038563690633884651,4.4408920985006262e-16,-0.038563690633883915,-0.038563690633883888,-2.7755575615628914e-17,-2.9143354396410359e-16,7.6327832942979512e-16,2048,2048,1.015625,2
1158,28.950000000000003,9.2641199049967394e-18,5.9080483160179853e-15,1.0581813203458523e-16,1.0869503999375903e-17,-4.5060791423534286e-17,-0.037842687983719259,0.037842687983719259,0,-0.037842687983718294,-0.037842687983718294,0,-9.6450625264310474e-16,9.6450625264310474e-16,4608,4608,1.03515625,2
1159,28.975000000000001,9.430868937344346e-18,5.8912775468508943e-15,9.6277152916712794e-17,1.1855685362977928e-17,-8.3311062151811721e-17,-0.037009243234022549,0.037009243234023215,6.6613381477509392e-16,-0.03700924323402275,-0.037009243234022757,6.9388939039072284e-18,2.0122792321330962e-16,4.5796699765787707e-16,3584,3584,1.02734375,2
1160,29,8.0067911490715762e-18,4.905238406409929e-15,9.8011876392689601e-17,9.73426785917378e-18,1.0074694221646069e-16,-0.036070602752163339,0.036070602752164449,1.1102230246251565e-15,-0.036070602752164213,-0.036070602752164206,-6.9388939039072284e-18,8.7430063189231078e-16,2.4286128663675299e-16,1536,1536,1.01171875,2
1161,29.025000000000002,7.2890506653641902e-18,4.3806945788018841e-15,8.5435131191857749e-17,8.6398278596548143e-18,-6.2367967210428858e-17,-0.035080280324130797,0.035080280324129909,-8.8817841970012523e-16,-0.035080280324129326,-0.035080280324129326,0,-1.4710455076283324e-15,5.8286708792820718e-16,2560,2560,1.01953125,2
1162,29.050000000000001,7.1615080763308336e-18,4.2330083435347035e-15,7.8062556418956319e-17,8.3281400720760748e-18,7.3462155444889946e-20,-0.034016396141993255,0.034016396141993255,0,-0.034016396141993165,-0.034016396141993185,2.0816681711721685e-17,-9.0205620750793969e-17,6.9388939039072284e-17,2560,2560,1.01953125,2
1163,29.075000000000003,6.7693483315842134e-18,3.9438528235464132e-15,7.4593109467002705e-17,8.0044928878139964e-18,-9.969188477202454e-18,-0.032913368032312817,0.03291336803231526,2.4424906541753444e-15,-0.032913368032314358,-0.032913368032314351,-6.9388939039072284e-18,1.5404344466674047e-15,9.0899510141184692e-16,3072,3072,1.0234375,2
1164,29.100000000000001,6.822913373320101e-18,3.9138964935295142e-15,7.9797279894933126e-17,8.4188393405679587e-18,-5.9772635323289548e-17,-0.031827850907744093,0.031827850907742761,-1.3322676295501878e-15,-0.031827850907742539,-0.031827850907742518,-2.0816681711721685e-17,-1.5543122344752192e-15,2.4286128663675299e-16,3072,3072,1.0234375,2
1165,29.125,6.3447866441454663e-18,3.5943234364494331e-15,8.2399365108898337e-17,7.4719375433882886e-18,-1.0026128585100954e-17,-0.030683047883536929,0.03068304788353915,2.2204460492503131e-15,-0.030683047883538355,-0.030683047883538372,1.7347234759768071e-17,1.4259426972529354e-15,7.7715611723760958e-16,3072,3072,1.0234375,2
1166,29.150000000000002,6.1979081307401757e-18,3.4729337681705727e-15,8.1532003370909933e-17,7.3669806408916166e-18,3.0060167700155067e-17,-0.029424553093255312,0.029424553093254424,-8.8817841970012523e-16,-0.029424553093255045,-0.029424553093255087,4.163336342344337e-17,-2.6714741530042829e-16,-6.6266436782314031e-16,3072,3072,1.0234375,2
1167,29.175000000000001,6.1723551359738172e-18,3.4202928373109279e-15,8.1532003370909933e-17,6.9287702213359563e-18,-1.3884433784801804e-17,-0.028047584915078971,0.028047584915078971,0,-0.028047584915078694,-0.028047584915078715,2.0816681711721685e-17,-2.7755575615628914e-16,2.5673907444456745e-16,4096,4096,1.03125,2
1168,29.200000000000003,6.213995279171409e-18,3.4096069675602484e-15,7.7195194680967916e-17,6.9513020525352288e-18,1.0519409078895672e-17,-0.026579025387960087,0.026579025387960309,2.2204460492503131e-16,-0.026579025387960063,-0.026579025387960063,0,-2.4286128663675299e-17,2.4633073358870661e-16,3072,3072,1.0234375,2
1169,29.225000000000001,6.2561555390018587e-18,3.4015320883885823e-15,8.3700407715880942e-17,6.6593261017382486e-18,1.8645849838099069e-17,-0.025007312940537929,0.025007312940539261,1.3322676295501878e-15,-0.025007312940537992,-0.025007312940537978,-1.3877787807814457e-17,6.2450045135165055e-17,1.2836953722228372e-15,512,512,1.00390625,2
1170,29.25,6.5233537627207705e-18,3.5156329538105186e-15,8.8687737709314263e-17,6.2900231359307056e-18,1.6099627121442937e-17,-0.023366081735231248,0.023366081735231248,0,-0.023366081735230464,-0.023366081735230474,1.0408340855860843e-17,-7.8409501114151681e-16,7.7368667028565596e-16,1024,1024,1.0078125,2
1171,29.275000000000002,6.5579842996709578e-18,3.5042573658222186e-15,9.3675067702747583e-17,6.3367120014377674e-18,1.7315404995444863e-17,-0.021647370960954149,0.021647370960955037,8.8817841970012523e-16,-0.021647370960955471,-0.021647370960955474,3.4694469519536142e-18,1.321859288694327e-15,-4.3715031594615539e-16,2560,2560,1.01953125,2
1172,29.300000000000001,7.1576612073232407e-18,3.7968405732297301e-15,1.1102230246251565e-16,6.8020967759156745e-18,2.135908226385519e-17,-0.019835578028937206,0.019835578028938539,1.3322676295501878e-15,-0.0198355780289367,-0.019835578028936731,3.1225022567582528e-17,-5.0653925498522767e-16,1.807581861967833e-15,3072,3072,1.0234375,2
1173,29.325000000000003,7.3909055824407818e-18,3.8932669197174308e-15,1.1611805267319752e-16,7.1261180606877149e-18,2.1630981140259047e-17,-0.017965241404127141,0.017965241404128918,1.7763568394002505e-15,-0.017965241404127034,-0.017965241404127051,1.7347234759768071e-17,-1.0755285551056204e-16,1.8665624601510444e-15,1024,1024,1.0078125,2
1174,29.350000000000001,7.492514666186548e-18,3.9227084709645975e-15,1.1492543028346347e-16,7.6772239449386429e-18,1.347349630409139e-17,-0.016090186713086041,0.016090186713087373,1.3322676295501878e-15,-0.016090186713086808,-0.016090186713086808,0,7.6674777638174874e-16,5.6551985316843911e-16,1536,1536,1.01171875,2
1175,29.375,8.0767849142025616e-18,4.2098442390176345e-15,1.1080546202801855e-16,8.6517892725908962e-18,-1.8286221339204992e-17,-0.014272320166973884,0.014272320166974772,8.8817841970012523e-16,-0.014272320166973171,-0.014272320166973175,3.4694469519536142e-18,-7.1297134862646772e-16,1.5976803213746393e-15,2560,2560,1.01953125,2
1176,29.400000000000002,8.4173156187428055e-18,4.3657126922696491e-15,1.2490009027033011e-16,9.1540089829727465e-18,3.9616288417967631e-17,-0.012448276335582875,0.012448276335582875,0,-0.012448276335582129,-0.012448276335582131,1.7347234759768071e-18,-7.4593109467002705e-16,7.4419637119405024e-16,2048,2048,1.015625,2
1177,29.425000000000001,8.6133308893954585e-18,4.4462865864868519e-15,1.2880321809127793e-16,9.5107149994086534e-18,-8.5608947859322224e-18,-0.010606582043184432,0.01060658204318532,8.8817841970012523e-16,-0.010606582043184867,-0.010606582043184865,-1.7347234759768071e-18,4.3541559247017858e-16,4.5449755070592346e-16,1536,1536,1.01171875,2
1178,29.450000000000003,9.357273618379603e-18,4.813530485178781e-15,1.345494896054511e-16,1.0864530360262046e-17,7.5663815974454099e-17,-0.0087895358129834733,0.0087895358129839174,4.4408920985006262e-16,-0.008789535812983567,-0.0087895358129835583,-8.6736173798840355e-18,9.3675067702747583e-17,3.5908775952719907e-16,2048,2048,1.015625,2
1179,29.475000000000001,9.4106321940548704e-18,4.8247668337693907e-15,1.2923689896027213e-16,1.1030457630147084e-17,-1.7505670607329192e-17,-0.0070017913686442057,0.0070017913686446498,4.4408920985006262e-16,-0.0070017913686439585,-0.0070017913686439481,-1.0408340855860843e-17,-2.4719809532669501e-16,7.0169564603261847e-16,2560,2560,1.01953125,2
1180,29.5,9.3340212515061702e-18,4.7712906669991709e-15,1.2793585635328952e-16,1.1051600844817731e-17,7.9358110574196031e-17,-0.0053839050257895593,0.0053839050257900034,4.4408920985006262e-16,-0.0053839050257896036,-0.0053839050257896105,6.9388939039072284e-18,4.4235448637408581e-17,3.9291486730874681e-16,2048,2048,1.015625,2
1181,29.525000000000002,1.0581721177126982e-17,5.3917381848612266e-15,1.2511693070482721e-16,1.2809956780422299e-17,2.890628450971649e-18,-0.003936569040369875,0.0039365690403712073,1.3322676295501878e-15,-0.0039365690403706365,-0.0039365690403706322,-4.3368086899420177e-18,7.6154360595381831e-16,5.7506083228631155e-16,2560,2560,1.01953125,2
1182,29.550000000000001,1.1563700171146065e-17,5.8797647848646345e-15,1.2403272853234171e-16,1.4438228263719337e-17,1.4561790993660637e-16,-0.0026236110666228996,0.0026236110666228996,0,-0.0026236110666228983,-0.002623611066622897,-1.3010426069826053e-18,-1.3010426069826053e-18,2.6020852139652106e-18,1024,1024,1.0078125,2
1183,29.575000000000003,1.219434944346887e-17,6.1950547489693709e-15,1.4203048459560108e-16,1.5129133238401095e-17,1.5744983990970546e-16,-0.0014714685910277581,0.0014714685910286462,8.8817841970012523e-16,-0.0014714685910277568,-0.0014714685910277607,3.903127820947816e-18,-1.3010426069826053e-18,8.8557633448616002e-16,1536,1536,1.01171875,2
1184,29.600000000000001,1.1572698658397928e-17,5.878100794959625e-15,1.3314002678121994e-16,1.4307330964288307e-17,6.043075153715124e-17,-0.00039266169405927087,0.00039266169406015905,8.8817841970012523e-16,-0.00039266169405986664,-0.00039266169405985802,-8.6194072712597603e-18,5.9576909378078469e-16,3.0102873319060031e-16,2560,2560,1.01953125,2
1185,29.625,1.341064870361008e-17,6.8094056010485842e-15,1.3791051634015616e-16,1.7646696552936991e-17,1.5184453527029066e-16,0.00059053445585099951,-0.0005905344558514436,-4.4408920985006262e-16,0.00059053445585137724,0.00059053445585136597,1.1275702593849246e-17,-3.7773603689394974e-16,-7.7628875549962117e-17,1536,1536,1.01171875,2
1186,29.650000000000002,1.4733726041167144e-17,7.4805646259238226e-15,1.3964523981613297e-16,1.9478966982859734e-17,1.4050854177788085e-16,0.00142652096632645,-0.0014265209663260059,4.4408920985006262e-16,0.0014265209663258491,0.0014265209663258465,2.6020852139652106e-18,6.0086484399146656e-16,-1.5937771935536915e-16,2048,2048,1.015625,2
1187,29.675000000000001,1.3160401429562218e-17,6.6895026431119757e-15,1.4094628242311558e-16,1.6414441174170348e-17,-4.7436292041275957e-18,0.0021392221198262007,-0.0021392221198270889,-8.8817841970012523e-16,0.0021392221198273413,0.0021392221198273335,7.8062556418956319e-18,-1.1405806854547507e-15,2.445960101127298e-16,2560,2560,1.01953125,2
1188,29.700000000000003,1.3648991503076182e-17,6.9521973722963711e-15,1.3530843112619095e-16,1.7124203136879955e-17,-8.3620617889418958e-17,0.0027646412986666036,-0.0027646412986643831,2.2204460492503131e-15,0.002764641298665303,0.0027646412986653056,-2.6020852139652106e-18,1.3006089261136111e-15,9.2243920835066717e-16,1536,1536,1.01171875,2
1189,29.725000000000001,1.3776460742061601e-17,7.0308633320415864e-15,1.3921155894713877e-16,1.7244531368678637e-17,-2.3175323706677065e-18,0.0033583769739315983,-0.0033583769739342628,-2.6645352591003757e-15,0.0033583769739330919,0.0033583769739330928,-8.6736173798840355e-19,-1.4935969128160309e-15,-1.1700709845463564e-15,1536,1536,1.01171875,2
1190,29.75,1.5710656416528897e-17,8.0335663288611783e-15,1.5785983631388945e-16,2.0155540313894e-17,1.4054299307321687e-16,0.0039309410014869428,-0.0039309410014869428,0,0.0039309410014865803,0.0039309410014865794,8.6736173798840355e-19,3.6255720647915268e-16,-3.6342456821714109e-16,2560,2560,1.01953125,2
1191,29.775000000000002,1.497512702470399e-17,7.6766458907382332e-15,1.717376241217039e-16,1.9266471779819162e-17,7.4987146812146541e-17,0.0044810831212611646,-0.0044810831212598323,1.3322676295501878e-15,0.0044810831212599806,0.0044810831212599624,1.8214596497756474e-17,1.1839487723541708e-15,1.3010426069826053e-16,1536,1536,1.01171875,2
1192,29.800000000000001,1.7555548516259028e-17,9.0321431927591967e-15,1.6826817716975029e-16,2.3265136738468956e-17,1.382095531539273e-16,0.0049856133406649406,-0.0049856133406658287,-8.8817841970012523e-16,0.0049856133406647376,0.0049856133406647393,-1.7347234759768071e-18,2.0296264668928643e-16,-1.0894063429134349e-15,2560,2560,1.01953125,2
1193,29.825000000000003,1.5830128415593907e-17,8.1804041778743774e-15,1.6393136847980827e-16,1.9986025984168355e-17,9.939851132361239e-17,0.0053648936327075347,-0.005364893632708867,-1.3322676295501878e-15,0.005364893632708488,0.0053648936327084706,1.7347234759768071e-17,-9.532305500492555e-16,-3.9638431426070042e-16,2048,2048,1.015625,2
1194,29.850000000000001,1.5878487314808576e-17,8.252154969613106e-15,1.5471565001368148e-16,2.012810275882501e-17,-1.0956517366139517e-16,0.005612862762239601,-0.0056128627622409333,-1.3322676295501878e-15,0.0056128627622402151,0.0056128627622401926,2.2551405187698492e-17,-6.1409211049578971e-16,-7.4072692424209663e-16,512,512,1.00390625,2
1195,29.875,1.6775535995284965e-17,8.7911501496602432e-15,1.6653345369377348e-16,2.1841323054393042e-17,5.9282460106737934e-17,0.005831094688149463,-0.0058310946881485748,8.8817841970012523e-16,0.0058310946881484933,0.0058310946881484872,6.0715321659188248e-18,9.6971042307103517e-16,-8.7603535536828758e-17,3584,3584,1.02734375,2
1196,29.900000000000002,1.7029070434112492e-17,9.0008211770436428e-15,1.6609977282477928e-16,2.1985176638854855e-17,7.5680914536025369e-17,0.00603355497417013,-0.0060335549741719063,-1.7763568394002505e-15,0.0060335549741707484,0.0060335549741707406,7.8062556418956319e-18,-6.1842891918573173e-16,-1.1657341758564144e-15,3584,3584,1.02734375,2
1197,29.925000000000001,1.7260373013216188e-17,9.1967159118599455e-15,1.7244235553381948e-16,2.2612364211241802e-17,-6.7256118795119162e-17,0.0061731514366467621,-0.0061731514366472062,-4.4408920985006262e-16,0.0061731514366464733,0.0061731514366464586,1.474514954580286e-17,2.8883145875013838e-16,-7.4766581814600386e-16,2048,2048,1.015625,2
1198,29.950000000000003,1.7824168563581165e-17,9.5833471892581397e-15,1.8474805019152996e-16,2.2981987903407168e-17,5.9874997167992061e-17,0.006297094177551088,-0.0062970941775524203,-1.3322676295501878e-15,0.0062970941775513968,0.0062970941775513769,1.9949319973733282e-17,-3.0878077872387166e-16,-1.0434361708000495e-15,1024,1024,1.0078125,2
1199,29.975000000000001,1.8076041106248789e-17,9.8351482580217041e-15,1.6740081543176188e-16,2.3207619736239105e-17,6.1085798687089343e-17,0.0064065827602597381,-0.006406582760259294,4.4408920985006262e-16,0.0064065827602587241,0.0064065827602587519,-2.7755575615628914e-17,1.0139458717084437e-15,-5.4210108624275222e-16,2048,2048,1.015625,2
1200,30,1.8666425173433908e-17,1.0273740076971926e-14,1.6826817716975029e-16,2.4216214065832613e-17,1.0625755036241672e-16,0.0065229297443956114,-0.0065229297443969436,-1.3322676295501878e-15,0.0065229297443958533,0.0065229297443958395,1.3877787807814457e-17,-2.4199392489876459e-16,-1.1041514924592377e-15,1024,1024,1.0078125,2
